{"horaElaboracao": "18:14", "turnoOcorrencia": "EM HORA INCERTA", "partesEnvolvidas": [{"naturalidade": "MORUNGABA -SP", "estadoCivil": "Convivente", "naturezasEnvolvidas": "Homic\u00eddio qualificado (art. 121, \u00a72o.)", "tipoEnvolvimento": "V\u00edtima", "nome": "ROSELI PINHEIRO DOS SANTOS", "instrucao": "2 Grau completo", "profissao": "ENCARREGADO", "nacionalidade": "BRASILEIRA", "sexo": "Feminino", "idade": "31", "rg": "41511100-SP", "dataNascimento": "29/09/1982", "cutis": "Parda"}], "idBO": "2014-70403-2752", "naturezas": [{"especie": "T\u00edtulo I - Pessoa (arts. 121 a 154)", "descricao": "Homic\u00eddio qualificado (art. 121, \u00a72o.)"}], "flagrante": "Sim", "lon": -45.538758, "dataComunicacao": "30/05/2014", "solucao": "BO PARA FLAGRANTE", "local": "RUA RUA BENVINDA MARTINS CEOLIN, 49 - TERRA NOVA - ITATIBA - SP", "categoria": "HOMICIDIO_DOLOSO", "dataOcorrencia": "30/05/2014", "examesRequisitados": "IC-IML", "idDelegacia": "70403", "numero": "2752", "dataElaboracao": "30/05/2014", "tipoLocal": "Resid\u00eancia", "lat": -23.0295331, "horaComunicacao": "18:10", "tipoBoletim": "Principal", "circunscricao": "DEL.POL.ITATIBA", "dependencia": "DEL.POL.ITATIBA"}