{"horaElaboracao": "09:36", "turnoOcorrencia": "PELA MANH\u00c3", "partesEnvolvidas": [{"naturalidade": "IPOJUCA -PE", "estadoCivil": "Solteiro", "naturezasEnvolvidas": "Homic\u00eddio simples (art. 121)", "tipoEnvolvimento": "V\u00edtima", "nome": "JOSE SILVESTRE DA SILVA", "instrucao": "1 Grau completo", "nacionalidade": "BRASILEIRA", "sexo": "Masculino", "idade": "49", "rg": "52660108-SP", "dataNascimento": "03/08/1964", "cutis": "Parda"}], "idBO": "2014-10356-2246", "naturezas": [{"especie": "T\u00edtulo I - Pessoa (arts. 121 a 154)", "descricao": "Homic\u00eddio simples (art. 121)"}], "flagrante": "N\u00e3o", "lon": -46.7476177, "dataComunicacao": "09/03/2014", "solucao": "ENCAMINHAMENTO DP \u00c1REA DO FATO", "local": "R JOSE MARIA PINTO ZILLI, 397 - CAMPO LIMPO - S.PAULO - SP", "categoria": "HOMICIDIO_DOLOSO", "dataOcorrencia": "09/03/2014", "examesRequisitados": "IC-IML", "idDelegacia": "10356", "numero": "2246", "dataElaboracao": "09/03/2014", "tipoLocal": "Via p\u00fablica", "lat": -23.6190497, "horaComunicacao": "09:07", "tipoBoletim": "Principal", "circunscricao": "37\u00ba D.P. CAMPO LIMPO", "dependencia": "89\u00ba D.P. JARDIM TABOAO"}