{"horaElaboracao": "04:10", "turnoOcorrencia": "DE MADRUGADA", "partesEnvolvidas": [{"naturalidade": "S.PAULO -SP", "estadoCivil": "Solteiro", "naturezasEnvolvidas": "Homic\u00eddio simples (art. 121)", "tipoEnvolvimento": "V\u00edtima", "nome": "ROGER MARIN NAKAZA", "instrucao": "Superior completo", "profissao": "ADMINISTRADOR(A)", "nacionalidade": "BRASILEIRA", "sexo": "Masculino", "idade": "24", "rg": "32615894-SP", "dataNascimento": "29/12/1989", "cutis": "Amarela"}], "idBO": "2014-10330-6074", "naturezas": [{"especie": "L 9503/97 - C\u00f3digo de Tr\u00e2nsito Brasileiro", "descricao": "Embriaguez ao volante (Art. 306)"}, {"especie": "T\u00edtulo I - Pessoa (arts. 121 a 154)", "descricao": "Homic\u00eddio simples (art. 121)"}], "flagrante": "Sim", "lon": -46.68372660000001, "dataComunicacao": "24/06/2014", "solucao": "BO PARA FLAGRANTE", "local": "AVENIDA PADRE ANTONIO JOSE DOS SANTOS, 495 - ITAIM BIBI - S.PAULO - SP", "categoria": "HOMICIDIO_DOLOSO", "dataOcorrencia": "24/06/2014", "examesRequisitados": "IC-IML", "idDelegacia": "10330", "numero": "6074", "dataElaboracao": "24/06/2014", "tipoLocal": "Via p\u00fablica", "lat": -23.6127102, "horaComunicacao": "04:09", "tipoBoletim": "Principal", "circunscricao": "96\u00ba D.P. MON\u00c7\u00d5ES", "dependencia": "27\u00ba D.P. IBIRAPUERA"}