{"horaElaboracao": "22:22", "turnoOcorrencia": "A NOITE", "partesEnvolvidas": [{"naturalidade": "S RAIMUNDO NONATO PE", "estadoCivil": "Casado", "naturezasEnvolvidas": "Homic\u00eddio simples (art. 121)", "tipoEnvolvimento": "V\u00edtima", "nome": "RAIMUNDO NONATO NUNES FERREIRA", "profissao": "PEDREIRO", "nacionalidade": "BRASILEIRA", "sexo": "Masculino", "idade": "24", "rg": "3092322-PI", "dataNascimento": "28/09/1989", "cutis": "Branca"}], "idBO": "2014-30307-1794", "naturezas": [{"especie": "T\u00edtulo I - Pessoa (arts. 121 a 154)", "descricao": "Homic\u00eddio simples (art. 121)"}], "flagrante": "N\u00e3o", "lon": -46.2281003, "dataComunicacao": "20/04/2014", "solucao": "APRECIA\u00c7\u00c3O DO DELEGADO TITULAR", "local": "AVENIDA DAS NA\u00c7OES, 146 - JR OROPO - MOGI DAS CRUZES - SP", "categoria": "HOMICIDIO_DOLOSO", "dataOcorrencia": "20/04/2014", "examesRequisitados": "IC-IML", "idDelegacia": "30307", "numero": "1794", "dataElaboracao": "20/04/2014", "tipoLocal": "Resid\u00eancia", "lat": -23.5738156, "horaComunicacao": "22:03", "tipoBoletim": "Principal", "circunscricao": "02\u00ba D.P. MOGI DAS CRUZES", "dependencia": "02\u00ba D.P. MOGI DAS CRUZES"}