{"horaElaboracao": "06:22", "turnoOcorrencia": "DE MADRUGADA", "partesEnvolvidas": [{"naturalidade": "VITORIA DE SANTO ANTAO", "naturezasEnvolvidas": "Homic\u00eddio simples (art. 121)", "tipoEnvolvimento": "V\u00edtima", "nome": "ALDAIR DE ANDRADE SANTOS", "nacionalidade": "BRASILEIRA", "sexo": "Masculino", "idade": "21", "rg": "0042959538-SP", "dataNascimento": "15/09/1993", "cutis": "Parda"}], "idBO": "2014-200100-907", "nomeDelegaciaBoPrincipal": "13\u00ba D.P. CASA VERDE", "naturezas": [{"especie": "T\u00edtulo I - Pessoa (arts. 121 a 154)", "descricao": "Homic\u00eddio simples (art. 121)"}, {"especie": "T\u00edtulo I - Pessoa (arts. 121 a 154)", "descricao": "Homic\u00eddio simples (art. 121)"}], "flagrante": "N\u00e3o", "lon": -46.6850856, "dataComunicacao": "25/12/2014", "solucao": "BO PARA INQU\u00c9RITO", "numeroBoPrincipal": "13201", "categoria": "HOMICIDIO_DOLOSO", "dataOcorrencia": "25/12/2014", "examesRequisitados": "IC-IML", "idDelegacia": "200100", "numero": "907", "tipoBoletim": "Complementar", "dataElaboracao": "25/12/2014", "tipoLocal": "Via p\u00fablica", "lat": -23.4908905, "horaComunicacao": "06:21", "anoBoPrincipal": "2014", "circunscricao": "28\u00ba D.P. FREGUESIA DO O", "local": "AVENIDA INAJAR DE SOUZA, 1700 - FREGUESIA DO O - S.PAULO - SP", "dependencia": "DHPP DIV. HOMICIDIOS"}