{"horaElaboracao": "10:37", "turnoOcorrencia": "PELA MANH\u00c3", "partesEnvolvidas": [{"idade": "0", "naturezasEnvolvidas": "Homic\u00eddio simples (art. 121)", "cutis": "Branca", "sexo": "Masculino"}], "idBO": "2014-30217-5722", "naturezas": [{"especie": "T\u00edtulo I - Pessoa (arts. 121 a 154)", "descricao": "Homic\u00eddio simples (art. 121)"}], "flagrante": "N\u00e3o", "lon": -46.399417, "dataComunicacao": "07/08/2014", "solucao": "APRECIA\u00c7\u00c3O DO DELEGADO TITULAR", "local": "RUA FL\u00d4R DE L\u00d3TUS - MATO DAS COBRAS - GUARULHOS - SP", "categoria": "HOMICIDIO_DOLOSO", "dataOcorrencia": "07/08/2014", "examesRequisitados": "IC-IML", "idDelegacia": "30217", "numero": "5722", "dataElaboracao": "07/08/2014", "tipoLocal": "Via p\u00fablica", "lat": -23.3810301, "horaComunicacao": "10:34", "tipoBoletim": "Principal", "circunscricao": "07\u00ba D.P. GUARULHOS", "dependencia": "07\u00ba D.P. GUARULHOS"}