{"horaElaboracao": "11:54", "turnoOcorrencia": "EM HORA INCERTA", "partesEnvolvidas": [{"naturalidade": "GUARARAPES -SP", "estadoCivil": "Solteiro", "naturezasEnvolvidas": "Homic\u00eddio qualificado (art. 121, \u00a72o.), Suic\u00eddio consumado", "tipoEnvolvimento": "Autor/Vitima", "nome": "ROBERTO ALVES DE OLIVEIRA", "instrucao": "1 Grau completo", "profissao": "PEDREIRO", "sexo": "Masculino", "idade": "42", "rg": "23405778-SP", "dataNascimento": "05/09/1972", "cutis": "Parda"}, {"naturalidade": "GUARARAPES -SP", "estadoCivil": "Divorciado", "naturezasEnvolvidas": "Homic\u00eddio qualificado (art. 121, \u00a72o.)", "tipoEnvolvimento": "V\u00edtima", "nome": "CELIA CRISTINA MORENGUE LEAL", "profissao": "ACOUGUEIRO(A)", "nacionalidade": "BRASILEIRA", "sexo": "Feminino", "idade": "41", "rg": "32640131-SP", "dataNascimento": "31/01/1973", "cutis": "Branca"}], "idBO": "2014-50215-2122", "naturezas": [{"especie": "T\u00edtulo I - Pessoa (arts. 121 a 154)", "descricao": "Homic\u00eddio qualificado (art. 121, \u00a72o.)"}, {"especie": "Suic\u00eddio", "descricao": "Suic\u00eddio consumado"}], "flagrante": "N\u00e3o", "lon": -46.6496928, "dataComunicacao": "13/12/2014", "solucao": "APRECIA\u00c7\u00c3O DO DELEGADO TITULAR", "local": "RUA ESTRADA DO CAETANINHO - FRUTAL - GUARARAPES - SP", "categoria": "HOMICIDIO_DOLOSO", "dataOcorrencia": "12/12/2014", "examesRequisitados": "IC-IML", "idDelegacia": "50215", "numero": "2122", "dataElaboracao": "13/12/2014", "tipoLocal": "Unidade rural", "lat": -23.4885388, "horaComunicacao": "11:33", "tipoBoletim": "Principal", "circunscricao": "DEL.POL.GUARARAPES", "dependencia": "DEL.POL.GUARARAPES"}