{"horaElaboracao": "03:59", "turnoOcorrencia": "A NOITE", "partesEnvolvidas": [{"naturalidade": "S.PAULO -SP", "estadoCivil": "Solteiro", "naturezasEnvolvidas": "Homic\u00eddio simples (art. 121)", "tipoEnvolvimento": "V\u00edtima", "nome": "EDMAR SANTIAGO ALVES DOS SANTOS", "instrucao": "1 Grau completo", "nacionalidade": "BRASILEIRA", "sexo": "Masculino", "idade": "30", "rg": "41065280-SP", "dataNascimento": "08/10/1983", "cutis": "Parda"}], "idBO": "2014-200100-650", "nomeDelegaciaBoPrincipal": "13\u00ba D.P. CASA VERDE", "naturezas": [{"especie": "T\u00edtulo I - Pessoa (arts. 121 a 154)", "descricao": "Homic\u00eddio simples (art. 121)"}], "flagrante": "N\u00e3o", "lon": -46.65160110000001, "dataComunicacao": "16/09/2014", "solucao": "BO PARA INQU\u00c9RITO", "numeroBoPrincipal": "9738", "categoria": "HOMICIDIO_DOLOSO", "dataOcorrencia": "15/09/2014", "idDelegacia": "200100", "numero": "650", "tipoBoletim": "Complementar", "dataElaboracao": "16/09/2014", "tipoLocal": "Via p\u00fablica", "lat": -23.4911986, "horaComunicacao": "03:57", "anoBoPrincipal": "2014", "circunscricao": "13\u00ba D.P. CASA VERDE", "local": "RUA PADRE JOAO GUALBERTO, 356 - CASA VERDE - S.PAULO - SP", "dependencia": "DHPP DIV. HOMICIDIOS"}