{"horaElaboracao": "10:30", "turnoOcorrencia": "DE MADRUGADA", "partesEnvolvidas": [{"tipoEnvolvimento": "V\u00edtima", "nome": "DESCONHECIDO", "cutis": "Parda", "sexo": "Masculino", "idade": "0", "naturezasEnvolvidas": "Homic\u00eddio simples (art. 121)"}], "idBO": "2014-30404-1317", "naturezas": [{"especie": "T\u00edtulo I - Pessoa (arts. 121 a 154)", "descricao": "Homic\u00eddio simples (art. 121)"}], "flagrante": "N\u00e3o", "lon": -46.8330717, "dataComunicacao": "06/04/2014", "solucao": "BO PARA INVESTIGA\u00c7\u00c3O", "local": "AVENIDA DEZOITO DE JULHO, 100 - JARDIM VISTA ALEGRE - EMBU - SP", "categoria": "HOMICIDIO_DOLOSO", "dataOcorrencia": "06/04/2014", "examesRequisitados": "IC-IML", "idDelegacia": "30404", "numero": "1317", "dataElaboracao": "06/04/2014", "tipoLocal": "Via p\u00fablica", "lat": -23.6238378, "horaComunicacao": "10:27", "tipoBoletim": "Principal", "circunscricao": "DEL.POL.EMBU DAS ARTES", "dependencia": "DEL.POL.EMBU DAS ARTES"}