{"horaElaboracao": "11:45", "turnoOcorrencia": "A TARDE", "partesEnvolvidas": [{"naturalidade": "FERNANDOPOLIS -SP", "estadoCivil": "Solteiro", "naturezasEnvolvidas": "Homic\u00eddio simples (art. 121)", "tipoEnvolvimento": "V\u00edtima", "nome": "WILIANS DANIEL DA SILVA", "instrucao": "2 Grau completo", "nacionalidade": "BRASILEIRA", "sexo": "Masculino", "idade": "31", "rg": "41593500-SP", "dataNascimento": "08/04/1982", "cutis": "Parda"}, {"naturalidade": "S.PAULO -SP", "estadoCivil": "Solteiro", "naturezasEnvolvidas": "Homic\u00eddio simples (art. 121)", "tipoEnvolvimento": "V\u00edtima", "nome": "SERGIO SANTOS TEIXEIRA", "instrucao": "1 Grau completo", "profissao": "SERVENTE", "sexo": "Masculino", "idade": "28", "rg": "61896787-SP", "dataNascimento": "13/03/1986", "cutis": "Parda"}], "idBO": "2014-70358-455", "nomeDelegaciaBoPrincipal": "01\u00ba D.P. HORTOL\u00c2NDIA", "naturezas": [{"especie": "\u00d3bito", "descricao": "Morte suspeita"}, {"especie": "T\u00edtulo I - Pessoa (arts. 121 a 154)", "descricao": "Homic\u00eddio simples (art. 121)"}, {"especie": "T\u00edtulo I - Pessoa (arts. 121 a 154)", "descricao": "Homic\u00eddio simples (art. 121)"}], "flagrante": "N\u00e3o", "lon": -47.39859690000001, "dataComunicacao": "19/03/2014", "solucao": "BO PARA ADENDO", "numeroBoPrincipal": "442", "categoria": "HOMICIDIO_DOLOSO", "dataOcorrencia": "17/03/2014", "examesRequisitados": "IML", "idDelegacia": "70358", "numero": "455", "tipoBoletim": "Complementar", "dataElaboracao": "19/03/2014", "tipoLocal": "Estabelecimento prisional", "lat": -22.9919839, "horaComunicacao": "11:31", "anoBoPrincipal": "2014", "circunscricao": "01\u00ba D.P. HORTOL\u00c2NDIA", "local": "RODVIA CAMPINAS MONTE MOR - NOVO ANGULO - CEP: 13185150 - HORTOLANDIA - SP", "dependencia": "01\u00ba D.P. HORTOL\u00c2NDIA"}