{"horaElaboracao": "13:15", "turnoOcorrencia": "PELA MANH\u00c3", "partesEnvolvidas": [{"naturalidade": "S.PAULO -SP", "naturezasEnvolvidas": "Homic\u00eddio simples (art. 121)", "tipoEnvolvimento": "V\u00edtima", "nome": "SONIA TAKAKO YOSHII", "profissao": "TECNICO(A)", "nacionalidade": "BRASILEIRA", "sexo": "Feminino", "idade": "55", "rg": "39684744-SP", "dataNascimento": "18/07/1958", "cutis": "Amarela"}], "idBO": "2014-10106-2029", "naturezas": [{"especie": "T\u00edtulo I - Pessoa (arts. 121 a 154)", "descricao": "Homic\u00eddio simples (art. 121)"}], "flagrante": "N\u00e3o", "lon": -46.6312687, "dataComunicacao": "21/05/2014", "solucao": "BO PARA INQU\u00c9RITO", "local": "RUA BARTOLOMEU DE GUSMAO, 484 - VILA MARIANA - S.PAULO - SP", "categoria": "HOMICIDIO_DOLOSO", "dataOcorrencia": "21/05/2014", "examesRequisitados": "IML", "idDelegacia": "10106", "numero": "2029", "dataElaboracao": "21/05/2014", "tipoLocal": "Via p\u00fablica", "lat": -23.5871035, "horaComunicacao": "12:55", "tipoBoletim": "Principal", "circunscricao": "06\u00ba D.P. CAMBUCI", "dependencia": "06\u00ba D.P. CAMBUCI"}