{"horaElaboracao": "03:06", "turnoOcorrencia": "A NOITE", "partesEnvolvidas": [{"naturalidade": "MORRO AGUDO -SP", "estadoCivil": "Viuvo", "naturezasEnvolvidas": "Homic\u00eddio qualificado (art. 121, \u00a72o.)", "tipoEnvolvimento": "V\u00edtima", "nome": "LUCI BOCARDO MARQUES", "instrucao": "1 Grau completo", "nacionalidade": "BRASILEIRA", "sexo": "Feminino", "idade": "51", "rg": "22758465-SP", "dataNascimento": "03/06/1963", "cutis": "Branca"}], "idBO": "2014-100919-13573", "nomeDelegaciaBoPrincipal": "CENTRAL POL. JUD. RIB. PRETO", "naturezas": [{"especie": "T\u00edtulo I - Pessoa (arts. 121 a 154)", "descricao": "Homic\u00eddio qualificado (art. 121, \u00a72o.)"}], "flagrante": "N\u00e3o", "lon": -47.7995567, "dataComunicacao": "26/10/2014", "solucao": "BO PARA ADENDO", "numeroBoPrincipal": "13564", "categoria": "HOMICIDIO_DOLOSO", "dataOcorrencia": "25/10/2014", "examesRequisitados": "IC-IML", "idDelegacia": "100919", "numero": "13573", "tipoBoletim": "Complementar", "dataElaboracao": "26/10/2014", "tipoLocal": "Resid\u00eancia", "lat": -21.1407417, "horaComunicacao": "03:03", "anoBoPrincipal": "2014", "circunscricao": "05\u00ba D.P. RIBEIRAO PRETO", "local": "RUA AM\u00c9RICO R\u00c9IS, 331 - PQ INDUSTRIAL TANQUINHO - RIBEIRAO PRETO - SP", "dependencia": "CENTRAL POL. JUD. RIB. PRETO"}