{"horaElaboracao": "10:15", "turnoOcorrencia": "DE MADRUGADA", "partesEnvolvidas": [{"naturalidade": "S.ANDRE -SP", "estadoCivil": "Solteiro", "naturezasEnvolvidas": "Homic\u00eddio simples (art. 121)", "tipoEnvolvimento": "V\u00edtima", "nome": "RODRIGO SYLVESTRE DINI", "profissao": "SERVENTE", "cutis": "Branca", "idade": "29", "rg": "40017313-SP", "dataNascimento": "19/10/1984"}], "idBO": "2014-30107-1543", "naturezas": [{"especie": "T\u00edtulo I - Pessoa (arts. 121 a 154)", "descricao": "Homic\u00eddio simples (art. 121)"}], "flagrante": "N\u00e3o", "lon": -46.42591179999999, "dataComunicacao": "27/06/2014", "solucao": "AGUARDANDO LAUDOS", "local": "RUA CAMUTANGA, 7 - CLUBE DE CAMPO - S.ANDRE - SP", "categoria": "HOMICIDIO_DOLOSO", "dataOcorrencia": "27/06/2014", "examesRequisitados": "IML", "idDelegacia": "30107", "numero": "1543", "dataElaboracao": "27/06/2014", "tipoLocal": "Resid\u00eancia", "lat": -23.5657118, "horaComunicacao": "10:08", "tipoBoletim": "Principal", "circunscricao": "06\u00ba D.P. SANTO ANDR\u00c9", "dependencia": "06\u00ba D.P. SANTO ANDR\u00c9"}