{"horaElaboracao": "13:06", "turnoOcorrencia": "PELA MANH\u00c3", "partesEnvolvidas": [{"naturalidade": "S.JOSE DOS CAMPOS -SP", "estadoCivil": "Solteiro", "naturezasEnvolvidas": "Homic\u00eddio qualificado (art. 121, \u00a72o.)", "tipoEnvolvimento": "V\u00edtima", "nome": "EDMILSON DOS SANTOS", "instrucao": "1 Grau incompleto", "profissao": "SERVENTE", "nacionalidade": "BRASILEIRA", "sexo": "Masculino", "idade": "25", "rg": "45553781-SP", "dataNascimento": "25/05/1988", "cutis": "Branca"}], "idBO": "2014-130310-2257", "naturezas": [{"especie": "T\u00edtulo I - Pessoa (arts. 121 a 154)", "descricao": "Homic\u00eddio qualificado (art. 121, \u00a72o.)"}], "flagrante": "N\u00e3o", "lon": -45.7765081, "dataComunicacao": "20/04/2014", "solucao": "APRECIA\u00c7\u00c3O DO DELEGADO TITULAR", "local": "RUA JUVENAL SANTOS - RESIDENCIAL GALO BRANCO - S.JOSE DOS CAMPOS - SP", "categoria": "HOMICIDIO_DOLOSO", "dataOcorrencia": "20/04/2014", "examesRequisitados": "IC-IML", "idDelegacia": "130310", "numero": "2257", "dataElaboracao": "20/04/2014", "tipoLocal": "Via p\u00fablica", "lat": -23.1427806, "horaComunicacao": "13:04", "tipoBoletim": "Principal", "circunscricao": "05\u00ba D.P. S.JOSE DOS CAMPOS", "dependencia": "01\u00ba D.P. S.JOSE DOS CAMPOS"}