{"horaElaboracao": "10:27", "turnoOcorrencia": "DE MADRUGADA", "partesEnvolvidas": [{"naturalidade": "PEDRO DE TOLEDO -SP", "estadoCivil": "Convivente", "naturezasEnvolvidas": "Roubo (art. 157), Localiza\u00e7\u00e3o/Apreens\u00e3o de ve\u00edculo", "tipoEnvolvimento": "V\u00edtima", "nome": "JOSE VALMIR OTAVIO DO NASCIMENTO", "instrucao": "2 Grau completo", "profissao": "EMPRESARIO(A)", "nacionalidade": "BRASILEIRA", "sexo": "Masculino", "idade": "53", "rg": "13797500-SP", "dataNascimento": "26/03/1961", "cutis": "Branca"}], "idBO": "2014-10211-13169", "nomeDelegaciaBoPrincipal": "11\u00ba D.P. SANTO AMARO", "naturezas": [{"especie": "T\u00edtulo II - Patrim\u00f4nio (arts. 155 a 183)", "desdobramentos": "\u00a73o. Se da viol\u00eancia resulta morte:", "descricao": "Roubo (art. 157)"}, {"especie": "Localiza\u00e7\u00e3o e/ou Devolu\u00e7\u00e3o", "descricao": "Localiza\u00e7\u00e3o/Apreens\u00e3o de ve\u00edculo"}], "flagrante": "N\u00e3o", "lon": -46.6738068, "dataComunicacao": "02/11/2014", "solucao": "BO PARA ADENDO", "numeroBoPrincipal": "13166", "categoria": "LATROCINIO", "dataOcorrencia": "02/11/2014", "examesRequisitados": "IC-IML", "idDelegacia": "10211", "numero": "13169", "tipoBoletim": "Complementar", "dataElaboracao": "02/11/2014", "tipoLocal": "Via p\u00fablica", "lat": -23.6402922, "horaComunicacao": "10:25", "anoBoPrincipal": "2014", "circunscricao": "11\u00ba D.P. SANTO AMARO", "local": "AVENIDA WASHINGTON LUIS, 55556 - SANTO AMARO - S.PAULO - SP", "dependencia": "11\u00ba D.P. SANTO AMARO"}