{"horaElaboracao": "11:08", "turnoOcorrencia": "A TARDE", "partesEnvolvidas": [{"idade": "0", "naturezasEnvolvidas": "Homic\u00eddio simples (art. 121)", "cutis": "Parda", "sexo": "Masculino"}], "idBO": "2014-130421-60", "nomeDelegaciaBoPrincipal": "DEL.INV.GER. TAUBATE", "naturezas": [{"especie": "T\u00edtulo I - Pessoa (arts. 121 a 154)", "descricao": "Homic\u00eddio simples (art. 121)"}], "flagrante": "N\u00e3o", "lon": -48.7780959, "dataComunicacao": "06/02/2014", "solucao": "BO PARA REGISTRO", "numeroBoPrincipal": "56", "categoria": "HOMICIDIO_DOLOSO", "dataOcorrencia": "01/02/2014", "examesRequisitados": "IML", "idDelegacia": "130421", "numero": "60", "tipoBoletim": "Complementar", "dataElaboracao": "06/02/2014", "tipoLocal": "Unidade rural", "lat": -22.1943942, "horaComunicacao": "11:05", "anoBoPrincipal": "2014", "circunscricao": "03\u00ba D.P. TAUBATE", "local": "ESTRADA MUNICIPAL ANTONIO DE ANGELIS, 2699 - BARACEIA - TAUBATE - SP", "dependencia": "DEL.INV.GER. TAUBATE"}