{"horaElaboracao": "17:59", "turnoOcorrencia": "PELA MANH\u00c3", "partesEnvolvidas": [{"naturezasEnvolvidas": "Homic\u00eddio qualificado (art. 121, \u00a72o.), Destrui\u00e7\u00e3o, subtra\u00e7\u00e3o ou oculta\u00e7\u00e3o de cad\u00e1ver (art. 211)", "cutis": "Branca"}], "idBO": "2014-200100-208", "nomeDelegaciaBoPrincipal": "78\u00ba D.P. JARDINS", "naturezas": [{"especie": "T\u00edtulo I - Pessoa (arts. 121 a 154)", "descricao": "Homic\u00eddio qualificado (art. 121, \u00a72o.)"}, {"especie": "T\u00edtulo V - Sentimento religioso e respeito aos mortos (arts. 208 a 212)", "descricao": "Destrui\u00e7\u00e3o, subtra\u00e7\u00e3o ou oculta\u00e7\u00e3o de cad\u00e1ver (art. 211)"}], "flagrante": "N\u00e3o", "lon": -46.6578199, "dataComunicacao": "23/03/2014", "solucao": "BO PARA ADENDO", "numeroBoPrincipal": "2464", "categoria": "HOMICIDIO_DOLOSO", "dataOcorrencia": "23/03/2014", "examesRequisitados": "IC-IML", "idDelegacia": "200100", "numero": "208", "tipoBoletim": "Complementar", "dataElaboracao": "23/03/2014", "tipoLocal": "Via p\u00fablica", "lat": -23.5479334, "horaComunicacao": "17:58", "anoBoPrincipal": "2014", "circunscricao": "04\u00ba D.P. CONSOLA\u00c7\u00c3O", "local": "R SERGIPE - - S.PAULO - SP", "dependencia": "DHPP DIV. HOMICIDIOS"}