{"horaElaboracao": "17:14", "turnoOcorrencia": "A TARDE", "partesEnvolvidas": [{"tipoEnvolvimento": "V\u00edtima", "nome": "DESCONHECIDO", "cutis": "Branca", "sexo": "Masculino", "idade": "0", "naturezasEnvolvidas": "Homic\u00eddio simples (art. 121)"}], "idBO": "2014-200100-300", "nomeDelegaciaBoPrincipal": "26\u00ba D.P. SACOMA", "naturezas": [{"especie": "T\u00edtulo I - Pessoa (arts. 121 a 154)", "descricao": "Homic\u00eddio simples (art. 121)"}], "flagrante": "N\u00e3o", "lon": -46.5951347, "dataComunicacao": "19/04/2014", "solucao": "BO PARA INQU\u00c9RITO", "numeroBoPrincipal": "3446", "categoria": "HOMICIDIO_DOLOSO", "dataOcorrencia": "19/04/2014", "examesRequisitados": "IC-IML", "idDelegacia": "200100", "numero": "300", "tipoBoletim": "Complementar", "dataElaboracao": "19/04/2014", "tipoLocal": "Via p\u00fablica", "lat": -23.6128843, "horaComunicacao": "17:13", "anoBoPrincipal": "2014", "circunscricao": "95\u00ba D.P. HELI\u00d3POLIS", "local": "RUA SANTA FE, 18 - SACOMA - S.PAULO - SP", "dependencia": "DHPP DIV. HOMICIDIOS"}