{"categoria": "HOMICIDIO_DOLOSO", "dependencia": "DEL.POL.EMBU DAS ARTES", "naturezas": [{"especie": "T\u00edtulo I - Pessoa (arts. 121 a 154)", "desdobramentos": "II - por motivo f\u00fatil", "descricao": "Homic\u00eddio qualificado (art. 121, \u00a72o.)"}, {"especie": "T\u00edtulo VI - Dignidade Sexual (arts 213 a 234)", "descricao": "Estupro (art.213)"}, {"especie": "T\u00edtulo II - Patrim\u00f4nio (arts. 155 a 183)", "descricao": "Furto (art. 155)"}], "circunscricao": "01\u00ba D.P. EMBU DAS ARTES", "partesEnvolvidas": [], "dataOcorrencia": "02/04/2014", "examesRequisitados": "IC-IML", "lon": "", "idDelegacia": "30404", "horaElaboracao": "04:11", "flagrante": "Sim", "numero": "1273", "dataComunicacao": "03/04/2014", "dataElaboracao": "03/04/2014", "tipoBoletim": "Principal", "turnoOcorrencia": "A NOITE", "idBO": "2014-30404-1273", "lat": "", "solucao": "BO PARA FLAGRANTE", "horaComunicacao": "04:10"}