{"horaElaboracao": "10:18", "turnoOcorrencia": "DE MADRUGADA", "partesEnvolvidas": [{"naturalidade": "S.PAULO -SP", "estadoCivil": "Solteiro", "naturezasEnvolvidas": "Homic\u00eddio simples (art. 121)", "tipoEnvolvimento": "V\u00edtima", "nome": "THIAGO GOMES DE CAMPOS", "instrucao": "1 Grau completo", "profissao": "AJUDANTE", "nacionalidade": "BRASILEIRA", "sexo": "Masculino", "idade": "27", "rg": "43786747-SP", "dataNascimento": "25/06/1986", "cutis": "Branca"}, {"naturalidade": "S.PAULO -SP", "estadoCivil": "Solteiro", "naturezasEnvolvidas": "Homic\u00eddio simples (art. 121)", "tipoEnvolvimento": "V\u00edtima", "nome": "MATHEUS SILVA CAMPOS", "instrucao": "2 Grau incompleto", "profissao": "ESTUDANTE", "nacionalidade": "BRASILEIRA", "sexo": "Masculino", "idade": "14", "rg": "38942134-SP", "dataNascimento": "10/10/1999", "cutis": "Branca"}], "idBO": "2014-20224-1398", "naturezas": [{"especie": "T\u00edtulo I - Pessoa (arts. 121 a 154)", "descricao": "Homic\u00eddio simples (art. 121)"}, {"especie": "T\u00edtulo I - Pessoa (arts. 121 a 154)", "descricao": "Homic\u00eddio simples (art. 121)"}], "flagrante": "N\u00e3o", "lon": -46.4666062, "dataComunicacao": "09/02/2014", "solucao": "ENCAMINHAMENTO DP \u00c1REA DO FATO", "local": "R ENCONTROS E DESPEDIDAS, 693 - CID. A. E. CARVALHO - S.PAULO - SP", "categoria": "HOMICIDIO_DOLOSO", "dataOcorrencia": "09/02/2014", "examesRequisitados": "IC-IML", "idDelegacia": "20224", "numero": "1398", "dataElaboracao": "09/02/2014", "tipoLocal": "Via p\u00fablica", "lat": -23.5237406, "horaComunicacao": "10:15", "tipoBoletim": "Principal", "circunscricao": "64\u00ba D.P. CID.AE CARVALHO", "dependencia": "24\u00ba D.P. PONTE RASA"}