{"horaElaboracao": "19:42", "turnoOcorrencia": "A NOITE", "partesEnvolvidas": [{"naturalidade": "S.PAULO -SP", "naturezasEnvolvidas": "Homic\u00eddio qualificado (art. 121, \u00a72o.)", "tipoEnvolvimento": "V\u00edtima", "nome": "SONIA TAKAKO YOSHII", "profissao": "TECNICO(A)", "nacionalidade": "BRASILEIRA", "sexo": "Feminino", "idade": "55", "rg": "39684744-SP", "dataNascimento": "18/07/1958", "cutis": "Amarela"}], "idBO": "2014-10106-2036", "nomeDelegaciaBoPrincipal": "06\u00ba D.P. CAMBUCI", "naturezas": [{"especie": "T\u00edtulo I - Pessoa (arts. 121 a 154)", "desdobramentos": "II - por motivo f\u00fatil, IV - \u00e0 trai\u00e7\u00e3o ou mediante dissimula\u00e7\u00e3o ou outro recurso", "descricao": "Homic\u00eddio qualificado (art. 121, \u00a72o.)"}], "flagrante": "N\u00e3o", "lon": -46.6312687, "dataComunicacao": "21/05/2014", "solucao": "BO PARA ADENDO", "numeroBoPrincipal": "2029", "categoria": "HOMICIDIO_DOLOSO", "dataOcorrencia": "21/05/2014", "idDelegacia": "10106", "numero": "2036", "tipoBoletim": "Complementar", "dataElaboracao": "21/05/2014", "tipoLocal": "Via p\u00fablica", "lat": -23.5871035, "horaComunicacao": "19:32", "anoBoPrincipal": "2014", "circunscricao": "06\u00ba D.P. CAMBUCI", "local": "RUA BARTOLOMEU DE GUSMAO, 484 - VILA MARIANA - S.PAULO - SP", "dependencia": "06\u00ba D.P. CAMBUCI"}