{"horaElaboracao": "13:27", "turnoOcorrencia": "PELA MANH\u00c3", "partesEnvolvidas": [{"naturalidade": "VARGINHA", "estadoCivil": "Solteiro", "naturezasEnvolvidas": "Homic\u00eddio simples (art. 121)", "tipoEnvolvimento": "V\u00edtima", "nome": "RENEE FERERIRA DOS SANTOS", "nacionalidade": "BRASILEIRA", "sexo": "Masculino", "idade": "27", "rg": "40404884-SP", "dataNascimento": "15/01/1987", "cutis": "Parda"}], "idBO": "2014-60123-1456", "naturezas": [{"especie": "T\u00edtulo I - Pessoa (arts. 121 a 154)", "descricao": "Homic\u00eddio simples (art. 121)"}], "flagrante": "N\u00e3o", "lon": -46.4087976, "dataComunicacao": "02/06/2014", "solucao": "APRECIA\u00c7\u00c3O DO DELEGADO TITULAR", "local": "S\u00cdTIO C\u00d3RREGO DAS PEDRAS - GUAIAN\u00c1S - PEDERNEIRAS - SP", "categoria": "HOMICIDIO_DOLOSO", "dataOcorrencia": "02/06/2014", "examesRequisitados": "IC-IML", "idDelegacia": "60123", "numero": "1456", "dataElaboracao": "02/06/2014", "tipoLocal": "Unidade rural", "lat": -23.547353, "horaComunicacao": "13:18", "tipoBoletim": "Principal", "circunscricao": "DEL.POL.PEDERNEIRAS", "dependencia": "DEL.POL.PEDERNEIRAS"}