{"categoria": "HOMICIDIO_DOLOSO", "dependencia": "69\u00ba D.P. TEOTONIO VILELA", "naturezas": [{"especie": "T\u00edtulo I - Pessoa (arts. 121 a 154)", "descricao": "Homic\u00eddio simples (art. 121)"}], "tipoLocal": "Resid\u00eancia", "partesEnvolvidas": [{"naturalidade": "NAO INFORMADA(MOT=ACERVO)", "estadoCivil": "Desquitado", "naturezasEnvolvidas": "Homic\u00eddio simples (art. 121)", "tipoEnvolvimento": "V\u00edtima", "nome": "MARIA FERNANDA AZEVEDO", "instrucao": "1 Grau completo", "profissao": "DO LAR", "nacionalidade": "BRASILEIRA", "sexo": "Feminino", "idade": "64", "rg": "4506318-SP", "dataNascimento": "10/01/1950", "cutis": "Branca"}], "dataOcorrencia": "31/03/2014", "lon": -46.5230335, "idDelegacia": "10362", "horaElaboracao": "23:49", "flagrante": "N\u00e3o", "numero": "3366", "dataComunicacao": "31/03/2014", "dataElaboracao": "31/03/2014", "tipoBoletim": "Principal", "turnoOcorrencia": "A NOITE", "idBO": "2014-10362-3366", "solucao": "BO PARA INQU\u00c9RITO", "lat": -23.6068642, "horaComunicacao": "23:41", "local": "AVENIDA DO ORATORIO, 5800 - SAO LUCAS - S.PAULO - SP", "circunscricao": "DEL.POL.NOVA GRANADA"}