{"horaElaboracao": "13:23", "turnoOcorrencia": "PELA MANH\u00c3", "partesEnvolvidas": [{"naturalidade": "SANTA ROSA DE VITERBO", "estadoCivil": "Casado", "naturezasEnvolvidas": "Homic\u00eddio simples (art. 121)", "tipoEnvolvimento": "V\u00edtima", "nome": "SEBASTI\u00c3O ROBERTO PEREIRA GON\u00c7ALVES", "profissao": "APOSENTADO(A)", "nacionalidade": "BRASILEIRA", "sexo": "Masculino", "idade": "72", "rg": "6305215-SP", "dataNascimento": "08/04/1942", "cutis": "Branca"}], "idBO": "2014-100503-1156", "naturezas": [{"especie": "T\u00edtulo I - Pessoa (arts. 121 a 154)", "descricao": "Homic\u00eddio simples (art. 121)"}], "flagrante": "N\u00e3o", "lon": -46.6564919, "dataComunicacao": "31/08/2014", "solucao": "BO PARA INVESTIGA\u00c7\u00c3O", "local": "ESTRADA VICINAL MARCELINO REDUCINO(CONT) - RURAL - CEP: 13690000 - DESCALVADO - SP", "categoria": "HOMICIDIO_DOLOSO", "dataOcorrencia": "31/08/2014", "examesRequisitados": "IC-IML", "idDelegacia": "100503", "numero": "1156", "dataElaboracao": "31/08/2014", "tipoLocal": "Rodovia/Estrada", "lat": -23.5765533, "horaComunicacao": "13:15", "tipoBoletim": "Principal", "circunscricao": "DEL.POL.DESCALVADO", "dependencia": "DEL.POL.DESCALVADO"}