{"categoria": "HOMICIDIO_DOLOSO", "dependencia": "DEL.SEC.TAUBATE PLANT\u00c3O", "naturezas": [{"especie": "T\u00edtulo I - Pessoa (arts. 121 a 154)", "desdobramentos": "II - por motivo f\u00fatil", "descricao": "Homic\u00eddio qualificado (art. 121, \u00a72o.)"}], "tipoLocal": "Area n\u00e3o ocupada", "partesEnvolvidas": [{"naturalidade": "TAUBATE", "estadoCivil": "Solteiro", "naturezasEnvolvidas": "Homic\u00eddio qualificado (art. 121, \u00a72o.)", "tipoEnvolvimento": "V\u00edtima", "nome": "LUCAS DE ALMEIDA GOMES", "instrucao": "1 Grau completo", "profissao": "AJUDANTE GERAL", "nacionalidade": "BRASILEIRA", "sexo": "Masculino", "idade": "18", "rg": "41333713-SP", "dataNascimento": "05/11/1995", "cutis": "Branca"}], "dataOcorrencia": "17/07/2014", "lon": -46.874959, "idDelegacia": "130516", "horaElaboracao": "21:59", "flagrante": "N\u00e3o", "numero": "3763", "dataComunicacao": "17/07/2014", "dataElaboracao": "17/07/2014", "tipoBoletim": "Principal", "turnoOcorrencia": "A NOITE", "idBO": "2014-130516-3763", "solucao": "BO PARA INVESTIGA\u00c7\u00c3O", "lat": -23.1485522, "horaComunicacao": "21:49", "local": "RUA PAULO FRANCISCO COSCO, 192 - PARQUE S\u00c3O LUIZ - CEP: 12100000 - TAUBATE - SP", "circunscricao": "02\u00ba D.P. TAUBATE"}