{"horaElaboracao": "22:35", "turnoOcorrencia": "A NOITE", "partesEnvolvidas": [{"naturalidade": "MACAJUBA -BA", "estadoCivil": "Solteiro", "naturezasEnvolvidas": "Homic\u00eddio simples (art. 121)", "tipoEnvolvimento": "V\u00edtima", "nome": "DEUSDETE PEREIRA DA SILVA", "instrucao": "2 Grau completo", "profissao": "CORRETOR(A) DE IMOVEIS", "nacionalidade": "BRASILEIRA", "sexo": "Masculino", "idade": "48", "rg": "23682889-SP", "dataNascimento": "29/01/1965", "cutis": "Preta"}], "idBO": "2014-200100-78", "nomeDelegaciaBoPrincipal": "26\u00ba D.P. SACOMA", "naturezas": [{"especie": "T\u00edtulo I - Pessoa (arts. 121 a 154)", "descricao": "Homic\u00eddio simples (art. 121)"}], "flagrante": "N\u00e3o", "lon": -46.6139609, "dataComunicacao": "28/01/2014", "solucao": "BO PARA INQU\u00c9RITO", "numeroBoPrincipal": "871", "categoria": "HOMICIDIO_DOLOSO", "dataOcorrencia": "28/01/2014", "examesRequisitados": "IC-IML", "idDelegacia": "200100", "numero": "78", "tipoBoletim": "Complementar", "dataElaboracao": "28/01/2014", "tipoLocal": "Resid\u00eancia", "lat": -23.6058801, "horaComunicacao": "22:35", "anoBoPrincipal": "2014", "circunscricao": "95\u00ba D.P. HELI\u00d3POLIS", "local": "R MARQUESA DE SANTOS, 36 - VILA NAIR - S.PAULO - SP", "dependencia": "DHPP DIV. HOMICIDIOS"}