{"horaElaboracao": "10:00", "turnoOcorrencia": "DE MADRUGADA", "partesEnvolvidas": [{"naturalidade": "AGUAS BELAS -PE", "estadoCivil": "Solteiro", "naturezasEnvolvidas": "Homic\u00eddio simples (art. 121)", "tipoEnvolvimento": "V\u00edtima", "nome": "ERIVALDO DE BARROS CAVALCANTE", "instrucao": "1 Grau completo", "profissao": "MOTO-BOY", "nacionalidade": "BRASILEIRA", "sexo": "Masculino", "idade": "23", "rg": "47303354-SP", "dataNascimento": "29/07/1990", "cutis": "Branca"}], "idBO": "2014-30218-1207", "naturezas": [{"especie": "T\u00edtulo I - Pessoa (arts. 121 a 154)", "descricao": "Homic\u00eddio simples (art. 121)"}, {"especie": "Localiza\u00e7\u00e3o e/ou Devolu\u00e7\u00e3o", "descricao": "Localiza\u00e7\u00e3o/Apreens\u00e3o de objeto"}, {"especie": "Localiza\u00e7\u00e3o e/ou Devolu\u00e7\u00e3o", "descricao": "Localiza\u00e7\u00e3o/Apreens\u00e3o de ve\u00edculo"}], "flagrante": "N\u00e3o", "lon": -46.4640551, "dataComunicacao": "05/06/2014", "solucao": "APRECIA\u00c7\u00c3O DO DELEGADO TITULAR", "local": "AVENIDA LINDOMAR GOMES DE OLIVEIRA, 648 - CUMBICA - GUARULHOS - SP", "categoria": "HOMICIDIO_DOLOSO", "dataOcorrencia": "05/06/2014", "examesRequisitados": "IC-IML", "idDelegacia": "30218", "numero": "1207", "dataElaboracao": "05/06/2014", "tipoLocal": "Via p\u00fablica", "lat": -23.4660758, "horaComunicacao": "09:31", "tipoBoletim": "Principal", "circunscricao": "08\u00ba D.P. GUARULHOS", "dependencia": "08\u00ba D.P. GUARULHOS"}