{"horaElaboracao": "12:01", "turnoOcorrencia": "PELA MANH\u00c3", "partesEnvolvidas": [{"tipoEnvolvimento": "V\u00edtima", "nome": "D E S C O N H E C I D O", "cutis": "Branca", "sexo": "Masculino", "idade": "0", "naturezasEnvolvidas": "Homic\u00eddio simples (art. 121)"}], "idBO": "2014-30126-1637", "naturezas": [{"especie": "T\u00edtulo I - Pessoa (arts. 121 a 154)", "descricao": "Homic\u00eddio simples (art. 121)"}], "flagrante": "N\u00e3o", "lon": -46.5152843, "dataComunicacao": "02/07/2014", "solucao": "APRECIA\u00c7\u00c3O DO DELEGADO TITULAR", "local": "ESTRADA DO MONTANH\u00c3O, 2440 - MONTANH\u00c3O - S.BERNARDO DO CAMPO - SP", "categoria": "HOMICIDIO_DOLOSO", "dataOcorrencia": "02/07/2014", "examesRequisitados": "IC-IML", "idDelegacia": "30126", "numero": "1637", "dataElaboracao": "02/07/2014", "tipoLocal": "Via p\u00fablica", "lat": -23.7408421, "horaComunicacao": "11:52", "tipoBoletim": "Principal", "circunscricao": "06\u00ba D.P. S.BERNARDO DO CAMPO", "dependencia": "06\u00ba D.P. S.BERNARDO DO CAMPO"}