{"horaElaboracao": "05:37", "turnoOcorrencia": "DE MADRUGADA", "partesEnvolvidas": [{"naturalidade": "S.PAULO -SP", "estadoCivil": "Solteiro", "naturezasEnvolvidas": "Homic\u00eddio simples (art. 121)", "tipoEnvolvimento": "V\u00edtima", "nome": "RODRIGO LUCENA DOS SANTOS", "instrucao": "1 Grau completo", "profissao": "FRENTISTA", "nacionalidade": "BRASILEIRA", "sexo": "Masculino", "idade": "20", "rg": "44938287-SP", "dataNascimento": "13/05/1994", "cutis": "Parda"}], "idBO": "2014-200100-489", "nomeDelegaciaBoPrincipal": "72\u00ba D.P. VILA PENTEADO", "naturezas": [{"especie": "T\u00edtulo I - Pessoa (arts. 121 a 154)", "descricao": "Homic\u00eddio simples (art. 121)"}, {"especie": "T\u00edtulo I - Pessoa (arts. 121 a 154)", "descricao": "Homic\u00eddio simples (art. 121)"}], "flagrante": "N\u00e3o", "lon": -46.6656963, "dataComunicacao": "29/06/2014", "solucao": "BO PARA INQU\u00c9RITO", "numeroBoPrincipal": "5694", "categoria": "HOMICIDIO_DOLOSO", "dataOcorrencia": "29/06/2014", "examesRequisitados": "IC-IML", "idDelegacia": "200100", "numero": "489", "tipoBoletim": "Complementar", "dataElaboracao": "29/06/2014", "tipoLocal": "Via p\u00fablica", "lat": -23.4673727, "horaComunicacao": "05:36", "anoBoPrincipal": "2014", "circunscricao": "38\u00ba D.P. VILA AMALIA", "local": "RUA GOMES LEAL, 194 - CACHOEIRINHA - S.PAULO - SP", "dependencia": "DHPP DIV. HOMICIDIOS"}