{"horaElaboracao": "17:20", "turnoOcorrencia": "A TARDE", "partesEnvolvidas": [{"naturalidade": "JABOATAO -PE", "estadoCivil": "Solteiro", "naturezasEnvolvidas": "Inc\u00eandio (art. 250, caput), Homic\u00eddio qualificado (art. 121, \u00a72o.)", "tipoEnvolvimento": "V\u00edtima", "nome": "KATIA CRISTINA DA SILVA", "instrucao": "2 Grau completo", "profissao": "AUXILIAR DE PRODUCAO", "nacionalidade": "BRASILEIRA", "sexo": "Feminino", "idade": "45", "rg": "35631795-SP", "dataNascimento": "18/02/1969", "cutis": "Parda"}], "idBO": "2014-10241-4315", "naturezas": [{"especie": "T\u00edtulo I - Pessoa (arts. 121 a 154)", "desdobramentos": "III - com emprego de meio insidioso ou cruel, ou de que resulte perigo comum", "descricao": "Homic\u00eddio qualificado (art. 121, \u00a72o.)"}, {"especie": "T\u00edtulo VIII - Incolumidade p\u00fablica (arts. 250 a 285)", "descricao": "Inc\u00eandio (art. 250, caput)"}], "flagrante": "N\u00e3o", "lon": -46.742508, "dataComunicacao": "21/07/2014", "solucao": "BO PARA INQU\u00c9RITO", "local": "RUA CHICO GOMES, 196 - VILA ANDRADE - S.PAULO - SP", "categoria": "HOMICIDIO_DOLOSO", "dataOcorrencia": "21/07/2014", "examesRequisitados": "IC-IML", "idDelegacia": "10241", "numero": "4315", "dataElaboracao": "21/07/2014", "tipoLocal": "Resid\u00eancia", "lat": -23.6377081, "horaComunicacao": "17:11", "tipoBoletim": "Principal", "circunscricao": "37\u00ba D.P. CAMPO LIMPO", "dependencia": "37\u00ba D.P. CAMPO LIMPO"}