{"horaElaboracao": "08:18", "turnoOcorrencia": "EM HORA INCERTA", "partesEnvolvidas": [{"naturalidade": "S.PAULO -SP", "naturezasEnvolvidas": "Homic\u00eddio qualificado (art. 121, \u00a72o.)", "tipoEnvolvimento": "V\u00edtima", "nome": "RENILDO OLIVEIRA SANTOS DE CARVALHO", "nacionalidade": "BRASILEIRA", "sexo": "Masculino", "idade": "32", "rg": "33754341-SP", "dataNascimento": "27/11/1981", "cutis": "Parda"}], "idBO": "2014-30117-2119", "naturezas": [{"especie": "T\u00edtulo I - Pessoa (arts. 121 a 154)", "descricao": "Homic\u00eddio qualificado (art. 121, \u00a72o.)"}], "flagrante": "N\u00e3o", "lon": -46.4138952, "dataComunicacao": "30/04/2014", "solucao": "APRECIA\u00c7\u00c3O DO DELEGADO TITULAR", "local": "AVENIDA ORLANDO GRECO, 58 - S\u00c3O CAETANINHO - RIBEIRAO PIRES - SP", "categoria": "HOMICIDIO_DOLOSO", "dataOcorrencia": "30/04/2014", "examesRequisitados": "IC-IML", "idDelegacia": "30117", "numero": "2119", "dataElaboracao": "30/04/2014", "tipoLocal": "Via p\u00fablica", "lat": -23.6944328, "horaComunicacao": "08:16", "tipoBoletim": "Principal", "circunscricao": "DEL.POL.RIBEIRAO PIRES", "dependencia": "DEL.POL.RIBEIRAO PIRES"}