{"horaElaboracao": "14:26", "turnoOcorrencia": "DE MADRUGADA", "partesEnvolvidas": [{"naturalidade": "S.PAULO -SP", "estadoCivil": "Solteiro", "naturezasEnvolvidas": "Homic\u00eddio simples (art. 121)", "tipoEnvolvimento": "V\u00edtima", "nome": "JOEL LEMOS DE CASTRO", "instrucao": "1 Grau completo", "profissao": "PINTOR(A)", "sexo": "Masculino", "idade": "50", "rg": "16682365-SP", "dataNascimento": "26/09/1963", "cutis": "Preta"}], "idBO": "2014-10339-1806", "naturezas": [{"especie": "T\u00edtulo I - Pessoa (arts. 121 a 154)", "descricao": "Homic\u00eddio simples (art. 121)"}], "flagrante": "N\u00e3o", "lon": -46.7796481, "dataComunicacao": "21/05/2014", "solucao": "APRECIA\u00c7\u00c3O DO DELEGADO TITULAR", "local": "RUA JOSE PORFIRIO DE SOUZA, 1 - RAPOSO TAVARES - S.PAULO - SP", "categoria": "HOMICIDIO_DOLOSO", "dataOcorrencia": "21/05/2014", "examesRequisitados": "IC-IML", "idDelegacia": "10339", "numero": "1806", "dataElaboracao": "21/05/2014", "tipoLocal": "Via p\u00fablica", "lat": -23.6032933, "horaComunicacao": "13:39", "tipoBoletim": "Principal", "circunscricao": "75\u00ba D.P. JARDIM ARPOADOR", "dependencia": "75\u00ba D.P. JARDIM ARPOADOR"}