{"horaElaboracao": "02:29", "turnoOcorrencia": "A NOITE", "partesEnvolvidas": [{"naturalidade": "CHARQUEADA -SP", "estadoCivil": "Casado", "naturezasEnvolvidas": "Homic\u00eddio simples (art. 121)", "tipoEnvolvimento": "V\u00edtima", "nome": "GIOVANI RAIMUNDO BUZZO", "instrucao": "2 Grau completo", "profissao": "EMPRESARIO(A)", "sexo": "Masculino", "idade": "50", "rg": "15656245-SP", "dataNascimento": "06/01/1964", "cutis": "Branca"}], "idBO": "2014-70010-7700", "naturezas": [{"especie": "T\u00edtulo I - Pessoa (arts. 121 a 154)", "descricao": "Homic\u00eddio simples (art. 121)"}, {"especie": "T\u00edtulo I - Pessoa (arts. 121 a 154)", "descricao": "Homic\u00eddio simples (art. 121)"}], "flagrante": "Sim", "lon": -47.0463821, "dataComunicacao": "09/07/2014", "solucao": "BO PARA FLAGRANTE", "local": "AVENIDA DOUTOR MORAES SALLES X RUA HERMA - NOVA CAMPINAS - CAMPINAS - SP", "categoria": "HOMICIDIO_DOLOSO", "dataOcorrencia": "08/07/2014", "examesRequisitados": "IC-IML", "idDelegacia": "70010", "numero": "7700", "dataElaboracao": "09/07/2014", "tipoLocal": "Via p\u00fablica", "lat": -22.9021616, "horaComunicacao": "02:26", "tipoBoletim": "Principal", "circunscricao": "01\u00ba D.P. CAMPINAS", "dependencia": "PLANT\u00c3O - 01 DP CAMPINAS"}