{"horaElaboracao": "19:22", "turnoOcorrencia": "A TARDE", "partesEnvolvidas": [{"naturalidade": "ORTIGUEIRA -PR", "estadoCivil": "Convivente", "naturezasEnvolvidas": "Homic\u00eddio qualificado (art. 121, \u00a72o.)", "tipoEnvolvimento": "V\u00edtima", "nome": "CLEUZA EUNICE CLARO DOS SANTOS", "instrucao": "1 Grau incompleto", "profissao": "FAXINEIRO(A)", "nacionalidade": "BRASILEIRA", "sexo": "Feminino", "idade": "60", "rg": "17686808-SP", "dataNascimento": "02/02/1954", "cutis": "Branca"}], "idBO": "2014-10247-2640", "naturezas": [{"especie": "T\u00edtulo I - Pessoa (arts. 121 a 154)", "desdobramentos": "II - por motivo f\u00fatil", "descricao": "Homic\u00eddio qualificado (art. 121, \u00a72o.)"}], "flagrante": "Sim", "lon": -46.7593717, "dataComunicacao": "06/03/2014", "solucao": "ENCAMINHAMENTO DP \u00c1REA DO FATO", "local": "R FELICE GIARDINI, 546 - JD COIMBRA - S.PAULO - SP", "categoria": "HOMICIDIO_DOLOSO", "dataOcorrencia": "06/03/2014", "examesRequisitados": "IC-IML", "idDelegacia": "10247", "numero": "2640", "dataElaboracao": "06/03/2014", "tipoLocal": "Via p\u00fablica", "lat": -23.6813195, "horaComunicacao": "19:10", "tipoBoletim": "Principal", "circunscricao": "100\u00ba D.P. JDIM HERCULANO", "dependencia": "47\u00ba D.P. CAPAO REDONDO"}