{"horaElaboracao": "01:43", "turnoOcorrencia": "A NOITE", "partesEnvolvidas": [{"naturalidade": "S.MIGUEL ARCANJO -SP", "estadoCivil": "Solteiro", "naturezasEnvolvidas": "Homic\u00eddio simples (art. 121)", "tipoEnvolvimento": "V\u00edtima", "nome": "LUCILEIA APARECIDA DA SILVA", "instrucao": "1 Grau completo", "profissao": "AUXILIAR DE SERVI\u00c7OS GERAIS", "nacionalidade": "BRASILEIRA", "sexo": "Feminino", "idade": "30", "rg": "49839225-SP", "dataNascimento": "16/04/1984", "cutis": "Branca"}], "idBO": "2014-120308-1089", "naturezas": [{"especie": "T\u00edtulo I - Pessoa (arts. 121 a 154)", "descricao": "Homic\u00eddio simples (art. 121)"}], "flagrante": "N\u00e3o", "lon": -48.0045671, "dataComunicacao": "20/11/2014", "solucao": "BO PARA INVESTIGA\u00c7\u00c3O", "local": "RUA ANT\u00d4NIO BITAR - SOL POENTE - S.MIGUEL ARCANJO - SP", "categoria": "HOMICIDIO_DOLOSO", "dataOcorrencia": "18/11/2014", "examesRequisitados": "IC-IML", "idDelegacia": "120308", "numero": "1089", "dataElaboracao": "20/11/2014", "tipoLocal": "Area n\u00e3o ocupada", "lat": -23.8786584, "horaComunicacao": "01:32", "tipoBoletim": "Principal", "circunscricao": "DEL.POL.S\u00c3O MIGUEL ARCANJO", "dependencia": "DEL.POL.S\u00c3O MIGUEL ARCANJO"}