{"categoria": "HOMICIDIO_DOLOSO", "dependencia": "89\u00ba D.P. JARDIM TABOAO", "naturezas": [{"especie": "T\u00edtulo I - Pessoa (arts. 121 a 154)", "descricao": "Homic\u00eddio simples (art. 121)"}], "tipoLocal": "Via p\u00fablica", "partesEnvolvidas": [{"naturalidade": "PEDRO II -PI", "estadoCivil": "Solteiro", "naturezasEnvolvidas": "Homic\u00eddio simples (art. 121)", "tipoEnvolvimento": "V\u00edtima", "nome": "ITAMAR PINHEIRO DE ALBUQUERQUE", "instrucao": "1 Grau completo", "nacionalidade": "BRASILEIRA", "sexo": "Masculino", "idade": "32", "rg": "55562597-SP", "dataNascimento": "19/04/1982", "cutis": "Branca"}], "dataOcorrencia": "19/10/2014", "lon": -46.77772059999999, "idDelegacia": "10356", "horaElaboracao": "05:07", "flagrante": "N\u00e3o", "numero": "9072", "dataComunicacao": "19/10/2014", "dataElaboracao": "19/10/2014", "tipoBoletim": "Principal", "turnoOcorrencia": "DE MADRUGADA", "idBO": "2014-10356-9072", "solucao": "ENCAMINHAMENTO DP \u00c1REA DO FATO", "lat": -23.6361445, "horaComunicacao": "05:05", "local": "AVENIDA CARLOS LACERDA, 436 - CAMPO LIMPO - S.PAULO - SP", "circunscricao": "37\u00ba D.P. CAMPO LIMPO"}