{"horaElaboracao": "06:04", "turnoOcorrencia": "DE MADRUGADA", "partesEnvolvidas": [{"naturalidade": "DIADEMA -SP", "estadoCivil": "Solteiro", "naturezasEnvolvidas": "Homic\u00eddio simples (art. 121)", "tipoEnvolvimento": "V\u00edtima", "nome": "FATAL MICHEL RODRIGUES", "instrucao": "1 Grau completo", "nacionalidade": "BRASILEIRA", "sexo": "Masculino", "idade": "22", "rg": "48123711-SP", "dataNascimento": "06/03/1992", "cutis": "Branca"}], "idBO": "2014-30111-3170", "naturezas": [{"especie": "T\u00edtulo I - Pessoa (arts. 121 a 154)", "descricao": "Homic\u00eddio simples (art. 121)"}, {"especie": "T\u00edtulo I - Pessoa (arts. 121 a 154)", "descricao": "Homic\u00eddio simples (art. 121)"}], "flagrante": "N\u00e3o", "lon": -46.5383355, "dataComunicacao": "06/04/2014", "solucao": "APRECIA\u00c7\u00c3O DO DELEGADO TITULAR", "local": "RUA MANOEL BANDEIRA, 79 - CALUX - S.BERNARDO DO CAMPO - SP", "categoria": "HOMICIDIO_DOLOSO", "dataOcorrencia": "06/04/2014", "examesRequisitados": "IC-IML", "idDelegacia": "30111", "numero": "3170", "dataElaboracao": "06/04/2014", "tipoLocal": "Via p\u00fablica", "lat": -23.7205111, "horaComunicacao": "06:01", "tipoBoletim": "Principal", "circunscricao": "03\u00ba D.P. S.BERNARDO DO CAMPO", "dependencia": "03\u00ba D.P. S.BERNARDO DO CAMPO"}