{"horaElaboracao": "08:34", "turnoOcorrencia": "PELA MANH\u00c3", "partesEnvolvidas": [{"naturalidade": "S.PAULO -SP", "estadoCivil": "Solteiro", "naturezasEnvolvidas": "Homic\u00eddio simples (art. 121)", "tipoEnvolvimento": "V\u00edtima", "nome": "FRANCISCO DANIEL DA SILVA PINHEIRO", "instrucao": "1 Grau incompleto", "profissao": "ESTUDANTE", "nacionalidade": "BRASILEIRA", "sexo": "Masculino", "idade": "15", "rg": "39597669-SP", "dataNascimento": "14/11/1998", "cutis": "Branca"}], "idBO": "2014-10335-2493", "naturezas": [{"especie": "T\u00edtulo I - Pessoa (arts. 121 a 154)", "descricao": "Homic\u00eddio simples (art. 121)"}], "flagrante": "N\u00e3o", "lon": -46.6778856, "dataComunicacao": "16/03/2014", "solucao": "ENCAMINHAMENTO DP \u00c1REA DO FATO", "local": "R JOAO MAURICIO DA COSTA JUBIM, 43 - - S.PAULO - SP", "categoria": "HOMICIDIO_DOLOSO", "dataOcorrencia": "16/03/2014", "examesRequisitados": "IC-IML", "idDelegacia": "10335", "numero": "2493", "dataElaboracao": "16/03/2014", "tipoLocal": "Via p\u00fablica", "lat": -23.4709163, "horaComunicacao": "08:30", "tipoBoletim": "Principal", "circunscricao": "45\u00ba D.P. V BRASILANDIA", "dependencia": "72\u00ba D.P. VILA PENTEADO"}