{"horaElaboracao": "00:48", "turnoOcorrencia": "A TARDE", "partesEnvolvidas": [{"tipoEnvolvimento": "V\u00edtima", "nome": "DESCONHECIDO", "cutis": "Parda", "sexo": "Masculino", "idade": "0", "naturezasEnvolvidas": "Homic\u00eddio simples (art. 121)"}], "idBO": "2014-30304-2377", "naturezas": [{"especie": "T\u00edtulo I - Pessoa (arts. 121 a 154)", "descricao": "Homic\u00eddio simples (art. 121)"}], "flagrante": "N\u00e3o", "lon": -46.3558605, "dataComunicacao": "23/04/2014", "solucao": "APRECIA\u00c7\u00c3O DO DELEGADO TITULAR", "local": "ESTRADA SANTA ISABEL - VL. JAP\u00c3O - ITAQUAQUECETUBA - SP", "categoria": "HOMICIDIO_DOLOSO", "dataOcorrencia": "22/04/2014", "examesRequisitados": "IC-IML", "idDelegacia": "30304", "numero": "2377", "dataElaboracao": "23/04/2014", "tipoLocal": "Estrada de ferro", "lat": -23.4427257, "horaComunicacao": "00:45", "tipoBoletim": "Principal", "circunscricao": "DEL.POL.ITAQUAQUECETUBA", "dependencia": "DEL.POL.ITAQUAQUECETUBA"}