{"horaElaboracao": "15:45", "turnoOcorrencia": "DE MADRUGADA", "partesEnvolvidas": [{"naturalidade": "NAO INFORMADA(MOT=ACERVO)", "naturezasEnvolvidas": "Roubo (art. 157)", "tipoEnvolvimento": "V\u00edtima", "nome": "LAZARO LOPES SIQUEIRA", "profissao": "COMERCIANTE", "nacionalidade": "BRASILEIRA", "sexo": "Masculino", "idade": "46", "rg": "21649335-SP", "dataNascimento": "27/10/1967", "cutis": "Branca"}], "idBO": "2014-120610-2498", "nomeDelegaciaBoPrincipal": "DEL.POL.PLANT\u00c3O ITU", "naturezas": [{"especie": "T\u00edtulo II - Patrim\u00f4nio (arts. 155 a 183)", "desdobramentos": "\u00a73o. Se da viol\u00eancia resulta morte:", "descricao": "Roubo (art. 157)"}], "flagrante": "N\u00e3o", "lon": -47.3169522, "dataComunicacao": "27/05/2014", "solucao": "BO PARA ADENDO", "numeroBoPrincipal": "2072", "categoria": "LATROCINIO", "dataOcorrencia": "02/05/2014", "examesRequisitados": "IML", "idDelegacia": "120610", "numero": "2498", "tipoBoletim": "Complementar", "dataElaboracao": "27/05/2014", "tipoLocal": "Reparti\u00e7\u00e3o P\u00fablica", "lat": -23.2459315, "horaComunicacao": "15:37", "anoBoPrincipal": "2014", "circunscricao": "02\u00ba D.P. ITU", "local": "ESTRADA SETE QUEDAS - ITAIM - ITU - SP", "dependencia": "DEL.POL.PLANT\u00c3O ITU"}