{"horaElaboracao": "23:28", "turnoOcorrencia": "A NOITE", "partesEnvolvidas": [{"naturalidade": "S.PAULO -SP", "estadoCivil": "Solteiro", "naturezasEnvolvidas": "Homic\u00eddio simples (art. 121)", "tipoEnvolvimento": "V\u00edtima", "nome": "JOAO SILVA ALVES", "instrucao": "1 Grau completo", "profissao": "VIDRACEIRO(A)", "sexo": "Masculino", "idade": "42", "rg": "21720613-SP", "dataNascimento": "20/07/1971", "cutis": "Parda"}], "idBO": "2014-10335-4594", "naturezas": [{"especie": "T\u00edtulo I - Pessoa (arts. 121 a 154)", "descricao": "Homic\u00eddio simples (art. 121)"}], "flagrante": "N\u00e3o", "lon": -46.68571860000001, "dataComunicacao": "25/05/2014", "solucao": "BO PARA INVESTIGA\u00c7\u00c3O", "local": "RUA GIACOMO DELLA PORTA, 5 - BRASILANDIA - S.PAULO - SP", "categoria": "HOMICIDIO_DOLOSO", "dataOcorrencia": "25/05/2014", "examesRequisitados": "IC-IML", "idDelegacia": "10335", "numero": "4594", "dataElaboracao": "25/05/2014", "tipoLocal": "Via p\u00fablica", "lat": -23.4690521, "horaComunicacao": "23:25", "tipoBoletim": "Principal", "circunscricao": "45\u00ba D.P. V BRASILANDIA", "dependencia": "72\u00ba D.P. VILA PENTEADO"}