{"horaElaboracao": "00:10", "turnoOcorrencia": "A NOITE", "partesEnvolvidas": [{"naturalidade": "OSASCO", "estadoCivil": "Solteiro", "naturezasEnvolvidas": "Homic\u00eddio simples (art. 121)", "tipoEnvolvimento": "V\u00edtima", "nome": "MARIZA APARECIDA DOS SANTOS", "instrucao": "1 Grau completo", "profissao": "ESTUDANTE", "nacionalidade": "BRASILEIRA", "sexo": "Feminino", "idade": "17", "rg": "37776477-SP", "dataNascimento": "03/08/1997", "cutis": "Outros"}], "idBO": "2014-30411-6279", "naturezas": [{"especie": "T\u00edtulo I - Pessoa (arts. 121 a 154)", "descricao": "Homic\u00eddio simples (art. 121)"}], "flagrante": "N\u00e3o", "lon": -46.8107799, "dataComunicacao": "02/11/2014", "solucao": "APRECIA\u00c7\u00c3O DO DELEGADO TITULAR", "local": "RUA EL\u00cdAS ASSAF, 19 - JD. S\u00c3O PEDRO - OSASCO - SP", "categoria": "HOMICIDIO_DOLOSO", "dataOcorrencia": "01/11/2014", "examesRequisitados": "IC-IML", "idDelegacia": "30411", "numero": "6279", "dataElaboracao": "02/11/2014", "tipoLocal": "Area n\u00e3o ocupada", "lat": -23.5381312, "horaComunicacao": "00:06", "tipoBoletim": "Principal", "circunscricao": "01\u00ba D.P. OSASCO", "dependencia": "01\u00ba D.P. OSASCO"}