{"horaElaboracao": "01:45", "turnoOcorrencia": "A NOITE", "partesEnvolvidas": [{"naturalidade": "CARUARU /PE", "estadoCivil": "Casado", "naturezasEnvolvidas": "Homic\u00eddio simples (art. 121)", "tipoEnvolvimento": "V\u00edtima", "nome": "CICERO FERREIRA DA SILVA", "instrucao": "1 Grau completo", "profissao": "POLICIAL MILITAR", "nacionalidade": "BRASILEIRA", "sexo": "Masculino", "idade": "51", "rg": "15743457-SP", "dataNascimento": "10/04/1963", "cutis": "Branca"}], "idBO": "2014-40200-1392", "naturezas": [{"especie": "T\u00edtulo I - Pessoa (arts. 121 a 154)", "descricao": "Homic\u00eddio simples (art. 121)"}], "flagrante": "N\u00e3o", "lon": -46.3849857, "dataComunicacao": "19/12/2014", "solucao": "ENCAMINHAMENTO DP \u00c1REA DO FATO", "local": "RUA LEONEL FERREIRA DE SOUZA, 278 - RADIO CLUBE - SANTOS - SP", "categoria": "HOMICIDIO_DOLOSO", "dataOcorrencia": "18/12/2014", "examesRequisitados": "IC-IML", "idDelegacia": "40200", "numero": "1392", "dataElaboracao": "19/12/2014", "tipoLocal": "Lazer e recrea\u00e7\u00e3o", "lat": -23.941984, "horaComunicacao": "01:31", "tipoBoletim": "Principal", "circunscricao": "05\u00ba D.P. SANTOS", "dependencia": "DEL.SEC.SANTOS"}