{"horaElaboracao": "23:30", "turnoOcorrencia": "A NOITE", "partesEnvolvidas": [{"naturalidade": "ILHABELA -SP", "estadoCivil": "Solteiro", "naturezasEnvolvidas": "Homic\u00eddio simples (art. 121)", "tipoEnvolvimento": "V\u00edtima", "nome": "VICTOR SOUZA DOS SANTOS", "instrucao": "2 Grau completo", "nacionalidade": "BRASILEIRA", "sexo": "Masculino", "idade": "25", "rg": "42053724-SP", "dataNascimento": "15/08/1988", "cutis": "Branca"}, {"naturalidade": "PIRIPIRI", "naturezasEnvolvidas": "Homic\u00eddio simples (art. 121)", "tipoEnvolvimento": "V\u00edtima", "nome": "LEOMAR SANTOS RODRIGUES", "nacionalidade": "BRASILEIRA", "sexo": "Masculino", "idade": "21", "rg": "3492612-PI", "dataNascimento": "11/08/1992", "cutis": "Branca"}], "idBO": "2014-40305-286", "naturezas": [{"especie": "T\u00edtulo I - Pessoa (arts. 121 a 154)", "descricao": "Homic\u00eddio simples (art. 121)"}], "flagrante": "N\u00e3o", "lon": -46.604803, "dataComunicacao": "22/01/2014", "solucao": "APRECIA\u00c7\u00c3O DO DELEGADO TITULAR", "local": "RUA BENEDITO PEDRO DOS SANTOS, 68 - ITATINGA - S.SEBASTIAO - SP", "categoria": "HOMICIDIO_DOLOSO", "dataOcorrencia": "22/01/2014", "examesRequisitados": "IC-IML", "idDelegacia": "40305", "numero": "286", "dataElaboracao": "22/01/2014", "tipoLocal": "Restaurante e afins", "lat": -23.4564526, "horaComunicacao": "23:28", "tipoBoletim": "Principal", "circunscricao": "01\u00ba D.P. S.SEBASTI\u00c3O", "dependencia": "01\u00ba D.P. S.SEBASTI\u00c3O"}