{"horaElaboracao": "21:51", "turnoOcorrencia": "EM HORA INCERTA", "partesEnvolvidas": [{"naturalidade": "ITABAIANINHA -SE", "estadoCivil": "Casado", "naturezasEnvolvidas": "Roubo (art. 157)", "tipoEnvolvimento": "V\u00edtima", "nome": "VALDELICIO MANOEL DE SOUZA", "instrucao": "1 Grau completo", "profissao": "APOSENTADO(A)", "nacionalidade": "BRASILEIRA", "sexo": "Masculino", "idade": "78", "rg": "4560246-SP", "dataNascimento": "19/03/1936", "cutis": "Parda"}], "idBO": "2014-200100-215", "nomeDelegaciaBoPrincipal": "25\u00ba D.P. PARELHEIROS", "naturezas": [{"especie": "T\u00edtulo II - Patrim\u00f4nio (arts. 155 a 183)", "desdobramentos": "\u00a73o. Se da viol\u00eancia resulta morte:", "descricao": "Roubo (art. 157)"}], "flagrante": "N\u00e3o", "lon": -46.7332356, "dataComunicacao": "26/03/2014", "solucao": "BO PARA INQU\u00c9RITO", "numeroBoPrincipal": "945", "categoria": "LATROCINIO", "dataOcorrencia": "26/03/2014", "examesRequisitados": "IC-IML", "idDelegacia": "200100", "numero": "215", "tipoBoletim": "Complementar", "dataElaboracao": "26/03/2014", "tipoLocal": "Resid\u00eancia", "lat": -23.8799728, "horaComunicacao": "21:50", "anoBoPrincipal": "2014", "circunscricao": "25\u00ba D.P. PARELHEIROS", "local": "AV CIRCULAR, 46 - EMBURA - CEP: 04893080 - S.PAULO - SP", "dependencia": "DHPP DIV. HOMICIDIOS"}