{"horaElaboracao": "20:04", "turnoOcorrencia": "A TARDE", "partesEnvolvidas": [{"naturalidade": "S.PAULO -SP", "estadoCivil": "Casado", "naturezasEnvolvidas": "Homic\u00eddio simples (art. 121)", "tipoEnvolvimento": "V\u00edtima", "nome": "OSMAR POLESI FILHO", "instrucao": "2 Grau completo", "profissao": "VENDEDOR(A)", "sexo": "Masculino", "idade": "51", "rg": "11457427-SP", "dataNascimento": "16/01/1963", "cutis": "Branca"}], "idBO": "2014-200100-559", "nomeDelegaciaBoPrincipal": "53\u00ba D.P. PARQUE DO CARMO", "naturezas": [{"especie": "T\u00edtulo I - Pessoa (arts. 121 a 154)", "descricao": "Homic\u00eddio simples (art. 121)"}], "flagrante": "N\u00e3o", "lon": -46.3954137, "dataComunicacao": "27/07/2014", "solucao": "BO PARA INQU\u00c9RITO", "numeroBoPrincipal": "5531", "categoria": "HOMICIDIO_DOLOSO", "dataOcorrencia": "27/07/2014", "examesRequisitados": "IC-IML", "idDelegacia": "200100", "numero": "559", "tipoBoletim": "Complementar", "dataElaboracao": "27/07/2014", "tipoLocal": "Resid\u00eancia", "lat": -23.5672148, "horaComunicacao": "20:03", "anoBoPrincipal": "2014", "circunscricao": "44\u00ba D.P. GUAIANAZES", "local": "RUA DOUTOR FRANCISCO BUENO TORRES, 33 - GUAIANASES - S.PAULO - SP", "dependencia": "DHPP DIV. HOMICIDIOS"}