{"horaElaboracao": "21:44", "turnoOcorrencia": "A TARDE", "partesEnvolvidas": [{"naturalidade": "ITAQUAQUECETUBA -SP", "estadoCivil": "Solteiro", "naturezasEnvolvidas": "Homic\u00eddio simples (art. 121)", "tipoEnvolvimento": "V\u00edtima", "nome": "ALDO OLIVEIRA MARTINS DOS SANTOS", "instrucao": "1 Grau completo", "nacionalidade": "BRASILEIRA", "sexo": "Masculino", "idade": "16", "rg": "53815312-SP", "dataNascimento": "05/06/1998", "cutis": "Parda"}], "idBO": "2014-30304-8517", "naturezas": [{"especie": "T\u00edtulo I - Pessoa (arts. 121 a 154)", "descricao": "Homic\u00eddio simples (art. 121)"}], "flagrante": "N\u00e3o", "lon": -46.8952925, "dataComunicacao": "20/12/2014", "solucao": "APRECIA\u00c7\u00c3O DO DELEGADO TITULAR", "local": "RUA ARMANDO BORGES DA SILVA, 8 - PEDREIRA - ITAQUAQUECETUBA - SP", "categoria": "HOMICIDIO_DOLOSO", "dataOcorrencia": "20/12/2014", "examesRequisitados": "IC-IML", "idDelegacia": "30304", "numero": "8517", "dataElaboracao": "20/12/2014", "tipoLocal": "Via p\u00fablica", "lat": -22.7418343, "horaComunicacao": "21:30", "tipoBoletim": "Principal", "circunscricao": "DEL.POL.ITAQUAQUECETUBA", "dependencia": "DEL.POL.ITAQUAQUECETUBA"}