{"horaElaboracao": "08:34", "turnoOcorrencia": "DE MADRUGADA", "partesEnvolvidas": [{"naturalidade": "CANAPI/AL", "estadoCivil": "Solteiro", "naturezasEnvolvidas": "Homic\u00eddio simples (art. 121)", "tipoEnvolvimento": "V\u00edtima", "nome": "JOEDISON EDISON DO NASCIMENTO", "profissao": "SERVENTE", "nacionalidade": "BRASILEIRA", "sexo": "Masculino", "idade": "25", "rg": "47113329-SP", "dataNascimento": "29/04/1988", "cutis": "Branca"}], "idBO": "2014-70942-1270", "naturezas": [{"especie": "T\u00edtulo I - Pessoa (arts. 121 a 154)", "descricao": "Homic\u00eddio simples (art. 121)"}, {"especie": "T\u00edtulo I - Pessoa (arts. 121 a 154)", "descricao": "Homic\u00eddio simples (art. 121)"}], "flagrante": "N\u00e3o", "lon": -47.1952857, "dataComunicacao": "20/04/2014", "solucao": "ENCAMINHAMENTO DP \u00c1REA DO FATO", "local": "RUA BENEDITO ANTONIO FILHO, 130 - STA CLARA DO LAGO - CAMPINAS - SP", "categoria": "HOMICIDIO_DOLOSO", "dataOcorrencia": "20/04/2014", "examesRequisitados": "IML", "idDelegacia": "70942", "numero": "1270", "dataElaboracao": "20/04/2014", "tipoLocal": "Via p\u00fablica", "lat": -22.949056, "horaComunicacao": "08:31", "tipoBoletim": "Principal", "circunscricao": "11\u00ba D.P. CAMPINAS", "dependencia": "DEL.SEC.2\u00aa CAMPINAS-PLANT\u00c3O"}