{"horaElaboracao": "02:16", "turnoOcorrencia": "A NOITE", "partesEnvolvidas": [{"naturalidade": "S.BERNARDO DO CAMPO -SP", "estadoCivil": "Solteiro", "naturezasEnvolvidas": "Homic\u00eddio simples (art. 121)", "tipoEnvolvimento": "V\u00edtima", "nome": "WESLLEY MARQUES DA SILVA", "instrucao": "2 Grau completo", "profissao": "AJUDANTE", "nacionalidade": "BRASILEIRA", "sexo": "Masculino", "idade": "23", "rg": "47423968-SP", "dataNascimento": "12/05/1991", "cutis": "Branca"}], "idBO": "2014-30122-7200", "naturezas": [{"especie": "T\u00edtulo I - Pessoa (arts. 121 a 154)", "descricao": "Homic\u00eddio simples (art. 121)"}], "flagrante": "N\u00e3o", "lon": -46.6108527, "dataComunicacao": "14/10/2014", "solucao": "ENCAMINHAMENTO DP \u00c1REA DO FATO", "local": "PASSAGEM DIADEMA, 35 - INAMAR - DIADEMA - SP", "categoria": "HOMICIDIO_DOLOSO", "dataOcorrencia": "13/10/2014", "examesRequisitados": "IC-IML", "idDelegacia": "30122", "numero": "7200", "dataElaboracao": "14/10/2014", "tipoLocal": "Via p\u00fablica", "lat": -23.714062, "horaComunicacao": "02:14", "tipoBoletim": "Principal", "circunscricao": "04\u00ba D.P. DIADEMA", "dependencia": "01\u00ba D.P. DIADEMA"}