{"horaElaboracao": "18:00", "turnoOcorrencia": "A TARDE", "partesEnvolvidas": [{"naturalidade": "BARRA -BA", "estadoCivil": "Separado", "naturezasEnvolvidas": "Homic\u00eddio simples (art. 121)", "tipoEnvolvimento": "V\u00edtima", "nome": "JOAO NOLASCO ALVES SOBRINHO", "instrucao": "1 Grau completo", "profissao": "VENDEDOR(A) AMBULANTE", "sexo": "Masculino", "idade": "57", "rg": "12937741-SP", "dataNascimento": "17/03/1957", "cutis": "Branca"}], "idBO": "2014-30212-5781", "naturezas": [{"especie": "T\u00edtulo I - Pessoa (arts. 121 a 154)", "descricao": "Homic\u00eddio simples (art. 121)"}], "flagrante": "N\u00e3o", "lon": -46.4183184, "dataComunicacao": "06/08/2014", "solucao": "APRECIA\u00c7\u00c3O DO DELEGADO TITULAR", "local": "RUA CRISTALINA, 247 - PQ BRASILIA - GUARULHOS - SP", "categoria": "HOMICIDIO_DOLOSO", "dataOcorrencia": "06/08/2014", "examesRequisitados": "IC-IML", "idDelegacia": "30212", "numero": "5781", "dataElaboracao": "06/08/2014", "tipoLocal": "Via p\u00fablica", "lat": -23.436705, "horaComunicacao": "17:58", "tipoBoletim": "Principal", "circunscricao": "04\u00ba D.P. GUARULHOS", "dependencia": "04\u00ba D.P. GUARULHOS"}