{"horaElaboracao": "16:14", "turnoOcorrencia": "A TARDE", "partesEnvolvidas": [{"naturalidade": "S.SEBASTIAO -SP", "estadoCivil": "Solteiro", "naturezasEnvolvidas": "Homic\u00eddio qualificado (art. 121, \u00a72o.)", "tipoEnvolvimento": "V\u00edtima", "nome": "DOUGLAS ROMAO", "instrucao": "1 Grau completo", "profissao": "SERVENTE", "sexo": "Masculino", "idade": "27", "rg": "42630943-SP", "dataNascimento": "27/05/1987", "cutis": "Parda"}], "idBO": "2014-130504-92", "nomeDelegaciaBoPrincipal": "DEL.SEC.JACAREI PLANT\u00c3O", "naturezas": [{"especie": "T\u00edtulo I - Pessoa (arts. 121 a 154)", "descricao": "Homic\u00eddio qualificado (art. 121, \u00a72o.)"}], "flagrante": "N\u00e3o", "lon": -45.9239376, "dataComunicacao": "08/07/2014", "solucao": "BO PARA ADENDO", "numeroBoPrincipal": "2223", "categoria": "HOMICIDIO_DOLOSO", "dataOcorrencia": "06/07/2014", "examesRequisitados": "IC-IML", "idDelegacia": "130504", "numero": "92", "tipoBoletim": "Complementar", "dataElaboracao": "08/07/2014", "tipoLocal": "Rodovia/Estrada", "lat": -23.3153792, "horaComunicacao": "16:10", "anoBoPrincipal": "2014", "circunscricao": "01\u00ba D.P. JACAREI", "local": "ESTRADA DO MATO DENTRO - MATO DENTRO - JACAREI - SP", "dependencia": "DEL.INV.GER. JACAREI"}