{"horaElaboracao": "23:31", "turnoOcorrencia": "A TARDE", "partesEnvolvidas": [{"naturalidade": "SIMPLICIO MENDES -PI", "estadoCivil": "Solteiro", "naturezasEnvolvidas": "Homic\u00eddio simples (art. 121)", "tipoEnvolvimento": "V\u00edtima", "nome": "CARLOS AUGUSTO MUNIZ BRAGA", "instrucao": "2 Grau completo", "profissao": "VENDEDOR(A) AMBULANTE", "nacionalidade": "BRASILEIRA", "sexo": "Masculino", "idade": "30", "rg": "50308974-SP", "dataNascimento": "15/09/1984", "cutis": "Parda"}], "idBO": "2014-200100-658", "naturezas": [{"especie": "T\u00edtulo I - Pessoa (arts. 121 a 154)", "descricao": "Homic\u00eddio simples (art. 121)"}, {"especie": "T\u00edtulo XI - Administra\u00e7\u00e3o p\u00fablica (arts. 312 a 359-H)", "descricao": "Desacato (art. 331)"}], "flagrante": "N\u00e3o", "lon": -46.7042934, "dataComunicacao": "18/09/2014", "solucao": "BO PARA FLAGRANTE", "local": "RUA DOZE DE OUTUBRO, 210 - LAPA - S.PAULO - SP", "categoria": "HOMICIDIO_DOLOSO", "dataOcorrencia": "18/09/2014", "examesRequisitados": "IC-IML", "idDelegacia": "200100", "numero": "658", "dataElaboracao": "18/09/2014", "tipoLocal": "Via p\u00fablica", "lat": -23.5198128, "horaComunicacao": "23:27", "tipoBoletim": "Principal", "circunscricao": "07\u00ba D.P. LAPA", "dependencia": "DHPP DIV. HOMICIDIOS"}