{"horaElaboracao": "13:59", "turnoOcorrencia": "A NOITE", "partesEnvolvidas": [{"naturalidade": "S.PAULO -SP", "estadoCivil": "Solteiro", "naturezasEnvolvidas": "Homic\u00eddio qualificado (art. 121, \u00a72o.), Viol\u00eancia Dom\u00e9stica", "tipoEnvolvimento": "V\u00edtima", "nome": "MICHELLIN ALCANTARA DA SILVA PEREIRA", "instrucao": "1 Grau completo", "nacionalidade": "BRASILEIRA", "sexo": "Feminino", "idade": "29", "rg": "37488746-SP", "dataNascimento": "03/07/1985", "cutis": "Parda"}], "idBO": "2014-10310-8355", "nomeDelegaciaBoPrincipal": "56\u00ba D.P. VILA ALPINA", "naturezas": [{"especie": "T\u00edtulo I - Pessoa (arts. 121 a 154)", "desdobramentos": "II - por motivo f\u00fatil, III - com emprego de meio insidioso ou cruel, ou de que resulte perigo comum", "descricao": "Homic\u00eddio qualificado (art. 121, \u00a72o.)"}, {"especie": "T\u00edtulo XI - Administra\u00e7\u00e3o p\u00fablica (arts. 312 a 359-H)", "descricao": "Fraude processual (art. 347)"}, {"especie": "L 11340/06 Viol\u00eancia Dom\u00e9stica", "descricao": "Viol\u00eancia Dom\u00e9stica"}], "flagrante": "N\u00e3o", "lon": -46.5645095, "dataComunicacao": "27/12/2014", "solucao": "BO PARA ADENDO", "numeroBoPrincipal": "8354", "categoria": "HOMICIDIO_DOLOSO", "dataOcorrencia": "26/12/2014", "idDelegacia": "10310", "numero": "8355", "tipoBoletim": "Complementar", "dataElaboracao": "27/12/2014", "tipoLocal": "Resid\u00eancia", "lat": -23.5788884, "horaComunicacao": "13:57", "anoBoPrincipal": "2014", "circunscricao": "29\u00ba D.P. VILA PRUDENTE", "local": "RUA PROFESSOR HENRI WEBER, 37 - AGUA RASA - S.PAULO - SP", "dependencia": "56\u00ba D.P. VILA ALPINA"}