{"horaElaboracao": "02:45", "turnoOcorrencia": "DE MADRUGADA", "partesEnvolvidas": [{"naturalidade": "BOQUIRA-BA", "estadoCivil": "Solteiro", "naturezasEnvolvidas": "A.I.-Homic\u00eddio qualificado (art. 121, \u00a72o.)", "tipoEnvolvimento": "V\u00edtima", "nome": "GILENO SANTOS SILVA", "profissao": "PIZZAIOLO", "nacionalidade": "BRASILEIRA", "sexo": "Masculino", "idade": "19", "rg": "1522571442-BA", "dataNascimento": "13/01/1995", "cutis": "Branca"}], "idBO": "2014-10333-4547", "naturezas": [{"especie": "Ato infracional", "desdobramentos": "II - por motivo f\u00fatil", "descricao": "A.I.-Homic\u00eddio qualificado (art. 121, \u00a72o.)"}], "flagrante": "Sim", "lon": -46.7530353, "dataComunicacao": "16/06/2014", "solucao": "ENCAM FEBEM/V.INFAN.JUVENTUDE", "local": "RUA JOSE RODRIGUES NEVES, 264 - JAGUARA - LANCHONETE - S.PAULO - SP", "categoria": "HOMICIDIO_DOLOSO", "dataOcorrencia": "16/06/2014", "examesRequisitados": "IC-IML", "idDelegacia": "10333", "numero": "4547", "dataElaboracao": "16/06/2014", "tipoLocal": "Restaurante e afins", "lat": -23.5185069, "horaComunicacao": "02:41", "tipoBoletim": "Principal", "circunscricao": "33\u00ba D.P. PIRITUBA", "dependencia": "33\u00ba D.P. PIRITUBA"}