{"horaElaboracao": "19:00", "turnoOcorrencia": "A NOITE", "partesEnvolvidas": [{"naturalidade": "ITAMARAJU -BA", "estadoCivil": "Casado", "naturezasEnvolvidas": "Homic\u00eddio simples (art. 121)", "tipoEnvolvimento": "V\u00edtima", "nome": "JOSE HIPOLITO SOARES", "instrucao": "2 Grau completo", "profissao": "CAMINHONEIRO", "nacionalidade": "BRASILEIRA", "sexo": "Masculino", "idade": "54", "rg": "35145364-SP", "dataNascimento": "18/06/1959", "cutis": "Branca"}], "idBO": "2014-10247-325", "naturezas": [{"especie": "T\u00edtulo I - Pessoa (arts. 121 a 154)", "desdobramentos": "IV - \u00e0 trai\u00e7\u00e3o ou mediante dissimula\u00e7\u00e3o ou outro recurso", "descricao": "Homic\u00eddio qualificado (art. 121, \u00a72o.)"}], "flagrante": "N\u00e3o", "lon": -46.76976860000001, "dataComunicacao": "08/01/2014", "solucao": "BO PARA INQU\u00c9RITO", "local": "R ALVARO RODRIGUES DO PRADO, 3 - CAP\u00c3O REDONDO - S.PAULO - SP", "categoria": "HOMICIDIO_DOLOSO", "dataOcorrencia": "08/01/2014", "examesRequisitados": "IC-IML", "idDelegacia": "10247", "numero": "325", "dataElaboracao": "08/01/2014", "tipoLocal": "Via p\u00fablica", "lat": -23.6773673, "horaComunicacao": "18:59", "tipoBoletim": "Principal", "circunscricao": "47\u00ba D.P. CAPAO REDONDO", "dependencia": "47\u00ba D.P. CAPAO REDONDO"}