{"horaElaboracao": "21:01", "turnoOcorrencia": "A TARDE", "partesEnvolvidas": [{"naturalidade": "MOGI DAS CRUZES -SP", "estadoCivil": "Solteiro", "naturezasEnvolvidas": "Homic\u00eddio qualificado (art. 121, \u00a72o.)", "tipoEnvolvimento": "V\u00edtima", "nome": "FLAVIA APARECIDA DE PAULA HONORIO", "instrucao": "1 Grau completo", "profissao": "FAXINEIRO(A)", "sexo": "Feminino", "idade": "38", "rg": "33381224-SP", "dataNascimento": "18/10/1976", "cutis": "Branca"}], "idBO": "2014-30307-5440", "naturezas": [{"especie": "T\u00edtulo I - Pessoa (arts. 121 a 154)", "descricao": "Homic\u00eddio qualificado (art. 121, \u00a72o.)"}], "flagrante": "N\u00e3o", "lon": -46.2277761, "dataComunicacao": "29/11/2014", "solucao": "APRECIA\u00c7\u00c3O DO DELEGADO TITULAR", "local": "RUA BENEDITO ARAGAO CARDOSO - BRAS CUBAS - MOGI DAS CRUZES - SP", "categoria": "HOMICIDIO_DOLOSO", "dataOcorrencia": "29/11/2014", "examesRequisitados": "IC-IML", "idDelegacia": "30307", "numero": "5440", "dataElaboracao": "29/11/2014", "tipoLocal": "Resid\u00eancia", "lat": -23.537709, "horaComunicacao": "20:49", "tipoBoletim": "Principal", "circunscricao": "02\u00ba D.P. MOGI DAS CRUZES", "dependencia": "02\u00ba D.P. MOGI DAS CRUZES"}