{"horaElaboracao": "04:47", "turnoOcorrencia": "DE MADRUGADA", "partesEnvolvidas": [{"naturalidade": "GUARULHOS -SP", "estadoCivil": "Solteiro", "naturezasEnvolvidas": "Homic\u00eddio simples (art. 121)", "tipoEnvolvimento": "V\u00edtima", "nome": "FATAL WELLERSON LOTERIO DA SILVA", "instrucao": "1 Grau completo", "profissao": "ESTUDANTE", "nacionalidade": "BRASILEIRA", "sexo": "Masculino", "idade": "16", "rg": "38565527-SP", "dataNascimento": "12/07/1997", "cutis": "Branca"}], "idBO": "2014-20224-3769", "naturezas": [{"especie": "T\u00edtulo I - Pessoa (arts. 121 a 154)", "descricao": "Homic\u00eddio simples (art. 121)"}, {"especie": "T\u00edtulo I - Pessoa (arts. 121 a 154)", "descricao": "Homic\u00eddio simples (art. 121)"}], "flagrante": "N\u00e3o", "lon": -46.4670402, "dataComunicacao": "14/04/2014", "solucao": "ENCAMINHAMENTO DP \u00c1REA DO FATO", "local": "AVENIDA CAITITU, 1152 - ITAQUERA - S.PAULO - SP", "categoria": "HOMICIDIO_DOLOSO", "dataOcorrencia": "14/04/2014", "examesRequisitados": "IC-IML", "idDelegacia": "20224", "numero": "3769", "dataElaboracao": "14/04/2014", "tipoLocal": "Via p\u00fablica", "lat": -23.5270854, "horaComunicacao": "04:25", "tipoBoletim": "Principal", "circunscricao": "64\u00ba D.P. CID.AE CARVALHO", "dependencia": "24\u00ba D.P. PONTE RASA"}