{"categoria": "HOMICIDIO_DOLOSO", "dependencia": "47\u00ba D.P. CAPAO REDONDO", "naturezas": [{"especie": "T\u00edtulo I - Pessoa (arts. 121 a 154)", "descricao": "Homic\u00eddio simples (art. 121)"}], "tipoLocal": "Com\u00e9rcio e servi\u00e7os", "partesEnvolvidas": [{"naturalidade": "QUIXERAMOBIM -CE", "estadoCivil": "Casado", "naturezasEnvolvidas": "Homic\u00eddio simples (art. 121)", "tipoEnvolvimento": "V\u00edtima", "nome": "ANTONIO ADALTO FERREIRA DA SILVA", "instrucao": "1 Grau completo", "profissao": "COMERCIANTE", "sexo": "Masculino", "idade": "47", "rg": "28595393-SP", "dataNascimento": "23/04/1967", "cutis": "Parda"}], "dataOcorrencia": "29/09/2014", "lon": -46.6900382, "idDelegacia": "10247", "horaElaboracao": "00:44", "flagrante": "N\u00e3o", "numero": "10808", "dataComunicacao": "30/09/2014", "dataElaboracao": "30/09/2014", "tipoBoletim": "Principal", "turnoOcorrencia": "A NOITE", "idBO": "2014-10247-10808", "solucao": "APRECIA\u00c7\u00c3O DO DELEGADO TITULAR", "lat": -23.6364792, "horaComunicacao": "00:37", "local": "RUA DA PAZ, 10 - - S.PAULO - SP", "circunscricao": "47\u00ba D.P. CAPAO REDONDO"}