{"horaElaboracao": "10:53", "turnoOcorrencia": "PELA MANH\u00c3", "partesEnvolvidas": [{"naturalidade": "IRECE -BA", "estadoCivil": "Solteiro", "naturezasEnvolvidas": "Homic\u00eddio simples (art. 121)", "tipoEnvolvimento": "V\u00edtima", "nome": "IVAN FRANCISCO DA SILVA", "instrucao": "1 Grau completo", "profissao": "AJUDANTE", "nacionalidade": "BRASILEIRA", "sexo": "Masculino", "idade": "39", "rg": "36975984-SP", "dataNascimento": "02/02/1975", "cutis": "Branca"}], "idBO": "2014-200100-857", "nomeDelegaciaBoPrincipal": "90\u00ba D.P. PQ. NOVO MUNDO", "naturezas": [{"especie": "T\u00edtulo I - Pessoa (arts. 121 a 154)", "descricao": "Homic\u00eddio simples (art. 121)"}], "flagrante": "N\u00e3o", "lon": -46.5652749, "dataComunicacao": "04/12/2014", "solucao": "BO PARA INQU\u00c9RITO", "numeroBoPrincipal": "4565", "categoria": "HOMICIDIO_DOLOSO", "dataOcorrencia": "04/12/2014", "examesRequisitados": "IC-IML", "idDelegacia": "200100", "numero": "857", "tipoBoletim": "Complementar", "dataElaboracao": "04/12/2014", "tipoLocal": "Via p\u00fablica", "lat": -23.5176907, "horaComunicacao": "10:52", "anoBoPrincipal": "2014", "circunscricao": "90\u00ba D.P. PQ. NOVO MUNDO", "local": "ALAMEDA SEGUNDO SARGENTO NEVIO BARACHO D, 240 - VILA MARIA - S.PAULO - SP", "dependencia": "DHPP DIV. HOMICIDIOS"}