{"horaElaboracao": "01:58", "turnoOcorrencia": "DE MADRUGADA", "partesEnvolvidas": [{"naturalidade": "S.PAULO -SP", "estadoCivil": "Solteiro", "naturezasEnvolvidas": "Homic\u00eddio simples (art. 121)", "tipoEnvolvimento": "V\u00edtima", "nome": "THIAGO SANTOS DO NASCIMENTO", "cutis": "Branca", "sexo": "Masculino", "idade": "26", "rg": "41478943-SP", "dataNascimento": "05/03/1988"}], "idBO": "2014-10336-8320", "naturezas": [{"especie": "T\u00edtulo I - Pessoa (arts. 121 a 154)", "descricao": "Homic\u00eddio simples (art. 121)"}, {"especie": "T\u00edtulo I - Pessoa (arts. 121 a 154)", "descricao": "Homic\u00eddio simples (art. 121)"}], "flagrante": "N\u00e3o", "lon": -46.5712355, "dataComunicacao": "07/08/2014", "solucao": "APRECIA\u00c7\u00c3O DO DELEGADO TITULAR", "local": "RUA SAO JOSE DE SERZEDELO - JACANA - S.PAULO - SP", "categoria": "HOMICIDIO_DOLOSO", "dataOcorrencia": "07/08/2014", "examesRequisitados": "IC-IML", "idDelegacia": "10336", "numero": "8320", "dataElaboracao": "07/08/2014", "tipoLocal": "Via p\u00fablica", "lat": -23.4713939, "horaComunicacao": "01:57", "tipoBoletim": "Principal", "circunscricao": "73\u00ba D.P. JACANA", "dependencia": "73\u00ba D.P. JACANA"}