{"categoria": "LATROCINIO", "dependencia": "78\u00ba D.P. JARDINS", "naturezas": [{"especie": "T\u00edtulo II - Patrim\u00f4nio (arts. 155 a 183)", "desdobramentos": "\u00a73o. Se da viol\u00eancia resulta morte:", "descricao": "Roubo (art. 157)"}], "tipoLocal": "Via p\u00fablica", "partesEnvolvidas": [{"naturalidade": "OSASCO -SP", "estadoCivil": "Solteiro", "tipoEnvolvimento": "V\u00edtima", "nome": "BRUNO BORGES DE OLIVEIRA", "instrucao": "2 Grau completo", "nacionalidade": "BRASILEIRA", "sexo": "Masculino", "idade": "18", "rg": "45957848-SP", "dataNascimento": "02/07/1995", "cutis": "Branca"}], "dataOcorrencia": "26/01/2014", "lon": -46.6541895, "idDelegacia": "10342", "horaElaboracao": "08:25", "flagrante": "N\u00e3o", "numero": "737", "dataComunicacao": "26/01/2014", "dataElaboracao": "26/01/2014", "tipoBoletim": "Principal", "turnoOcorrencia": "DE MADRUGADA", "idBO": "2014-10342-737", "solucao": "ENCAMINHAMENTO DP \u00c1REA DO FATO", "lat": -23.5555773, "horaComunicacao": "08:21", "local": "R HERCULANO DE FREITAS, 268 - BELA VISTA - S.PAULO - SP", "circunscricao": "04\u00ba D.P. CONSOLA\u00c7\u00c3O"}