{"horaElaboracao": "13:38", "turnoOcorrencia": "PELA MANH\u00c3", "partesEnvolvidas": [{"naturalidade": "S.PAULO -SP", "estadoCivil": "Casado", "naturezasEnvolvidas": "Homic\u00eddio simples (art. 121)", "tipoEnvolvimento": "V\u00edtima", "nome": "RICARDO FREDERICO BELAU", "instrucao": "Superior completo", "profissao": "POLICIAL CIVIL", "nacionalidade": "BRASILEIRA", "sexo": "Masculino", "idade": "36", "rg": "26806002-SP", "dataNascimento": "12/07/1977", "cutis": "Branca"}], "idBO": "2014-200100-342", "nomeDelegaciaBoPrincipal": "16\u00ba D.P. VILA CLEMENTINO", "naturezas": [{"especie": "T\u00edtulo I - Pessoa (arts. 121 a 154)", "descricao": "Homic\u00eddio simples (art. 121)"}], "flagrante": "N\u00e3o", "lon": -46.5247918, "dataComunicacao": "06/05/2014", "solucao": "BO PARA INQU\u00c9RITO", "numeroBoPrincipal": "5536", "categoria": "HOMICIDIO_DOLOSO", "dataOcorrencia": "06/05/2014", "examesRequisitados": "IC-IML", "idDelegacia": "200100", "numero": "342", "tipoBoletim": "Complementar", "dataElaboracao": "06/05/2014", "tipoLocal": "Via p\u00fablica", "lat": -23.7065676, "horaComunicacao": "13:37", "anoBoPrincipal": "2014", "circunscricao": "16\u00ba D.P. VILA CLEMENTINO", "local": "AVENIDA DO CURSINO, 912 - JARDIM COLINA - S.PAULO - SP", "dependencia": "DHPP DIV. HOMICIDIOS"}