{"horaElaboracao": "20:34", "turnoOcorrencia": "A NOITE", "partesEnvolvidas": [{"naturalidade": "GUARULHOS -SP", "estadoCivil": "Convivente", "naturezasEnvolvidas": "Homic\u00eddio simples (art. 121)", "tipoEnvolvimento": "V\u00edtima", "nome": "ROBSON RODRIGO GONCALVES GRILLO", "instrucao": "1 Grau incompleto", "nacionalidade": "BRASILEIRA", "sexo": "Masculino", "idade": "25", "rg": "45009420-SP", "dataNascimento": "21/01/1989", "cutis": "Parda"}], "idBO": "2014-30217-8538", "naturezas": [{"especie": "T\u00edtulo I - Pessoa (arts. 121 a 154)", "descricao": "Homic\u00eddio simples (art. 121)"}], "flagrante": "N\u00e3o", "lon": -46.43389690000001, "dataComunicacao": "22/11/2014", "solucao": "APRECIA\u00c7\u00c3O DO DELEGADO TITULAR", "local": "RUA ANDORRA, 87 - PRESIDENTE DUTRA - GUARULHOS - SP", "categoria": "HOMICIDIO_DOLOSO", "dataOcorrencia": "22/11/2014", "examesRequisitados": "IC-IML", "idDelegacia": "30217", "numero": "8538", "dataElaboracao": "22/11/2014", "tipoLocal": "Via p\u00fablica", "lat": -23.4167838, "horaComunicacao": "20:32", "tipoBoletim": "Principal", "circunscricao": "07\u00ba D.P. GUARULHOS", "dependencia": "07\u00ba D.P. GUARULHOS"}