{"horaElaboracao": "09:15", "turnoOcorrencia": "DE MADRUGADA", "partesEnvolvidas": [{"naturalidade": "BARIRI -SP", "estadoCivil": "Solteiro", "naturezasEnvolvidas": "Homic\u00eddio simples (art. 121)", "tipoEnvolvimento": "V\u00edtima", "nome": "VITOR LEONARDO DOS SANTOS", "profissao": "ELETROTECNICO", "nacionalidade": "BRASILEIRA", "sexo": "Masculino", "idade": "28", "rg": "41996027-SP", "dataNascimento": "12/01/1986", "cutis": "Branca"}], "idBO": "2014-60202-1462", "naturezas": [{"especie": "T\u00edtulo I - Pessoa (arts. 121 a 154)", "descricao": "Homic\u00eddio simples (art. 121)"}], "flagrante": "N\u00e3o", "lon": -46.6810639, "dataComunicacao": "19/10/2014", "solucao": "APRECIA\u00c7\u00c3O DO DELEGADO TITULAR", "local": "RUA JOSE APARECIDO BARATELA - MARIA LUIZA III - BARIRI - SP", "categoria": "HOMICIDIO_DOLOSO", "dataOcorrencia": "19/10/2014", "examesRequisitados": "IC-IML", "idDelegacia": "60202", "numero": "1462", "dataElaboracao": "19/10/2014", "tipoLocal": "Via p\u00fablica", "lat": -23.5993088, "horaComunicacao": "09:13", "tipoBoletim": "Principal", "circunscricao": "DEL.POL.BARIRI", "dependencia": "DEL.POL.BARIRI"}