{"categoria": "HOMICIDIO_DOLOSO", "dependencia": "01\u00ba D.P. PRAIA GRANDE", "naturezas": [{"especie": "T\u00edtulo I - Pessoa (arts. 121 a 154)", "descricao": "Homic\u00eddio simples (art. 121)"}], "tipoLocal": "Sa\u00fade", "partesEnvolvidas": [{"naturalidade": "S.PAULO -SP", "estadoCivil": "Solteiro", "naturezasEnvolvidas": "Homic\u00eddio simples (art. 121)", "tipoEnvolvimento": "V\u00edtima", "nome": "ANDERSON DE JESUS OLIVEIRA", "instrucao": "1 Grau completo", "profissao": "SERVENTE", "sexo": "Masculino", "idade": "38", "rg": "29747343-SP", "dataNascimento": "06/05/1976", "cutis": "Parda"}], "dataOcorrencia": "06/06/2014", "lon": -46.4165826, "idDelegacia": "40225", "horaElaboracao": "16:11", "flagrante": "N\u00e3o", "numero": "2105", "dataComunicacao": "06/06/2014", "dataElaboracao": "06/06/2014", "tipoBoletim": "Principal", "turnoOcorrencia": "PELA MANH\u00c3", "idBO": "2014-40225-2105", "solucao": "BO PARA INVESTIGA\u00c7\u00c3O", "lat": -24.0055714, "horaComunicacao": "15:51", "local": "RUA DAIR BORGES - BOQUEIRAO - PRAIA GRANDE - SP", "circunscricao": "01\u00ba D.P. PRAIA GRANDE"}