{"horaElaboracao": "11:50", "turnoOcorrencia": "PELA MANH\u00c3", "partesEnvolvidas": [{"naturalidade": "OSASCO -SP", "estadoCivil": "Solteiro", "naturezasEnvolvidas": "Homic\u00eddio qualificado (art. 121, \u00a72o.), Suic\u00eddio consumado", "tipoEnvolvimento": "Autor/Vitima", "nome": "ANDRE LUIZ FERNANDES", "instrucao": "1 Grau completo", "profissao": "COMERCIANTE", "nacionalidade": "BRASILEIRA", "sexo": "Masculino", "idade": "30", "rg": "28394951-SP", "dataNascimento": "26/11/1984", "cutis": "Branca"}, {"naturalidade": "DIADEMA -SP", "estadoCivil": "Solteiro", "naturezasEnvolvidas": "Homic\u00eddio qualificado (art. 121, \u00a72o.)", "tipoEnvolvimento": "V\u00edtima", "nome": "ANGELICA SANTOS GREGORIO", "instrucao": "2 Grau completo", "profissao": "VENDEDOR(A)", "nacionalidade": "BRASILEIRA", "sexo": "Feminino", "idade": "23", "rg": "48446730-SP", "dataNascimento": "16/08/1991", "cutis": "Branca"}], "idBO": "2014-30441-2232", "naturezas": [{"especie": "T\u00edtulo I - Pessoa (arts. 121 a 154)", "desdobramentos": "II - por motivo f\u00fatil", "descricao": "Homic\u00eddio qualificado (art. 121, \u00a72o.)"}, {"especie": "Suic\u00eddio", "descricao": "Suic\u00eddio consumado"}], "flagrante": "N\u00e3o", "lon": -46.8892424, "dataComunicacao": "22/12/2014", "solucao": "AGUARDANDO LAUDOS", "local": "RUA DAS MARIAS, 45 - PARQUE DOS CAMARGOS - BARUERI - SP", "categoria": "HOMICIDIO_DOLOSO", "dataOcorrencia": "22/12/2014", "examesRequisitados": "IC-IML", "idDelegacia": "30441", "numero": "2232", "dataElaboracao": "22/12/2014", "tipoLocal": "Resid\u00eancia", "lat": -23.5410015, "horaComunicacao": "11:46", "tipoBoletim": "Principal", "circunscricao": "01\u00ba D.P. BARUERI", "dependencia": "01\u00ba D.P. BARUERI"}