{"categoria": "HOMICIDIO_DOLOSO", "dependencia": "101\u00ba D.P. JDIM IMBUIAS", "naturezas": [{"especie": "T\u00edtulo I - Pessoa (arts. 121 a 154)", "descricao": "Homic\u00eddio simples (art. 121)"}], "tipoLocal": "Via p\u00fablica", "partesEnvolvidas": [{"naturalidade": "SAO PAULO", "estadoCivil": "Solteiro", "tipoEnvolvimento": "V\u00edtima", "nome": "LAELSON VIEIRA DOS SANTOS JUNIOR", "nacionalidade": "BRASILEIRA", "sexo": "Masculino", "idade": "0", "rg": "50717968-SP", "naturezasEnvolvidas": "Homic\u00eddio simples (art. 121)", "cutis": "Parda"}], "dataOcorrencia": "15/05/2014", "lon": -46.7140922, "idDelegacia": "10374", "horaElaboracao": "02:47", "flagrante": "N\u00e3o", "numero": "4484", "dataComunicacao": "16/05/2014", "dataElaboracao": "16/05/2014", "tipoBoletim": "Principal", "turnoOcorrencia": "A NOITE", "idBO": "2014-10374-4484", "solucao": "ENCAMINHAMENTO DP \u00c1REA DO FATO", "lat": -23.7629212, "horaComunicacao": "02:39", "local": "AVENIDA DOUTOR HENRIQUE GUILHERME THUT, 174 - CIDADE DUTRA - S.PAULO - SP", "circunscricao": "85\u00ba D.P. JARDIM MIRNA"}