{"categoria": "HOMICIDIO_DOLOSO", "dependencia": "73\u00ba D.P. JACANA", "naturezas": [{"especie": "T\u00edtulo I - Pessoa (arts. 121 a 154)", "descricao": "Homic\u00eddio simples (art. 121)"}], "tipoLocal": "Via p\u00fablica", "partesEnvolvidas": [{"naturalidade": "GUARULHOS -SP", "estadoCivil": "Solteiro", "naturezasEnvolvidas": "Homic\u00eddio simples (art. 121)", "tipoEnvolvimento": "V\u00edtima", "nome": "ALAN LOPES ALMEIDA", "instrucao": "1 Grau completo", "nacionalidade": "BRASILEIRA", "sexo": "Masculino", "idade": "20", "rg": "43310358-SP", "dataNascimento": "26/04/1994", "cutis": "Branca"}], "dataOcorrencia": "04/10/2014", "lon": -46.57707, "idDelegacia": "10336", "horaElaboracao": "02:15", "flagrante": "N\u00e3o", "numero": "10406", "dataComunicacao": "04/10/2014", "dataElaboracao": "04/10/2014", "tipoBoletim": "Principal", "turnoOcorrencia": "DE MADRUGADA", "idBO": "2014-10336-10406", "solucao": "BO PARA REGISTRO", "lat": -23.4384321, "horaComunicacao": "02:06", "local": "RUA SANTO ANCELMO DO CANTUA, 49 - JD FONTALES - S.PAULO - SP", "circunscricao": "73\u00ba D.P. JACANA"}