{"horaElaboracao": "13:16", "turnoOcorrencia": "A NOITE", "partesEnvolvidas": [{"naturalidade": "COLORADO -PR", "naturezasEnvolvidas": "Homic\u00eddio qualificado (art. 121, \u00a72o.)", "tipoEnvolvimento": "V\u00edtima", "nome": "EVERALDO FERNANDO DE MOURA", "profissao": "POLICIAL MILITAR", "sexo": "Masculino", "idade": "36", "rg": "27160103-SP", "dataNascimento": "16/05/1977", "cutis": "Parda"}], "idBO": "2014-120505-1100", "nomeDelegaciaBoPrincipal": "DEL.POL.IBI\u00daNA", "naturezas": [{"especie": "T\u00edtulo I - Pessoa (arts. 121 a 154)", "descricao": "Homic\u00eddio qualificado (art. 121, \u00a72o.)"}, {"especie": "T\u00edtulo I - Pessoa (arts. 121 a 154)", "descricao": "Homic\u00eddio qualificado (art. 121, \u00a72o.)"}], "flagrante": "N\u00e3o", "lon": -46.7004499, "dataComunicacao": "05/05/2014", "solucao": "BO PARA ADENDO", "numeroBoPrincipal": "1099", "categoria": "HOMICIDIO_DOLOSO", "dataOcorrencia": "04/05/2014", "idDelegacia": "120505", "numero": "1100", "tipoBoletim": "Complementar", "dataElaboracao": "05/05/2014", "tipoLocal": "Resid\u00eancia", "lat": -23.6442805, "horaComunicacao": "13:15", "anoBoPrincipal": "2014", "circunscricao": "DEL.POL.IBI\u00daNA", "local": "RUA NOVE, 86 - RIO DE UNA DE BAIXO - CEP: 18150000 - IBIUNA - SP", "dependencia": "DEL.POL.IBI\u00daNA"}