{"horaElaboracao": "15:57", "turnoOcorrencia": "A TARDE", "partesEnvolvidas": [{"naturalidade": "CAMPINAS -SP", "estadoCivil": "Separado", "naturezasEnvolvidas": "Homic\u00eddio simples (art. 121)", "tipoEnvolvimento": "V\u00edtima", "nome": "FRANCISCO IVAN LACERDA TEIXEIRA", "instrucao": "2 Grau completo", "profissao": "PROJETISTA", "nacionalidade": "BRASILEIRA", "sexo": "Masculino", "idade": "58", "rg": "8392162-SP", "dataNascimento": "08/03/1956", "cutis": "Branca"}], "idBO": "2014-40204-1484", "nomeDelegaciaBoPrincipal": "DEL.POL.BERTIOGA", "naturezas": [{"especie": "T\u00edtulo I - Pessoa (arts. 121 a 154)", "descricao": "Homic\u00eddio simples (art. 121)"}], "flagrante": "N\u00e3o", "lon": -46.1394003, "dataComunicacao": "15/04/2014", "solucao": "BO PARA ADENDO", "numeroBoPrincipal": "1385", "categoria": "HOMICIDIO_DOLOSO", "dataOcorrencia": "03/04/2014", "examesRequisitados": "IML", "idDelegacia": "40204", "numero": "1484", "tipoBoletim": "Complementar", "dataElaboracao": "15/04/2014", "tipoLocal": "Via p\u00fablica", "lat": -23.8519364, "horaComunicacao": "15:51", "anoBoPrincipal": "2014", "circunscricao": "DEL.POL.BERTIOGA", "local": "RUA AV. ANCHIETA, 385 - CENTRO - BERTIOGA - SP", "dependencia": "DEL.POL.BERTIOGA"}