{"horaElaboracao": "10:11", "turnoOcorrencia": "PELA MANH\u00c3", "partesEnvolvidas": [{"naturalidade": "GAR\u00c7A-SP", "estadoCivil": "Casado", "naturezasEnvolvidas": "Homic\u00eddio simples (art. 121)", "tipoEnvolvimento": "V\u00edtima", "nome": "JOSEPHA MARTINS GOMEZ", "instrucao": "Analfabeto", "profissao": "APOSENTADO(A)", "sexo": "Feminino", "idade": "77", "rg": "20472593-SP", "dataNascimento": "30/07/1936", "cutis": "Branca"}], "idBO": "2014-30103-2057", "naturezas": [{"especie": "T\u00edtulo I - Pessoa (arts. 121 a 154)", "descricao": "Homic\u00eddio simples (art. 121)"}], "flagrante": "Sim", "lon": -46.5197794, "dataComunicacao": "23/03/2014", "solucao": "BO PARA FLAGRANTE", "local": "PC DA REPUBLICA, 12 - VILA CURU\u00c7\u00c1 - S.ANDRE - SP", "categoria": "HOMICIDIO_DOLOSO", "dataOcorrencia": "23/03/2014", "examesRequisitados": "IC-IML", "idDelegacia": "30103", "numero": "2057", "dataElaboracao": "23/03/2014", "tipoLocal": "Resid\u00eancia", "lat": -23.6441756, "horaComunicacao": "10:07", "tipoBoletim": "Principal", "circunscricao": "02\u00ba D.P. SANTO ANDR\u00c9", "dependencia": "02\u00ba D.P. SANTO ANDR\u00c9"}