{"horaElaboracao": "10:11", "turnoOcorrencia": "DE MADRUGADA", "partesEnvolvidas": [{"naturalidade": "S. PAULO/SP", "naturezasEnvolvidas": "Homic\u00eddio qualificado (art. 121, \u00a72o.)", "tipoEnvolvimento": "V\u00edtima", "nome": "EDSON DA SILVA", "instrucao": "2 Grau completo", "profissao": "POLICIAL MILITAR", "sexo": "Masculino", "idade": "45", "rg": "21857393-SP", "dataNascimento": "29/09/1968", "cutis": "Parda"}], "idBO": "2014-200100-380", "nomeDelegaciaBoPrincipal": "73\u00ba D.P. JACANA", "naturezas": [{"especie": "T\u00edtulo I - Pessoa (arts. 121 a 154)", "descricao": "Homic\u00eddio qualificado (art. 121, \u00a72o.)"}], "flagrante": "N\u00e3o", "lon": -46.5807837, "dataComunicacao": "17/05/2014", "solucao": "BO PARA INQU\u00c9RITO", "numeroBoPrincipal": "5298", "categoria": "HOMICIDIO_DOLOSO", "dataOcorrencia": "17/05/2014", "examesRequisitados": "IC-IML", "idDelegacia": "200100", "numero": "380", "tipoBoletim": "Complementar", "dataElaboracao": "17/05/2014", "tipoLocal": "Via p\u00fablica", "lat": -23.4359717, "horaComunicacao": "10:11", "anoBoPrincipal": "2014", "circunscricao": "73\u00ba D.P. JACANA", "local": "RUA ANTONIO PICCAROLO, 37 - JD. FONTALIS - S.PAULO - SP", "dependencia": "DHPP DIV. HOMICIDIOS"}