{"horaElaboracao": "16:09", "turnoOcorrencia": "DE MADRUGADA", "partesEnvolvidas": [{"naturalidade": "S.PAULO -SP", "estadoCivil": "Solteiro", "naturezasEnvolvidas": "Homic\u00eddio simples (art. 121)", "tipoEnvolvimento": "V\u00edtima", "nome": "GUSTAVO OLIVEIRA DA CONCEICAO", "instrucao": "1 Grau completo", "nacionalidade": "BRASILEIRA", "sexo": "Masculino", "idade": "21", "rg": "50836758-SP", "dataNascimento": "13/09/1993", "cutis": "Preta"}], "idBO": "2014-20250-13696", "naturezas": [{"especie": "T\u00edtulo I - Pessoa (arts. 121 a 154)", "descricao": "Homic\u00eddio simples (art. 121)"}], "flagrante": "N\u00e3o", "lon": -46.4195611, "dataComunicacao": "25/12/2014", "solucao": "ENCAMINHAMENTO DP \u00c1REA DO FATO", "local": "RUA SALVADOR FERNANDES CARDIA, 1 - JARDIM HELENA - S.PAULO - SP", "categoria": "HOMICIDIO_DOLOSO", "dataOcorrencia": "25/12/2014", "examesRequisitados": "IML", "idDelegacia": "20250", "numero": "13696", "dataElaboracao": "25/12/2014", "tipoLocal": "Via p\u00fablica", "lat": -23.4919421, "horaComunicacao": "16:07", "tipoBoletim": "Principal", "circunscricao": "59\u00ba D.P. JARDIM DOS IPES", "dependencia": "50\u00ba D.P. ITAIM PAULISTA"}