{"horaElaboracao": "23:38", "turnoOcorrencia": "A NOITE", "partesEnvolvidas": [{"naturalidade": "ESPINOSA /MG", "naturezasEnvolvidas": "Homic\u00eddio qualificado (art. 121, \u00a72o.)", "tipoEnvolvimento": "V\u00edtima", "nome": "IVAIR FERNANDES BALIEIRO", "profissao": "PEDREIRO", "nacionalidade": "BRASILEIRA", "sexo": "Masculino", "idade": "46", "rg": "45632377-PR", "dataNascimento": "05/02/1968", "cutis": "Parda"}], "idBO": "2014-90342-584", "nomeDelegaciaBoPrincipal": "01\u00ba D.P. ROSANA", "naturezas": [{"especie": "T\u00edtulo I - Pessoa (arts. 121 a 154)", "descricao": "Homic\u00eddio qualificado (art. 121, \u00a72o.)"}], "flagrante": "N\u00e3o", "lon": -52.93739679999999, "dataComunicacao": "20/09/2014", "solucao": "BO PARA ADENDO", "numeroBoPrincipal": "583", "categoria": "HOMICIDIO_DOLOSO", "dataOcorrencia": "20/09/2014", "examesRequisitados": "IC-IML", "idDelegacia": "90342", "numero": "584", "tipoBoletim": "Complementar", "dataElaboracao": "20/09/2014", "tipoLocal": "Via p\u00fablica", "lat": -22.533769, "horaComunicacao": "23:34", "anoBoPrincipal": "2014", "circunscricao": "01\u00ba D.P. ROSANA", "local": "RUA ESTRELA D'OESTE, 134 - PRIMAVERA/SP - ROSANA - SP", "dependencia": "01\u00ba D.P. ROSANA"}