{"horaElaboracao": "23:11", "turnoOcorrencia": "A NOITE", "partesEnvolvidas": [{"naturalidade": "VITORIA DA CONQUISTA BA", "estadoCivil": "Divorciado", "naturezasEnvolvidas": "Roubo (art. 157), Roubo (art. 157), Localiza\u00e7\u00e3o/Apreens\u00e3o de ve\u00edculo", "tipoEnvolvimento": "V\u00edtima", "nome": "FRANCISCO MIGUEL SILVA", "instrucao": "2 Grau completo", "profissao": "EMPRESARIO(A)", "nacionalidade": "BRASILEIRA", "sexo": "Masculino", "idade": "66", "rg": "39474586-SP", "dataNascimento": "20/06/1948", "cutis": "Branca"}, {"naturalidade": "MACEIO -AL", "estadoCivil": "Divorciado", "naturezasEnvolvidas": "Roubo (art. 157)", "tipoEnvolvimento": "V\u00edtima", "nome": "GILDETE CALHEIROS DE MELO", "instrucao": "2 Grau completo", "profissao": "FUNCION.PUBLICO MUNICIPAL", "nacionalidade": "BRASILEIRA", "sexo": "Feminino", "idade": "57", "rg": "22711692-SP", "dataNascimento": "10/04/1957", "cutis": "Branca"}], "idBO": "2014-30407-3733", "naturezas": [{"especie": "T\u00edtulo II - Patrim\u00f4nio (arts. 155 a 183)", "desdobramentos": "\u00a73o. Se da viol\u00eancia resulta morte:", "descricao": "Roubo (art. 157)"}, {"especie": "T\u00edtulo II - Patrim\u00f4nio (arts. 155 a 183)", "descricao": "Roubo (art. 157)"}, {"especie": "Localiza\u00e7\u00e3o e/ou Devolu\u00e7\u00e3o", "descricao": "Localiza\u00e7\u00e3o/Apreens\u00e3o de ve\u00edculo"}], "flagrante": "N\u00e3o", "lon": -47.0065147, "dataComunicacao": "04/07/2014", "solucao": "APRECIA\u00c7\u00c3O DO DELEGADO TITULAR", "local": "ESTRADA DA LAGOA, 203 - CRUZ GRANDE - ITAPEVI - SP", "categoria": "LATROCINIO", "dataOcorrencia": "04/07/2014", "examesRequisitados": "IC-IML", "idDelegacia": "30407", "numero": "3733", "dataElaboracao": "04/07/2014", "tipoLocal": "Resid\u00eancia", "lat": -23.5527375, "horaComunicacao": "22:53", "tipoBoletim": "Principal", "circunscricao": "DEL.POL.ITAPEVI", "dependencia": "DEL.POL.ITAPEVI"}