{"categoria": "LATROCINIO", "dependencia": "DEL.SEC.DRACENA PLANT\u00c3O", "naturezas": [{"especie": "T\u00edtulo II - Patrim\u00f4nio (arts. 155 a 183)", "descricao": "Roubo (art. 157)"}, {"especie": "T\u00edtulo II - Patrim\u00f4nio (arts. 155 a 183)", "desdobramentos": "\u00a73o. Se da viol\u00eancia resulta morte:", "descricao": "Roubo (art. 157)"}, {"especie": "L 10826/03 - Estatuto do Desarmamento", "descricao": "Posse ou porte ilegal de arma de fogo de uso restrito (Art. 16)"}, {"especie": "L 11343/06 - Entorpecentes", "descricao": "Drogas sem autoriza\u00e7\u00e3o ou em desacordo (Art.33, caput)"}], "tipoLocal": "Resid\u00eancia", "partesEnvolvidas": [{"naturalidade": "MIRANDOPOLIS/SP", "estadoCivil": "Casado", "naturezasEnvolvidas": "Roubo (art. 157)", "tipoEnvolvimento": "V\u00edtima", "nome": "JOS\u00c9 GON\u00c7ALVES", "instrucao": "2 Grau completo", "profissao": "APOSENTADO(A)", "nacionalidade": "BRASILEIRA", "sexo": "Masculino", "idade": "63", "rg": "8090240-SP", "dataNascimento": "04/06/1950", "cutis": "Branca"}], "dataOcorrencia": "21/04/2014", "lon": -51.5335177, "idDelegacia": "90622", "horaElaboracao": "01:49", "flagrante": "Sim", "numero": "653", "dataComunicacao": "22/04/2014", "dataElaboracao": "22/04/2014", "tipoBoletim": "Principal", "turnoOcorrencia": "A NOITE", "idBO": "2014-90622-653", "solucao": "BO PARA FLAGRANTE", "lat": -21.4800876, "horaComunicacao": "01:48", "local": "RUA \u00c9DSON DA SILVEIRA CAMPOS, 2005 - CENTRO - DRACENA - SP", "circunscricao": "02\u00ba D.P. DRACENA"}