{"horaElaboracao": "19:26", "turnoOcorrencia": "A NOITE", "partesEnvolvidas": [{"naturalidade": "ITABUNA -BA", "estadoCivil": "Convivente", "naturezasEnvolvidas": "Roubo (art. 157)", "tipoEnvolvimento": "V\u00edtima", "nome": "JOSE SANTOS SOUZA", "nacionalidade": "BRASILEIRA", "profissao": "COMERCIANTE", "idade": "69", "rg": "4293772-SP", "dataNascimento": "18/09/1945", "cutis": "Branca"}], "idBO": "2014-10366-4703", "naturezas": [{"especie": "T\u00edtulo II - Patrim\u00f4nio (arts. 155 a 183)", "desdobramentos": "\u00a73o. Se da viol\u00eancia resulta morte:", "descricao": "Roubo (art. 157)"}], "flagrante": "N\u00e3o", "lon": -46.7482236, "dataComunicacao": "02/10/2014", "solucao": "BO PARA INVESTIGA\u00c7\u00c3O", "local": "RUA FONTES DE ROMA, 1 - JD S\u00c3O LUIS - S.PAULO - SP", "categoria": "LATROCINIO", "dataOcorrencia": "02/10/2014", "examesRequisitados": "IC-IML", "idDelegacia": "10366", "numero": "4703", "dataElaboracao": "02/10/2014", "tipoLocal": "Restaurante e afins", "lat": -23.6657388, "horaComunicacao": "19:24", "tipoBoletim": "Principal", "circunscricao": "92\u00ba D.P. P. STO ANTONIO", "dependencia": "92\u00ba D.P. P. STO ANTONIO"}