{"horaElaboracao": "14:14", "turnoOcorrencia": "EM HORA INCERTA", "partesEnvolvidas": [{"naturalidade": "S.PAULO -SP", "estadoCivil": "Solteiro", "naturezasEnvolvidas": "Homic\u00eddio simples (art. 121)", "tipoEnvolvimento": "V\u00edtima", "nome": "ALEXANDRE FRANCISCO DOS SANTOS", "instrucao": "1 Grau completo", "nacionalidade": "BRASILEIRA", "sexo": "Masculino", "idade": "39", "rg": "24901268-SP", "dataNascimento": "23/04/1974", "cutis": "Preta"}], "idBO": "2014-130324-64", "naturezas": [{"especie": "T\u00edtulo I - Pessoa (arts. 121 a 154)", "descricao": "Homic\u00eddio simples (art. 121)"}], "flagrante": "N\u00e3o", "lon": -46.623742, "dataComunicacao": "10/01/2014", "solucao": "APRECIA\u00c7\u00c3O DO DELEGADO TITULAR", "local": "TRAVESSA UM, PROX. 265, 265 - BOM RETIRO - S.JOSE DOS CAMPOS - SP", "categoria": "HOMICIDIO_DOLOSO", "dataOcorrencia": "10/01/2014", "examesRequisitados": "IC-IML", "idDelegacia": "130324", "numero": "64", "dataElaboracao": "10/01/2014", "tipoLocal": "Area n\u00e3o ocupada", "lat": -23.544145, "horaComunicacao": "14:08", "tipoBoletim": "Principal", "circunscricao": "06\u00ba D.P. S.JOSE DOS CAMPOS", "dependencia": "06\u00ba D.P. S.JOSE DOS CAMPOS"}