{"horaElaboracao": "20:43", "turnoOcorrencia": "A NOITE", "partesEnvolvidas": [{"naturalidade": "CHINA", "naturezasEnvolvidas": "Homic\u00eddio simples (art. 121)", "tipoEnvolvimento": "V\u00edtima", "nome": "XU YUZHE", "nacionalidade": "CHINESA", "sexo": "Masculino", "idade": "47", "dataNascimento": "29/09/1966", "cutis": "Amarela"}], "idBO": "2014-10108-3015", "naturezas": [{"especie": "T\u00edtulo I - Pessoa (arts. 121 a 154)", "descricao": "Homic\u00eddio simples (art. 121)"}, {"especie": "T\u00edtulo I - Pessoa (arts. 121 a 154)", "descricao": "Homic\u00eddio simples (art. 121)"}, {"especie": "Localiza\u00e7\u00e3o e/ou Devolu\u00e7\u00e3o", "descricao": "Localiza\u00e7\u00e3o/Apreens\u00e3o de objeto"}], "flagrante": "N\u00e3o", "lon": -46.63080979999999, "dataComunicacao": "12/04/2014", "solucao": "ENCAMINHAMENTO DP \u00c1REA DO FATO", "local": "RUA BARAO DE DUPRAT, 449 - SE - S.PAULO - SP", "categoria": "HOMICIDIO_DOLOSO", "dataOcorrencia": "12/04/2014", "examesRequisitados": "IC-IML", "idDelegacia": "10108", "numero": "3015", "dataElaboracao": "12/04/2014", "tipoLocal": "Condominio Residencial", "lat": -23.5401517, "horaComunicacao": "20:40", "tipoBoletim": "Principal", "circunscricao": "01\u00ba D.P. SE", "dependencia": "08\u00ba D.P. BRAS"}