{"horaElaboracao": "13:18", "turnoOcorrencia": "A NOITE", "partesEnvolvidas": [{"naturalidade": "JANDAIA DO SUL -PR", "estadoCivil": "Casado", "naturezasEnvolvidas": "Roubo (art. 157)", "tipoEnvolvimento": "V\u00edtima", "nome": "OSVALDO VAREA GONCALVES", "instrucao": "1 Grau completo", "profissao": "COMERCIANTE", "nacionalidade": "BRASILEIRA", "sexo": "Masculino", "idade": "49", "rg": "20777716-SP", "dataNascimento": "27/10/1964", "cutis": "Branca"}], "idBO": "2014-70327-2934", "nomeDelegaciaBoPrincipal": "09\u00ba D.P. CAMPINAS", "naturezas": [{"especie": "T\u00edtulo II - Patrim\u00f4nio (arts. 155 a 183)", "desdobramentos": "\u00a73o. Se da viol\u00eancia resulta morte:", "descricao": "Roubo (art. 157)"}], "flagrante": "N\u00e3o", "lon": -47.1209223, "dataComunicacao": "19/05/2014", "solucao": "BO PARA ADENDO", "numeroBoPrincipal": "2908", "categoria": "LATROCINIO", "dataOcorrencia": "17/05/2014", "examesRequisitados": "IML", "idDelegacia": "70327", "numero": "2934", "tipoBoletim": "Complementar", "dataElaboracao": "19/05/2014", "tipoLocal": "Com\u00e9rcio e servi\u00e7os", "lat": -22.9311574, "horaComunicacao": "13:08", "anoBoPrincipal": "2014", "circunscricao": "06\u00ba D.P. CAMPINAS", "local": "RUA TI\u00c3O CARREIRO, 138 - VILA UNIAO - CAMPINAS - SP", "dependencia": "09\u00ba D.P. CAMPINAS"}