{"categoria": "HOMICIDIO_DOLOSO", "dependencia": "DEL.POL.PLANT\u00c3O PARAGUA\u00c7U PTA", "naturezas": [{"especie": "T\u00edtulo I - Pessoa (arts. 121 a 154)", "descricao": "Homic\u00eddio simples (art. 121)"}], "tipoLocal": "Resid\u00eancia", "partesEnvolvidas": [{"naturalidade": "ASSIS -SP", "estadoCivil": "Divorciado", "naturezasEnvolvidas": "Homic\u00eddio simples (art. 121)", "tipoEnvolvimento": "V\u00edtima", "nome": "ITAMAR DE FREITAS ROO", "instrucao": "2 Grau completo", "profissao": "ESTIVADOR(A)", "nacionalidade": "BRASILEIRA", "sexo": "Masculino", "idade": "36", "rg": "37197549-SP", "dataNascimento": "04/11/1977", "cutis": "Outros"}], "dataOcorrencia": "02/06/2014", "lon": -50.5694452, "idDelegacia": "80508", "horaElaboracao": "22:06", "flagrante": "N\u00e3o", "numero": "418", "dataComunicacao": "02/06/2014", "dataElaboracao": "02/06/2014", "tipoBoletim": "Principal", "turnoOcorrencia": "A NOITE", "idBO": "2014-80508-418", "solucao": "APRECIA\u00c7\u00c3O DO DELEGADO TITULAR", "lat": -22.4157308, "horaComunicacao": "21:59", "local": "RUA VITAL BRASIL, 136 - BARRA FUNDA - PARAGUACU PAULISTA - SP", "circunscricao": "DEL.POL.PLANT\u00c3O PARAGUA\u00c7U PTA"}