{"horaElaboracao": "23:01", "turnoOcorrencia": "A NOITE", "partesEnvolvidas": [{"naturalidade": "MAUA -SP", "estadoCivil": "Solteiro", "naturezasEnvolvidas": "Homic\u00eddio simples (art. 121)", "tipoEnvolvimento": "V\u00edtima", "nome": "RODRIGO OLIVEIRA SOUZA", "instrucao": "2 Grau completo", "nacionalidade": "BRASILEIRA", "sexo": "Masculino", "idade": "24", "rg": "46270318-SP", "dataNascimento": "07/02/1990", "cutis": "Parda"}], "idBO": "2014-30124-7003", "naturezas": [{"especie": "T\u00edtulo I - Pessoa (arts. 121 a 154)", "descricao": "Homic\u00eddio simples (art. 121)"}], "flagrante": "N\u00e3o", "lon": -46.4309246, "dataComunicacao": "10/09/2014", "solucao": "ENCAMINHAMENTO DP \u00c1REA DO FATO", "local": "RUA JASPE, 234 - JD ITAPARK - MAUA - SP", "categoria": "HOMICIDIO_DOLOSO", "dataOcorrencia": "10/09/2014", "examesRequisitados": "IC-IML", "idDelegacia": "30124", "numero": "7003", "dataElaboracao": "10/09/2014", "tipoLocal": "Via p\u00fablica", "lat": -23.6827332, "horaComunicacao": "23:00", "tipoBoletim": "Principal", "circunscricao": "02\u00ba D.P. MAUA", "dependencia": "01\u00ba D.P. MAUA"}