{"horaElaboracao": "23:14", "turnoOcorrencia": "A NOITE", "partesEnvolvidas": [{"naturalidade": "MOGI DAS CRUZES -SP", "estadoCivil": "Convivente", "naturezasEnvolvidas": "Homic\u00eddio qualificado (art. 121, \u00a72o.)", "tipoEnvolvimento": "V\u00edtima", "nome": "RICARDO TERRINHA DO NASCIMENTO", "instrucao": "2 Grau completo", "profissao": "AJUDANTE", "nacionalidade": "BRASILEIRA", "sexo": "Masculino", "idade": "31", "rg": "30604865-SP", "dataNascimento": "31/12/1982", "cutis": "Parda"}], "idBO": "2014-30307-4754", "naturezas": [{"especie": "T\u00edtulo I - Pessoa (arts. 121 a 154)", "descricao": "Homic\u00eddio qualificado (art. 121, \u00a72o.)"}], "flagrante": "Sim", "lon": -46.2146315, "dataComunicacao": "19/10/2014", "solucao": "BO PARA FLAGRANTE", "local": "RUA ANTONIO PAVAN, 157 - JD UNIVERSO - MOGI DAS CRUZES - SP", "categoria": "HOMICIDIO_DOLOSO", "dataOcorrencia": "19/10/2014", "examesRequisitados": "IC-IML", "idDelegacia": "30307", "numero": "4754", "dataElaboracao": "19/10/2014", "tipoLocal": "Resid\u00eancia", "lat": -23.5429999, "horaComunicacao": "23:13", "tipoBoletim": "Principal", "circunscricao": "02\u00ba D.P. MOGI DAS CRUZES", "dependencia": "02\u00ba D.P. MOGI DAS CRUZES"}