{"horaElaboracao": "06:21", "turnoOcorrencia": "DE MADRUGADA", "partesEnvolvidas": [{"naturalidade": "S.PAULO -SP", "estadoCivil": "Casado", "naturezasEnvolvidas": "Homic\u00eddio simples (art. 121)", "tipoEnvolvimento": "V\u00edtima", "nome": "ADABERON DE ALBUQUERQUE SANTOS FATAL", "instrucao": "Superior completo", "profissao": "COMERCIANTE", "sexo": "Masculino", "idade": "57", "rg": "9179730-SP", "dataNascimento": "17/10/1956", "cutis": "Branca"}], "idBO": "2014-10362-1455", "naturezas": [{"especie": "T\u00edtulo I - Pessoa (arts. 121 a 154)", "descricao": "Homic\u00eddio simples (art. 121)"}], "flagrante": "N\u00e3o", "lon": -46.51731179999999, "dataComunicacao": "08/02/2014", "solucao": "ENCAMINHAMENTO DP \u00c1REA DO FATO", "local": "R DAS ESTERLINAS, 44 - - S.PAULO - SP", "categoria": "HOMICIDIO_DOLOSO", "dataOcorrencia": "08/02/2014", "examesRequisitados": "IC-IML", "idDelegacia": "10362", "numero": "1455", "dataElaboracao": "08/02/2014", "tipoLocal": "Via p\u00fablica", "lat": -23.5960289, "horaComunicacao": "06:16", "tipoBoletim": "Principal", "circunscricao": "41\u00ba D.P. VILA RICA", "dependencia": "69\u00ba D.P. TEOTONIO VILELA"}