{"horaElaboracao": "15:18", "turnoOcorrencia": "A NOITE", "partesEnvolvidas": [{"naturalidade": "GUARUJA -SP", "estadoCivil": "Casado", "naturezasEnvolvidas": "Homic\u00eddio simples (art. 121)", "tipoEnvolvimento": "V\u00edtima", "nome": "FERNANDO DE FREITAS VITAL", "instrucao": "2 Grau completo", "profissao": "POLICIAL MILITAR", "nacionalidade": "BRASILEIRA", "sexo": "Masculino", "idade": "31", "rg": "40724610-SP", "dataNascimento": "27/03/1983", "cutis": "Branca"}], "idBO": "2014-700359-739", "nomeDelegaciaBoPrincipal": "DEL.POL.PLANT\u00c3O HORTOL\u00c2NDIA", "naturezas": [{"especie": "T\u00edtulo I - Pessoa (arts. 121 a 154)", "descricao": "Homic\u00eddio simples (art. 121)"}], "flagrante": "N\u00e3o", "lon": -47.23475939999999, "dataComunicacao": "28/04/2014", "solucao": "BO PARA ADENDO", "numeroBoPrincipal": "1421", "categoria": "HOMICIDIO_DOLOSO", "dataOcorrencia": "20/04/2014", "examesRequisitados": "IML", "idDelegacia": "700359", "numero": "739", "tipoBoletim": "Complementar", "dataElaboracao": "28/04/2014", "tipoLocal": "Via p\u00fablica", "lat": -22.8943283, "horaComunicacao": "15:16", "anoBoPrincipal": "2014", "circunscricao": "01\u00ba D.P. HORTOL\u00c2NDIA", "local": "AVENIDA PRINCESA ISABEL - JARDIM AMANDA - HORTOLANDIA - SP", "dependencia": "02\u00ba D.P. HORTOL\u00c2NDIA"}