{"horaElaboracao": "23:51", "turnoOcorrencia": "A NOITE", "partesEnvolvidas": [{"naturalidade": "SUZANO -SP", "estadoCivil": "Solteiro", "naturezasEnvolvidas": "Homic\u00eddio simples (art. 121)", "tipoEnvolvimento": "V\u00edtima", "nome": "JOSUE DEODATO DO NASCIMENTO", "instrucao": "1 Grau completo", "profissao": "AJUDANTE GERAL", "nacionalidade": "BRASILEIRA", "sexo": "Masculino", "idade": "19", "rg": "43144446-SP", "dataNascimento": "10/10/1994", "cutis": "Parda"}], "idBO": "2014-30308-2481", "naturezas": [{"especie": "T\u00edtulo I - Pessoa (arts. 121 a 154)", "descricao": "Homic\u00eddio simples (art. 121)"}], "flagrante": "N\u00e3o", "lon": -46.6450959, "dataComunicacao": "08/06/2014", "solucao": "BO PARA INVESTIGA\u00c7\u00c3O", "local": "RUA PIO XII, 491 - VILA AUREA - CEP: 08550000 - POA - SP", "categoria": "HOMICIDIO_DOLOSO", "dataOcorrencia": "08/06/2014", "examesRequisitados": "IC-IML", "idDelegacia": "30308", "numero": "2481", "dataElaboracao": "08/06/2014", "tipoLocal": "Area n\u00e3o ocupada", "lat": -23.5649621, "horaComunicacao": "23:47", "tipoBoletim": "Principal", "circunscricao": "DEL.POL.POA", "dependencia": "DEL.POL.POA"}