{"horaElaboracao": "23:17", "turnoOcorrencia": "EM HORA INCERTA", "partesEnvolvidas": [{"naturezasEnvolvidas": "Homic\u00eddio qualificado (art. 121, \u00a72o.)", "cutis": "Outros"}], "idBO": "2014-200100-12", "nomeDelegaciaBoPrincipal": "73\u00ba D.P. JACANA", "naturezas": [{"especie": "T\u00edtulo I - Pessoa (arts. 121 a 154)", "desdobramentos": "III - com emprego de meio insidioso ou cruel, ou de que resulte perigo comum", "descricao": "Homic\u00eddio qualificado (art. 121, \u00a72o.)"}], "flagrante": "N\u00e3o", "lon": -46.5631105, "dataComunicacao": "03/01/2014", "solucao": "BO PARA INQU\u00c9RITO", "numeroBoPrincipal": "110", "categoria": "HOMICIDIO_DOLOSO", "dataOcorrencia": "03/01/2014", "examesRequisitados": "IC-IML", "idDelegacia": "200100", "numero": "12", "tipoBoletim": "Complementar", "dataElaboracao": "03/01/2014", "tipoLocal": "Via p\u00fablica", "lat": -23.3938784, "horaComunicacao": "23:17", "anoBoPrincipal": "2014", "circunscricao": "73\u00ba D.P. JACANA", "local": "EST BARROCADA, 500 - CACHOEIRA - S.PAULO - SP", "dependencia": "DHPP DIV. HOMICIDIOS"}