{"horaElaboracao": "06:30", "turnoOcorrencia": "DE MADRUGADA", "partesEnvolvidas": [{"naturalidade": "S.PAULO -SP", "estadoCivil": "Solteiro", "naturezasEnvolvidas": "Roubo (art. 157)", "tipoEnvolvimento": "V\u00edtima", "nome": "MARIO LUIZ BISPO DOS SANTOS JUNIOR", "profissao": "MOTO-BOY", "nacionalidade": "BRASILEIRA", "sexo": "Masculino", "idade": "20", "rg": "43757906-SP", "dataNascimento": "12/09/1993", "cutis": "Preta"}], "idBO": "2014-10371-7599", "naturezas": [{"especie": "T\u00edtulo II - Patrim\u00f4nio (arts. 155 a 183)", "desdobramentos": "\u00a73o. Se da viol\u00eancia resulta morte:", "descricao": "Roubo (art. 157)"}], "flagrante": "N\u00e3o", "lon": -46.6427267, "dataComunicacao": "24/08/2014", "solucao": "APRECIA\u00c7\u00c3O DO DELEGADO TITULAR", "local": "RUA DOS CALANGOS, 573 - PEDREIRA - S.PAULO - SP", "categoria": "LATROCINIO", "dataOcorrencia": "24/08/2014", "examesRequisitados": "IC-IML", "idDelegacia": "10371", "numero": "7599", "dataElaboracao": "24/08/2014", "tipoLocal": "Resid\u00eancia", "lat": -23.7047361, "horaComunicacao": "06:27", "tipoBoletim": "Principal", "circunscricao": "98\u00ba D.P. JARDIM MIRIAM", "dependencia": "98\u00ba D.P. JARDIM MIRIAM"}