{"horaElaboracao": "10:49", "turnoOcorrencia": "A NOITE", "partesEnvolvidas": [{"tipoEnvolvimento": "V\u00edtima", "nome": "DECONHECIDA", "cutis": "Preta", "sexo": "Feminino", "idade": "0", "naturezasEnvolvidas": "Homic\u00eddio simples (art. 121)"}], "idBO": "2014-30418-1175", "naturezas": [{"especie": "T\u00edtulo I - Pessoa (arts. 121 a 154)", "descricao": "Homic\u00eddio simples (art. 121)"}], "flagrante": "N\u00e3o", "lon": -46.777308, "dataComunicacao": "15/02/2014", "solucao": "AGUARDANDO LAUDOS", "local": "R PEDRO FIORETTI, 48 - CENTRO DE OSASCO - CEP: 06013070 - OSASCO - SP", "categoria": "HOMICIDIO_DOLOSO", "dataOcorrencia": "14/02/2013", "examesRequisitados": "SVO", "idDelegacia": "30418", "numero": "1175", "dataElaboracao": "15/02/2014", "tipoLocal": "Sa\u00fade", "lat": -23.5345184, "horaComunicacao": "10:43", "tipoBoletim": "Principal", "circunscricao": "05\u00ba D.P. OSASCO", "dependencia": "05\u00ba D.P. OSASCO"}