{"horaElaboracao": "10:30", "turnoOcorrencia": "DE MADRUGADA", "partesEnvolvidas": [{"naturalidade": "S.PAULO -SP", "naturezasEnvolvidas": "Homic\u00eddio simples (art. 121)", "tipoEnvolvimento": "V\u00edtima", "nome": "TIAGO DOS SANTOS PEREIRA", "profissao": "OFFICE-BOY", "sexo": "Masculino", "idade": "32", "rg": "51987024-SP", "dataNascimento": "21/03/1982", "cutis": "Parda"}], "idBO": "2014-200100-574", "nomeDelegaciaBoPrincipal": "72\u00ba D.P. VILA PENTEADO", "naturezas": [{"especie": "T\u00edtulo I - Pessoa (arts. 121 a 154)", "descricao": "Homic\u00eddio simples (art. 121)"}], "flagrante": "N\u00e3o", "lon": -46.6477373, "dataComunicacao": "03/08/2014", "solucao": "BO PARA INQU\u00c9RITO", "numeroBoPrincipal": "6705", "categoria": "HOMICIDIO_DOLOSO", "dataOcorrencia": "03/08/2014", "examesRequisitados": "IC-IML", "idDelegacia": "200100", "numero": "574", "tipoBoletim": "Complementar", "dataElaboracao": "03/08/2014", "tipoLocal": "Com\u00e9rcio e servi\u00e7os", "lat": -23.4695101, "horaComunicacao": "10:29", "anoBoPrincipal": "2014", "circunscricao": "38\u00ba D.P. VILA AMALIA", "local": "AVENIDA PARADA PINTO, 2425 - MANDAQUI - S.PAULO - SP", "dependencia": "DHPP DIV. HOMICIDIOS"}