{"horaElaboracao": "03:54", "turnoOcorrencia": "A NOITE", "partesEnvolvidas": [{"naturalidade": "TERESINA -PI", "estadoCivil": "Casado", "naturezasEnvolvidas": "Homic\u00eddio simples (art. 121)", "tipoEnvolvimento": "V\u00edtima", "nome": "GEORGE MACEDO SOUSA", "instrucao": "1 Grau completo", "profissao": "COMERCIANTE", "nacionalidade": "BRASILEIRA", "sexo": "Masculino", "idade": "42", "rg": "36972322-SP", "dataNascimento": "09/04/1972", "cutis": "Parda"}], "idBO": "2014-30217-6999", "naturezas": [{"especie": "T\u00edtulo I - Pessoa (arts. 121 a 154)", "descricao": "Homic\u00eddio simples (art. 121)"}], "flagrante": "N\u00e3o", "lon": -46.4181607, "dataComunicacao": "27/09/2014", "solucao": "APRECIA\u00c7\u00c3O DO DELEGADO TITULAR", "local": "RUA RUB\u00c9NS TABORDA, 890 - PONTE ALTA - GUARULHOS - SP", "categoria": "HOMICIDIO_DOLOSO", "dataOcorrencia": "26/09/2014", "examesRequisitados": "IC-IML", "idDelegacia": "30217", "numero": "6999", "dataElaboracao": "27/09/2014", "tipoLocal": "Com\u00e9rcio e servi\u00e7os", "lat": -23.3988003, "horaComunicacao": "03:41", "tipoBoletim": "Principal", "circunscricao": "07\u00ba D.P. GUARULHOS", "dependencia": "07\u00ba D.P. GUARULHOS"}