{"horaElaboracao": "03:28", "turnoOcorrencia": "DE MADRUGADA", "partesEnvolvidas": [{"naturalidade": "LORENA -SP", "estadoCivil": "Solteiro", "naturezasEnvolvidas": "Homic\u00eddio simples (art. 121)", "tipoEnvolvimento": "V\u00edtima", "nome": "HEBERT ANSELMO PINHEIRO NUNES", "instrucao": "1 Grau completo", "nacionalidade": "BRASILEIRA", "sexo": "Masculino", "idade": "21", "rg": "49185418-SP", "dataNascimento": "09/01/1993", "cutis": "Branca"}], "idBO": "2014-130514-354", "naturezas": [{"especie": "T\u00edtulo I - Pessoa (arts. 121 a 154)", "descricao": "Homic\u00eddio simples (art. 121)"}], "flagrante": "N\u00e3o", "lon": -45.1891377, "dataComunicacao": "04/03/2014", "solucao": "APRECIA\u00c7\u00c3O DO DELEGADO TITULAR", "local": "AV. PRESIDENTE VARGAS, 99999 - VILA PARA\u00cdBA - GUARATINGUETA - SP", "categoria": "HOMICIDIO_DOLOSO", "dataOcorrencia": "04/03/2014", "examesRequisitados": "IML", "idDelegacia": "130514", "numero": "354", "dataElaboracao": "04/03/2014", "tipoLocal": "Via p\u00fablica", "lat": -22.8118055, "horaComunicacao": "03:26", "tipoBoletim": "Principal", "circunscricao": "02\u00ba D.P. GUARATINGUETA", "dependencia": "DEL.SEC.GUARATINGUETA PLANT\u00c3O"}