{"horaElaboracao": "17:45", "turnoOcorrencia": "A TARDE", "partesEnvolvidas": [{"naturalidade": "S.PAULO -SP", "estadoCivil": "Solteiro", "naturezasEnvolvidas": "Homic\u00eddio simples (art. 121)", "tipoEnvolvimento": "V\u00edtima", "nome": "EDNA DOS SANTOS", "instrucao": "2 Grau completo", "nacionalidade": "BRASILEIRA", "sexo": "Feminino", "idade": "19", "rg": "36621090-SP", "dataNascimento": "10/07/1995", "cutis": "Parda"}], "idBO": "2014-200100-684", "nomeDelegaciaBoPrincipal": "50\u00ba D.P. ITAIM PAULISTA", "naturezas": [{"especie": "T\u00edtulo I - Pessoa (arts. 121 a 154)", "descricao": "Homic\u00eddio simples (art. 121)"}], "flagrante": "N\u00e3o", "lon": -46.4294981, "dataComunicacao": "28/09/2014", "solucao": "BO PARA INQU\u00c9RITO", "numeroBoPrincipal": "10283", "categoria": "HOMICIDIO_DOLOSO", "dataOcorrencia": "28/09/2014", "examesRequisitados": "IC-IML", "idDelegacia": "200100", "numero": "684", "tipoBoletim": "Complementar", "dataElaboracao": "28/09/2014", "tipoLocal": "Area n\u00e3o ocupada", "lat": -23.4808226, "horaComunicacao": "17:45", "anoBoPrincipal": "2014", "circunscricao": "22\u00ba D.P. SAO MIGUEL PTA", "local": "RUA KUMAKI AOKI, 1 - JARDIM HELENA - S.PAULO - SP", "dependencia": "DHPP DIV. HOMICIDIOS"}