{"horaElaboracao": "02:14", "turnoOcorrencia": "DE MADRUGADA", "partesEnvolvidas": [{"naturalidade": "TUTOIA -MA", "estadoCivil": "Solteiro", "naturezasEnvolvidas": "Homic\u00eddio simples (art. 121)", "tipoEnvolvimento": "V\u00edtima", "nome": "FRANCISCO JOAO SILVA SOUSA", "instrucao": "1 Grau completo", "profissao": "MOTO-BOY", "nacionalidade": "BRASILEIRA", "sexo": "Masculino", "idade": "45", "rg": "30023196-SP", "dataNascimento": "26/10/1968", "cutis": "Branca"}], "idBO": "2014-30117-424", "naturezas": [{"especie": "T\u00edtulo I - Pessoa (arts. 121 a 154)", "descricao": "Homic\u00eddio simples (art. 121)"}], "flagrante": "N\u00e3o", "lon": -46.4066175, "dataComunicacao": "23/01/2014", "solucao": "APRECIA\u00c7\u00c3O DO DELEGADO TITULAR", "local": "R BENJAMIM BAPTISTA CEREZOLI - JD. ESPERAN\u00c7A - RIBEIRAO PIRES - SP", "categoria": "HOMICIDIO_DOLOSO", "dataOcorrencia": "23/01/2014", "examesRequisitados": "IC", "idDelegacia": "30117", "numero": "424", "dataElaboracao": "23/01/2014", "tipoLocal": "Via p\u00fablica", "lat": -23.6825632, "horaComunicacao": "02:11", "tipoBoletim": "Principal", "circunscricao": "DEL.POL.RIBEIRAO PIRES", "dependencia": "DEL.POL.RIBEIRAO PIRES"}