{"categoria": "HOMICIDIO_DOLOSO", "dependencia": "DEL.POL.ITAPECERICA DA SERRA", "naturezas": [{"especie": "T\u00edtulo I - Pessoa (arts. 121 a 154)", "descricao": "Homic\u00eddio simples (art. 121)"}], "tipoLocal": "Area n\u00e3o ocupada", "partesEnvolvidas": [{"naturezasEnvolvidas": "Homic\u00eddio simples (art. 121)", "tipoEnvolvimento": "V\u00edtima", "cutis": "Outros", "nome": "A ESCLARECER"}, {"naturezasEnvolvidas": "Homic\u00eddio simples (art. 121)", "tipoEnvolvimento": "V\u00edtima", "cutis": "Outros", "nome": "A ESCLARECER"}], "dataOcorrencia": "08/12/2014", "lon": -46.8140004, "idDelegacia": "30406", "horaElaboracao": "20:55", "flagrante": "N\u00e3o", "numero": "5774", "dataComunicacao": "08/12/2014", "dataElaboracao": "08/12/2014", "tipoBoletim": "Principal", "turnoOcorrencia": "A NOITE", "idBO": "2014-30406-5774", "solucao": "BO PARA INQU\u00c9RITO", "lat": -23.6954646, "horaComunicacao": "20:47", "local": "ESTRADA SANTA MONICA, 89 - - ITAPECERICA DA SERRA - SP", "circunscricao": "DEL.POL.ITAPECERICA DA SERRA"}