{"horaElaboracao": "11:33", "turnoOcorrencia": "A NOITE", "partesEnvolvidas": [{"naturalidade": "S.PAULO -SP", "estadoCivil": "Solteiro", "naturezasEnvolvidas": "Homic\u00eddio simples (art. 121)", "tipoEnvolvimento": "V\u00edtima", "nome": "FLAVIO BERTO DA SILVA SANTOS", "instrucao": "2 Grau completo", "profissao": "MOTO-BOY", "nacionalidade": "BRASILEIRA", "sexo": "Masculino", "idade": "32", "rg": "33869271-SP", "dataNascimento": "17/04/1982", "cutis": "Branca"}], "idBO": "2014-30309-4520", "nomeDelegaciaBoPrincipal": "101\u00ba D.P. JDIM IMBUIAS", "naturezas": [{"especie": "T\u00edtulo I - Pessoa (arts. 121 a 154)", "descricao": "Homic\u00eddio simples (art. 121)"}], "flagrante": "N\u00e3o", "lon": -46.2917867, "dataComunicacao": "06/08/2014", "solucao": "ENCAMINHAMENTO DP \u00c1REA DO FATO", "numeroBoPrincipal": "1852", "categoria": "HOMICIDIO_DOLOSO", "dataOcorrencia": "05/08/2014", "examesRequisitados": "IML", "idDelegacia": "30309", "numero": "4520", "tipoBoletim": "Complementar", "dataElaboracao": "06/08/2014", "tipoLocal": "Sa\u00fade", "lat": -23.5407796, "horaComunicacao": "11:14", "anoBoPrincipal": "2014", "circunscricao": "DEL.POL.SUZANO", "local": "RUA PRUDENTE DE MOR\u00c3ES, 2200 - VL AMORIM - SUZANO - SP", "dependencia": "DEL.POL.SUZANO"}