{"categoria": "HOMICIDIO_DOLOSO", "dependencia": "DEL.SEC.2\u00aa CAMPINAS-PLANT\u00c3O", "naturezas": [{"especie": "T\u00edtulo I - Pessoa (arts. 121 a 154)", "descricao": "Homic\u00eddio simples (art. 121)"}], "tipoLocal": "Via p\u00fablica", "partesEnvolvidas": [{"naturalidade": "LEME -SP", "estadoCivil": "Solteiro", "naturezasEnvolvidas": "Homic\u00eddio simples (art. 121)", "tipoEnvolvimento": "V\u00edtima", "nome": "RODRIGO PAGANOTO", "instrucao": "1 Grau completo", "profissao": "SERVENTE", "sexo": "Masculino", "idade": "30", "rg": "45401984-SP", "dataNascimento": "27/01/1984", "cutis": "Branca"}], "dataOcorrencia": "25/04/2014", "lon": -47.0973696, "idDelegacia": "70942", "horaElaboracao": "02:16", "flagrante": "N\u00e3o", "numero": "1389", "dataComunicacao": "26/04/2014", "dataElaboracao": "26/04/2014", "tipoBoletim": "Principal", "turnoOcorrencia": "A NOITE", "idBO": "2014-70942-1389", "solucao": "ENCAMINHAMENTO DP \u00c1REA DO FATO", "lat": -22.9234286, "horaComunicacao": "02:07", "local": "RUA DECIVAL RODRIGUES DE ARA\u00daJO, 502 - JD PAULIC\u00c9IA - CAMPINAS - SP", "circunscricao": "02\u00ba D.P. CAMPINAS"}