{"horaElaboracao": "08:49", "turnoOcorrencia": "DE MADRUGADA", "partesEnvolvidas": [{"naturalidade": "BOTUCATU -SP", "estadoCivil": "Solteiro", "naturezasEnvolvidas": "Homic\u00eddio simples (art. 121), Embriaguez ao volante (Art. 306)", "tipoEnvolvimento": "V\u00edtima", "nome": "KAIQUE MENDES NUNES", "instrucao": "1 Grau completo", "nacionalidade": "BRASILEIRA", "profissao": "PADEIRO(A)", "idade": "21", "rg": "49600977-SP", "dataNascimento": "19/05/1993", "cutis": "Branca"}], "idBO": "2014-120207-809", "naturezas": [{"especie": "L 9503/97 - C\u00f3digo de Tr\u00e2nsito Brasileiro", "descricao": "Embriaguez ao volante (Art. 306)"}, {"especie": "T\u00edtulo I - Pessoa (arts. 121 a 154)", "descricao": "Homic\u00eddio simples (art. 121)"}], "flagrante": "Sim", "lon": -48.6138644, "dataComunicacao": "15/11/2014", "solucao": "BO PARA FLAGRANTE", "local": "ACESSO JOSE SAB, KM 1 + 900 - - ITATINGA - SP", "categoria": "HOMICIDIO_DOLOSO", "dataOcorrencia": "15/11/2014", "examesRequisitados": "IC-IML", "idDelegacia": "120207", "numero": "809", "dataElaboracao": "15/11/2014", "tipoLocal": "Rodovia/Estrada", "lat": -23.0973014, "horaComunicacao": "08:47", "tipoBoletim": "Principal", "circunscricao": "DEL.POL.ITATINGA", "dependencia": "DEL.POL.ITATINGA"}