{"horaElaboracao": "00:42", "turnoOcorrencia": "A NOITE", "partesEnvolvidas": [{"naturalidade": "PRESIDENTE PRUDENTE -SP", "estadoCivil": "Casado", "naturezasEnvolvidas": "Crime contra as rela\u00e7\u00f5es de consumo (Art. 7\u00ba), Morte suspeita", "tipoEnvolvimento": "V\u00edtima", "nome": "MARISE FERNANDES DOS SANTOS", "instrucao": "1 Grau completo", "cutis": "Parda", "sexo": "Feminino", "idade": "57", "rg": "14944786-SP", "dataNascimento": "21/01/1958"}], "idBO": "2015-30117-2888", "naturezas": [{"especie": "\u00d3bito", "descricao": "Morte suspeita"}, {"especie": "L 8137/90 - Ordem tribut\u00e1ria, econ. e consumo", "desdobramentos": "IX - entregar mat\u00e9ria-prima ou mercadoria, em condi\u00e7\u00f5es impr\u00f3prias ao consumo;", "descricao": "Crime contra as rela\u00e7\u00f5es de consumo (Art. 7\u00ba)"}], "flagrante": "N\u00e3o", "lon": -46.7204625, "dataComunicacao": "17/07/2015", "solucao": "AGUARDANDO LAUDOS", "local": "RUA DA COL\u00d4NIA, 2959 - VILA TAQUARAL - CEP: 09405390 - RIBEIRAO PIRES - SP", "categoria": "MORTE_SUBITA_NATURAL", "dataOcorrencia": "16/07/2015", "examesRequisitados": "IML", "idDelegacia": "30117", "numero": "2888", "dataElaboracao": "17/07/2015", "tipoLocal": "Sa\u00fade", "lat": -23.8374256, "horaComunicacao": "00:38", "tipoBoletim": "Principal", "circunscricao": "DEL.POL.RIBEIRAO PIRES", "dependencia": "DEL.POL.RIBEIRAO PIRES"}