{"horaElaboracao": "15:57", "turnoOcorrencia": "A TARDE", "partesEnvolvidas": [{"naturalidade": "SOCORRO -SP", "estadoCivil": "Solteiro", "naturezasEnvolvidas": "Morte suspeita", "tipoEnvolvimento": "V\u00edtima", "nome": "LUCAS MAIQUEL APARECIDO DA SILVA", "instrucao": "2 Grau completo", "profissao": "AJUDANTE", "nacionalidade": "BRASILEIRA", "sexo": "Masculino", "idade": "22", "rg": "48450723-SP", "dataNascimento": "04/09/1992", "cutis": "Branca"}], "idBO": "2015-70929-4522", "naturezas": [{"especie": "\u00d3bito", "descricao": "Morte suspeita"}], "flagrante": "N\u00e3o", "lon": -46.5433795, "dataComunicacao": "04/07/2015", "solucao": "APRECIA\u00c7\u00c3O DO DELEGADO TITULAR", "local": "RUA CORONEL ASSIS GON\u00c7ALVES, 700 - CENTRO - CEP: 12900480 - BRAGANCA PAULISTA - SP", "categoria": "MORTE_SUBITA_NATURAL", "dataOcorrencia": "04/07/2015", "examesRequisitados": "IML", "idDelegacia": "70929", "numero": "4522", "dataElaboracao": "04/07/2015", "tipoLocal": "Sa\u00fade", "lat": -22.9512343, "horaComunicacao": "15:52", "tipoBoletim": "Principal", "circunscricao": "01\u00ba D.P. BRAGAN\u00c7A PAULISTA", "dependencia": "DEL.SEC.BRAG.PTA PLANT\u00c3O"}