{"horaElaboracao": "09:18", "turnoOcorrencia": "PELA MANH\u00c3", "partesEnvolvidas": [{"naturalidade": "GUARULHOS-SP", "estadoCivil": "Solteiro", "naturezasEnvolvidas": "Homic\u00eddio simples (art. 121)", "tipoEnvolvimento": "V\u00edtima", "nome": "MARCIO LOUREN\u00c7O DOS SANTOS", "nacionalidade": "BRASILEIRA", "sexo": "Masculino", "idade": "39", "dataNascimento": "24/05/1976", "cutis": "Parda"}], "idBO": "2015-30221-2019", "naturezas": [{"especie": "T\u00edtulo I - Pessoa (arts. 121 a 154)", "descricao": "Homic\u00eddio simples (art. 121)"}], "flagrante": "N\u00e3o", "lon": -46.5073155, "dataComunicacao": "14/09/2015", "solucao": "APRECIA\u00c7\u00c3O DO DELEGADO TITULAR", "local": "AVENIDA SILVESTRE P\u00cdRES DE FREITAS, 3227 - CABU\u00c7U - GUARULHOS - SP", "categoria": "HOMICIDIO_DOLOSO", "dataOcorrencia": "14/09/2015", "examesRequisitados": "IC-IML", "idDelegacia": "30221", "numero": "2019", "dataElaboracao": "14/09/2015", "tipoLocal": "Via p\u00fablica", "lat": -23.4055875, "horaComunicacao": "09:12", "tipoBoletim": "Principal", "circunscricao": "09\u00ba D.P. GUARULHOS", "dependencia": "09\u00ba D.P. GUARULHOS"}