{"horaElaboracao": "19:09", "turnoOcorrencia": "A TARDE", "partesEnvolvidas": [{"naturalidade": "JACAREI-SP", "naturezasEnvolvidas": "Morte suspeita", "tipoEnvolvimento": "V\u00edtima", "nome": "ISABELLE MARIA FREIRE SOUSA", "nacionalidade": "BRASILEIRA", "sexo": "Feminino", "idade": "1", "dataNascimento": "27/04/2014", "cutis": "Parda"}], "idBO": "2015-130515-1379", "naturezas": [{"especie": "\u00d3bito", "descricao": "Morte suspeita"}], "flagrante": "N\u00e3o", "lon": -45.9670111, "dataComunicacao": "07/05/2015", "solucao": "APRECIA\u00c7\u00c3O DO DELEGADO TITULAR", "local": "AVENIDA SENADOR JOAQUIM MIGUEL MARTINS D, 75 - VILA DENISE - CEP: 12327695 - JACAREI - SP", "categoria": "MORTE_SUBITA_NATURAL", "dataOcorrencia": "07/05/2015", "examesRequisitados": "IML", "idDelegacia": "130515", "numero": "1379", "dataElaboracao": "07/05/2015", "tipoLocal": "Sa\u00fade", "lat": -23.3046328, "horaComunicacao": "19:03", "tipoBoletim": "Principal", "circunscricao": "03\u00ba D.P. JACAREI", "dependencia": "DEL.SEC.JACAREI PLANT\u00c3O"}