{"horaElaboracao": "01:12", "turnoOcorrencia": "A NOITE", "partesEnvolvidas": [{"naturalidade": "PROMISSAO -SP", "estadoCivil": "Viuvo", "naturezasEnvolvidas": "Morte suspeita", "tipoEnvolvimento": "V\u00edtima", "nome": "LUIZ HIGA", "instrucao": "1 Grau incompleto", "profissao": "APOSENTADO(A)", "nacionalidade": "BRASILEIRA", "sexo": "Masculino", "idade": "87", "rg": "949716-SP", "dataNascimento": "13/08/1927", "cutis": "Branca"}], "idBO": "2015-20120-5916", "naturezas": [{"especie": "\u00d3bito", "descricao": "Morte suspeita"}], "flagrante": "N\u00e3o", "lon": -46.6273285, "dataComunicacao": "28/05/2015", "solucao": "APRECIA\u00c7\u00c3O DO DELEGADO TITULAR", "local": "RUA VOLUNTARIOS DA PATRIA, 3693 - SANTANA - CEP: 02402300 - S.PAULO - SP", "categoria": "MORTE_ACIDENTAL", "dataOcorrencia": "27/05/2015", "examesRequisitados": "IML", "idDelegacia": "20120", "numero": "5916", "dataElaboracao": "28/05/2015", "tipoLocal": "Sa\u00fade", "lat": -23.4878166, "horaComunicacao": "00:47", "tipoBoletim": "Principal", "circunscricao": "20\u00ba D.P. AGUA FRIA", "dependencia": "20\u00ba D.P. AGUA FRIA"}