{"horaElaboracao": "20:24", "turnoOcorrencia": "A TARDE", "partesEnvolvidas": [{"naturalidade": "S.PAULO -SP", "estadoCivil": "Solteiro", "naturezasEnvolvidas": "Morte suspeita", "tipoEnvolvimento": "V\u00edtima", "nome": "FERNANDO AGUIAR JUNIOR", "instrucao": "2 Grau incompleto", "profissao": "ESTUDANTE", "nacionalidade": "BRASILEIRA", "sexo": "Masculino", "idade": "17", "rg": "52435252-SP", "dataNascimento": "23/10/1998", "cutis": "Parda"}], "idBO": "2015-20249-14299", "naturezas": [{"especie": "\u00d3bito", "descricao": "Morte suspeita"}], "flagrante": "N\u00e3o", "lon": -46.4730476, "dataComunicacao": "07/12/2015", "solucao": "ENCAMINHAMENTO DP \u00c1REA DO FATO", "local": "RUA PAULO NUNES FELIX, 479 - SAO RAFAEL - CEP: 08320370 - S.PAULO - SP", "categoria": "MORTE_SUBITA_NATURAL", "dataOcorrencia": "07/12/2015", "examesRequisitados": "IML", "idDelegacia": "20249", "numero": "14299", "dataElaboracao": "07/12/2015", "tipoLocal": "Sa\u00fade", "lat": -23.6222832, "horaComunicacao": "20:15", "tipoBoletim": "Principal", "circunscricao": "55\u00ba D.P. PARQUE S.RAFAEL", "dependencia": "49\u00ba D.P. SAO MATEUS"}