{"horaElaboracao": "19:40", "turnoOcorrencia": "A TARDE", "partesEnvolvidas": [], "idBO": "2015-10354-3302", "naturezas": [{"especie": "\u00d3bito", "descricao": "Morte suspeita"}], "flagrante": "N\u00e3o", "lon": -46.4038341, "dataComunicacao": "14/07/2015", "solucao": "AGUARDANDO LAUDOS", "local": "AVENIDA DOS METALURGICOS, 1797 - CIDADE TIRADENTES - CEP: 08471000 - S.PAULO - SP", "categoria": "SUICIDIO_DUVIDOSO", "dataOcorrencia": "14/07/2015", "examesRequisitados": "IML", "idDelegacia": "10354", "numero": "3302", "dataElaboracao": "14/07/2015", "tipoLocal": "Sa\u00fade", "lat": -23.5974657, "horaComunicacao": "19:27", "tipoBoletim": "Principal", "circunscricao": "54\u00ba D.P. CID. TIRADENTES", "dependencia": "54\u00ba D.P. CID. TIRADENTES"}