{"horaElaboracao": "22:52", "turnoOcorrencia": "A NOITE", "partesEnvolvidas": [{"naturalidade": "CAMPINAS -SP", "estadoCivil": "Solteiro", "naturezasEnvolvidas": "Morte suspeita", "tipoEnvolvimento": "V\u00edtima", "nome": "WAGNER LEE DA SILVA", "instrucao": "1 Grau completo", "profissao": "SERVENTE", "sexo": "Masculino", "idade": "37", "rg": "30838714-SP", "dataNascimento": "26/10/1977", "cutis": "Preta"}], "idBO": "2015-70922-3584", "naturezas": [{"especie": "\u00d3bito", "descricao": "Morte suspeita"}], "flagrante": "N\u00e3o", "lon": -47.6273299, "dataComunicacao": "26/05/2015", "solucao": "ENCAMINHAMENTO DP \u00c1REA DO FATO", "local": "RUA RIO GRANDE DO NORTE, 135 - VILA PRUDENTE - CEP: 13420500 - PIRACICABA - SP", "categoria": "MORTE_SUBITA_NATURAL", "dataOcorrencia": "26/05/2015", "examesRequisitados": "IML", "idDelegacia": "70922", "numero": "3584", "dataElaboracao": "26/05/2015", "tipoLocal": "Sa\u00fade", "lat": -22.73953, "horaComunicacao": "22:49", "tipoBoletim": "Principal", "circunscricao": "06\u00ba D.P. PIRACICABA", "dependencia": "DEL.SEC.PIRACICABA PLANT\u00c3O"}