{"categoria": "HOMICIDIO_DOLOSO", "dependencia": "89\u00ba D.P. JARDIM TABOAO", "naturezas": [{"especie": "T\u00edtulo I - Pessoa (arts. 121 a 154)", "descricao": "Homic\u00eddio simples (art. 121)"}], "tipoLocal": "Via p\u00fablica", "partesEnvolvidas": [{"naturalidade": "S.PAULO -SP", "estadoCivil": "Solteiro", "naturezasEnvolvidas": "Homic\u00eddio simples (art. 121)", "tipoEnvolvimento": "V\u00edtima", "nome": "VITOR COSTA SILVA", "instrucao": "1 Grau completo", "profissao": "NAO INFORMADA", "nacionalidade": "BRASILEIRA", "sexo": "Masculino", "idade": "19", "rg": "52851721-SP", "dataNascimento": "05/02/1996", "cutis": "Outros"}], "dataOcorrencia": "18/03/2015", "lon": -46.7479392, "idDelegacia": "10356", "horaElaboracao": "06:45", "flagrante": "N\u00e3o", "numero": "2192", "dataComunicacao": "18/03/2015", "dataElaboracao": "18/03/2015", "tipoBoletim": "Principal", "turnoOcorrencia": "DE MADRUGADA", "idBO": "2015-10356-2192", "solucao": "ENCAMINHAMENTO DP \u00c1REA DO FATO", "lat": -23.6433605, "horaComunicacao": "06:43", "local": "RUA MARCIO AKIRA MIURA, 29 - CAMPO LIMPO - CEP: 05777110 - S.PAULO - SP", "circunscricao": "37\u00ba D.P. CAMPO LIMPO"}