{"horaElaboracao": "16:04", "turnoOcorrencia": "A TARDE", "partesEnvolvidas": [{"naturalidade": "RIBEIRAO PRETO -SP", "estadoCivil": "Casado", "naturezasEnvolvidas": "Morte suspeita", "tipoEnvolvimento": "V\u00edtima", "nome": "CECILIA MARILZA MARTONE MOREIRA", "instrucao": "Superior completo", "profissao": "PSICOLOGO(A)", "nacionalidade": "BRASILEIRA", "sexo": "Feminino", "idade": "52", "rg": "14907287-SP", "dataNascimento": "25/06/1962", "cutis": "Branca"}], "idBO": "2015-100919-5798", "naturezas": [{"especie": "\u00d3bito", "descricao": "Morte suspeita"}], "flagrante": "N\u00e3o", "lon": -47.8013363, "dataComunicacao": "13/03/2015", "solucao": "ENCAMINHAMENTO DP \u00c1REA DO FATO", "local": "RUA AM\u00c9RICO BRASILIENSE, 1639 - CENTRO - CEP: 14015050 - RIBEIRAO PRETO - SP", "categoria": "MORTE_SUBITA_NATURAL", "dataOcorrencia": "13/03/2015", "examesRequisitados": "IML", "idDelegacia": "100919", "numero": "5798", "dataElaboracao": "13/03/2015", "tipoLocal": "Resid\u00eancia", "lat": -21.1834592, "horaComunicacao": "15:48", "tipoBoletim": "Principal", "circunscricao": "01\u00ba D.P. RIBEIRAO PRETO", "dependencia": "CENTRAL POL. JUD. RIB. PRETO"}