{"horaElaboracao": "10:46", "turnoOcorrencia": "PELA MANH\u00c3", "partesEnvolvidas": [{"idade": "0", "naturezasEnvolvidas": "Homic\u00eddio simples (art. 121)", "cutis": "Parda", "sexo": "Masculino"}], "idBO": "2015-10373-563", "naturezas": [{"especie": "T\u00edtulo I - Pessoa (arts. 121 a 154)", "descricao": "Homic\u00eddio simples (art. 121)"}], "flagrante": "N\u00e3o", "lon": -46.7912024, "dataComunicacao": "09/02/2015", "solucao": "APRECIA\u00c7\u00c3O DO DELEGADO TITULAR", "local": "ESTRADA DO JARARAU, 256 - JD DOS REIS - S.PAULO - SP", "categoria": "HOMICIDIO_DOLOSO", "dataOcorrencia": "09/02/2015", "examesRequisitados": "IC-IML", "idDelegacia": "10373", "numero": "563", "dataElaboracao": "09/02/2015", "tipoLocal": "Via p\u00fablica", "lat": -23.7029686, "horaComunicacao": "10:38", "tipoBoletim": "Principal", "circunscricao": "100\u00ba D.P. JDIM HERCULANO", "dependencia": "100\u00ba D.P. JDIM HERCULANO"}