{"horaElaboracao": "20:31", "turnoOcorrencia": "A NOITE", "partesEnvolvidas": [{"naturalidade": "BELO HORIZONTE -MG", "estadoCivil": "Solteiro", "naturezasEnvolvidas": "Morte suspeita", "tipoEnvolvimento": "V\u00edtima", "nome": "GISELE IMACULADA DOS SANTOS", "instrucao": "2 Grau completo", "profissao": "PRENDAS DOMESTICAS", "nacionalidade": "BRASILEIRA", "sexo": "Feminino", "idade": "45", "rg": "52856082-SP", "dataNascimento": "24/04/1970", "cutis": "Branca"}], "idBO": "2015-70922-8493", "naturezas": [{"especie": "\u00d3bito", "descricao": "Morte suspeita"}], "flagrante": "N\u00e3o", "lon": -47.63113509999999, "dataComunicacao": "30/12/2015", "solucao": "ENCAMINHAMENTO DP \u00c1REA DO FATO", "local": "RUA CAMPOS SALES, 1948 - VILA INDEPENDENCIA - CEP: 13418310 - PIRACICABA - SP", "categoria": "MORTE_SUBITA_NATURAL", "dataOcorrencia": "30/12/2015", "examesRequisitados": "IC-IML", "idDelegacia": "70922", "numero": "8493", "dataElaboracao": "30/12/2015", "tipoLocal": "Resid\u00eancia", "lat": -22.7233112, "horaComunicacao": "20:27", "tipoBoletim": "Principal", "circunscricao": "02\u00ba D.P. PIRACICABA", "dependencia": "DEL.SEC.PIRACICABA PLANT\u00c3O"}