{"horaElaboracao": "12:15", "turnoOcorrencia": "DE MADRUGADA", "partesEnvolvidas": [{"naturalidade": "RIBEIR\u00c3O PIRES", "estadoCivil": "Solteiro", "naturezasEnvolvidas": "Morte suspeita", "tipoEnvolvimento": "V\u00edtima", "nome": "LUIZ ALBERTO DE OLIVEIRA", "instrucao": "2 Grau incompleto", "nacionalidade": "BRASILEIRA", "sexo": "Masculino", "idade": "33", "dataNascimento": "04/04/1982", "cutis": "Branca"}], "idBO": "2015-30309-6923", "naturezas": [{"especie": "\u00d3bito", "descricao": "Morte suspeita"}], "flagrante": "N\u00e3o", "lon": -46.6386494, "dataComunicacao": "12/12/2015", "solucao": "AGUARDANDO LAUDOS", "local": "RUA RAMAL DO TANAKA, 584 - ANA ROSA - SUZANO - SP", "categoria": "MORTE_SUBITA_NATURAL", "dataOcorrencia": "12/12/2015", "examesRequisitados": "IML", "idDelegacia": "30309", "numero": "6923", "dataElaboracao": "12/12/2015", "tipoLocal": "Resid\u00eancia", "lat": -23.5815448, "horaComunicacao": "12:10", "tipoBoletim": "Principal", "circunscricao": "01\u00ba D.P. SUZANO", "dependencia": "DEL.POL.SUZANO"}