{"horaElaboracao": "15:04", "turnoOcorrencia": "A TARDE", "partesEnvolvidas": [{"naturalidade": "SANTOS -SP", "estadoCivil": "Divorciado", "naturezasEnvolvidas": "Morte suspeita", "tipoEnvolvimento": "V\u00edtima", "nome": "SUELY BIANCAMANO", "instrucao": "1 Grau completo", "nacionalidade": "BRASILEIRA", "sexo": "Feminino", "idade": "66", "rg": "6177339-SP", "dataNascimento": "16/07/1949", "cutis": "Branca"}], "idBO": "2015-40203-6042", "naturezas": [{"especie": "\u00d3bito", "descricao": "Morte suspeita"}], "flagrante": "N\u00e3o", "lon": -46.2762313, "dataComunicacao": "17/08/2015", "solucao": "APRECIA\u00c7\u00c3O DO DELEGADO TITULAR", "local": "RUA JO\u00c3O MARIA J\u00daNIOR, 133 - VILA SANTA ROSA - CEP: 11431180 - GUARUJA - SP", "categoria": "MORTE_SUBITA_NATURAL", "dataOcorrencia": "17/08/2015", "examesRequisitados": "IML", "idDelegacia": "40203", "numero": "6042", "dataElaboracao": "17/08/2015", "tipoLocal": "Resid\u00eancia", "lat": -23.997597, "horaComunicacao": "15:02", "tipoBoletim": "Principal", "circunscricao": "DEL.POL.GUARUJA", "dependencia": "DEL.POL.GUARUJA"}