{"categoria": "MORTE_ACIDENTAL", "dependencia": "24\u00ba D.P. PONTE RASA", "naturezas": [{"especie": "\u00d3bito", "descricao": "Morte suspeita"}], "tipoLocal": "Sa\u00fade", "partesEnvolvidas": [{"naturalidade": "NAO INFORMADA(MOT=ACERVO)", "estadoCivil": "Viuvo", "naturezasEnvolvidas": "Morte suspeita", "tipoEnvolvimento": "V\u00edtima", "nome": "GUIOMAR BARBOSA AMBIEL", "instrucao": "1 Grau completo", "nacionalidade": "BRASILEIRA", "sexo": "Feminino", "idade": "88", "rg": "15898685-SP", "dataNascimento": "28/07/1926", "cutis": "Branca"}], "dataOcorrencia": "10/05/2015", "lon": -46.472176, "idDelegacia": "20224", "horaElaboracao": "22:16", "flagrante": "N\u00e3o", "numero": "4422", "dataComunicacao": "10/05/2015", "dataElaboracao": "10/05/2015", "tipoBoletim": "Principal", "turnoOcorrencia": "A TARDE", "idBO": "2015-20224-4422", "solucao": "ENCAMINHAMENTO DP \u00c1REA DO FATO", "lat": -23.5001451, "horaComunicacao": "22:08", "local": "ALAMEDA RODRIGO DE BRUM, 1989 - ERMELINO MATARAZZO - CEP: 03807230 - S.PAULO - SP", "circunscricao": "62\u00ba D.P. ERMELINO MATARAZZO"}