{"horaElaboracao": "19:18", "turnoOcorrencia": "A TARDE", "partesEnvolvidas": [{"naturalidade": "PARAGUACU -MG", "estadoCivil": "Casado", "naturezasEnvolvidas": "Morte suspeita", "tipoEnvolvimento": "V\u00edtima", "nome": "DILSON JOSE PRADO", "instrucao": "Superior completo", "profissao": "APOSENTADO(A)", "nacionalidade": "BRASILEIRA", "sexo": "Masculino", "idade": "64", "rg": "19185140-MG", "dataNascimento": "30/07/1950", "cutis": "Branca"}], "idBO": "2015-110429-7609", "naturezas": [{"especie": "\u00d3bito", "descricao": "Morte suspeita"}], "flagrante": "N\u00e3o", "lon": -49.4216387, "dataComunicacao": "15/06/2015", "solucao": "ENCAMINHAMENTO DP \u00c1REA DO FATO", "local": "RUA S\u00c3O PAULO, 2136 - RURAL - CEP: 15044724 - S.JOSE DO RIO PRETO - SP", "categoria": "MORTE_SUBITA_NATURAL", "dataOcorrencia": "15/06/2015", "examesRequisitados": "IC-IML", "idDelegacia": "110429", "numero": "7609", "dataElaboracao": "15/06/2015", "tipoLocal": "Resid\u00eancia", "lat": -20.780141, "horaComunicacao": "19:16", "tipoBoletim": "Principal", "circunscricao": "03\u00ba D.P. S.JOSE RIO PRETO", "dependencia": "DEL.SEC.S.J RIO PRETO PLANT\u00c3O"}