{"horaElaboracao": "23:15", "turnoOcorrencia": "PELA MANH\u00c3", "partesEnvolvidas": [{"naturalidade": "LAGO VERDE -MA", "estadoCivil": "Casado", "naturezasEnvolvidas": "Morte suspeita", "tipoEnvolvimento": "V\u00edtima", "nome": "JOAO SOARES CARDOSO FILHO", "instrucao": "1 Grau incompleto", "profissao": "DESEMPREGADO(A)", "nacionalidade": "BRASILEIRA", "sexo": "Masculino", "idade": "47", "rg": "26323829-SP", "dataNascimento": "19/09/1967", "cutis": "Parda"}], "idBO": "2015-10247-5289", "naturezas": [{"especie": "\u00d3bito", "descricao": "Morte suspeita"}], "flagrante": "N\u00e3o", "lon": -46.7775204, "dataComunicacao": "31/05/2015", "solucao": "ENCAMINHAMENTO DP \u00c1REA DO FATO", "local": "RUA VILFREDO PARETO, 308 - - S.PAULO - SP", "categoria": "MORTE_SUBITA_NATURAL", "dataOcorrencia": "31/05/2015", "examesRequisitados": "IC-IML", "idDelegacia": "10247", "numero": "5289", "dataElaboracao": "31/05/2015", "tipoLocal": "Via p\u00fablica", "lat": -23.7505998, "horaComunicacao": "23:00", "tipoBoletim": "Principal", "circunscricao": "100\u00ba D.P. JDIM HERCULANO", "dependencia": "47\u00ba D.P. CAPAO REDONDO"}