{"horaElaboracao": "13:18", "turnoOcorrencia": "A NOITE", "partesEnvolvidas": [{"idade": "0", "naturezasEnvolvidas": "Morte suspeita", "cutis": "Parda", "sexo": "Masculino"}], "idBO": "2015-10216-10335", "naturezas": [{"especie": "\u00d3bito", "descricao": "Morte suspeita"}], "flagrante": "N\u00e3o", "lon": -46.64361239999999, "dataComunicacao": "11/10/2015", "solucao": "AGUARDANDO LAUDOS", "local": "RUA NAPOLEAO DE BARROS, 715 - VILA MARIANA - CEP: 04024002 - S.PAULO - SP", "categoria": "MORTE_SUBITA_NATURAL", "dataOcorrencia": "09/10/2015", "examesRequisitados": "IML", "idDelegacia": "10216", "numero": "10335", "dataElaboracao": "11/10/2015", "tipoLocal": "Sa\u00fade", "lat": -23.5975339, "horaComunicacao": "13:07", "tipoBoletim": "Principal", "circunscricao": "16\u00ba D.P. VILA CLEMENTINO", "dependencia": "16\u00ba D.P. VILA CLEMENTINO"}