{"horaElaboracao": "19:54", "turnoOcorrencia": "DE MADRUGADA", "partesEnvolvidas": [{"naturalidade": "GUARULHOS -SP", "estadoCivil": "Solteiro", "naturezasEnvolvidas": "Morte suspeita", "tipoEnvolvimento": "V\u00edtima", "nome": "JOAO PAULO DA SILVA", "instrucao": "1 Grau completo", "nacionalidade": "BRASILEIRA", "sexo": "Masculino", "idade": "27", "rg": "44650407-SP", "dataNascimento": "13/09/1988", "cutis": "Parda"}], "idBO": "2015-20138-5134", "naturezas": [{"especie": "\u00d3bito", "descricao": "Morte suspeita"}], "flagrante": "N\u00e3o", "lon": -46.6283474, "dataComunicacao": "13/10/2015", "solucao": "AGUARDANDO LAUDOS", "local": "RUA VOLUNTARIOS DA PATRIA, 4301 - SANTANA - CEP: 02402500 - S.PAULO - SP", "categoria": "MORTE_SUBITA_NATURAL", "dataOcorrencia": "13/10/2015", "examesRequisitados": "IML", "idDelegacia": "20138", "numero": "5134", "dataElaboracao": "13/10/2015", "tipoLocal": "Sa\u00fade", "lat": -23.4859761, "horaComunicacao": "19:51", "tipoBoletim": "Principal", "circunscricao": "20\u00ba D.P. AGUA FRIA", "dependencia": "38\u00ba D.P. VILA AMALIA"}