{"horaElaboracao": "13:07", "turnoOcorrencia": "PELA MANH\u00c3", "partesEnvolvidas": [{"naturalidade": "S.PAULO -SP", "naturezasEnvolvidas": "Morte suspeita", "tipoEnvolvimento": "V\u00edtima", "nome": "FERNANDA MARIA FERREIRA LEOMIL", "nacionalidade": "BRASILEIRA", "sexo": "Feminino", "idade": "49", "rg": "8000008-SP", "dataNascimento": "28/10/1965", "cutis": "Branca"}], "idBO": "2015-10369-831", "naturezas": [{"especie": "\u00d3bito", "descricao": "Morte suspeita"}], "flagrante": "N\u00e3o", "lon": -46.6685813, "dataComunicacao": "12/03/2015", "solucao": "APRECIA\u00c7\u00c3O DO DELEGADO TITULAR", "local": "AVENIDA PAVAO, 757 - MOEMA - CEP: 05210000 - S.PAULO - SP", "categoria": "MORTE_SUBITA_NATURAL", "dataOcorrencia": "12/03/2015", "examesRequisitados": "IML", "idDelegacia": "10369", "numero": "831", "dataElaboracao": "12/03/2015", "tipoLocal": "Resid\u00eancia", "lat": -23.6062559, "horaComunicacao": "12:56", "tipoBoletim": "Principal", "circunscricao": "96\u00ba D.P. MON\u00c7\u00d5ES", "dependencia": "96\u00ba D.P. MON\u00c7\u00d5ES"}