{"categoria": "MORTE_SUBITA_NATURAL", "dependencia": "78\u00ba D.P. JARDINS", "naturezas": [{"especie": "\u00d3bito", "descricao": "Morte natural"}], "tipoLocal": "Via p\u00fablica", "partesEnvolvidas": [{"naturalidade": "S\u00c3O PAULO/SP", "estadoCivil": "Ignorado", "naturezasEnvolvidas": "Morte natural", "tipoEnvolvimento": "V\u00edtima", "nome": "DILC\u00c9A APARECIDA MONGO\u00c3O", "cutis": "Branca", "sexo": "Feminino", "idade": "66", "rg": "4472304-SP", "dataNascimento": "08/01/1949"}], "dataOcorrencia": "13/12/2015", "lon": -46.65754769999999, "idDelegacia": "10342", "horaElaboracao": "00:08", "flagrante": "N\u00e3o", "numero": "10822", "dataComunicacao": "14/12/2015", "dataElaboracao": "14/12/2015", "tipoBoletim": "Principal", "turnoOcorrencia": "A NOITE", "idBO": "2015-10342-10822", "solucao": "ENCAMINHAMENTO DP \u00c1REA DO FATO", "lat": -23.5468736, "horaComunicacao": "00:07", "local": "RUA ALAGOAS, 337 - CONSOLACAO - CEP: 01242001 - S.PAULO - SP", "circunscricao": "04\u00ba D.P. CONSOLA\u00c7\u00c3O"}