{"horaElaboracao": "12:13", "turnoOcorrencia": "PELA MANH\u00c3", "partesEnvolvidas": [{"naturalidade": "NOVO ORIENTE -CE", "estadoCivil": "Convivente", "naturezasEnvolvidas": "Morte suspeita", "tipoEnvolvimento": "V\u00edtima", "nome": "OSMARINA ROCHA VIANA", "instrucao": "1 Grau completo", "nacionalidade": "BRASILEIRA", "sexo": "Feminino", "idade": "50", "rg": "52604054-SP", "dataNascimento": "12/07/1964", "cutis": "Branca"}], "idBO": "2015-30418-686", "naturezas": [{"especie": "\u00d3bito", "descricao": "Morte suspeita"}], "flagrante": "N\u00e3o", "lon": -46.7796703, "dataComunicacao": "01/02/2015", "solucao": "ENCAMINHAMENTO DP \u00c1REA DO FATO", "local": "RUA COL\u00d4MBIA, 22 - JARDIM D ABRIL - OSASCO - SP", "categoria": "MORTE_SUBITA_NATURAL", "dataOcorrencia": "01/02/2015", "examesRequisitados": "IML", "idDelegacia": "30418", "numero": "686", "dataElaboracao": "01/02/2015", "tipoLocal": "Resid\u00eancia", "lat": -23.5593259, "horaComunicacao": "12:10", "tipoBoletim": "Principal", "circunscricao": "06\u00ba D.P. OSASCO", "dependencia": "05\u00ba D.P. OSASCO"}