{"horaElaboracao": "15:58", "turnoOcorrencia": "A TARDE", "partesEnvolvidas": [{"naturalidade": "S.PAULO -SP", "estadoCivil": "Convivente", "naturezasEnvolvidas": "Morte suspeita", "tipoEnvolvimento": "V\u00edtima", "nome": "LUIZ CARLOS DOS SANTOS SILVA", "profissao": "AUTONOMO(A)", "nacionalidade": "BRASILEIRA", "sexo": "Masculino", "idade": "35", "rg": "30313708-SP", "dataNascimento": "08/09/1979", "cutis": "Parda"}], "idBO": "2015-30122-5082", "naturezas": [{"especie": "\u00d3bito", "descricao": "Morte suspeita"}], "flagrante": "N\u00e3o", "lon": -46.6117539, "dataComunicacao": "29/08/2015", "solucao": "ENCAMINHAMENTO DP \u00c1REA DO FATO", "local": "PASSAGEM CARLOS ROCHA, 103 - INAMAR - CEP: 09974270 - DIADEMA - SP", "categoria": "MORTE_SUBITA_NATURAL", "dataOcorrencia": "29/08/2015", "examesRequisitados": "IML", "idDelegacia": "30122", "numero": "5082", "dataElaboracao": "29/08/2015", "tipoLocal": "Resid\u00eancia", "lat": -23.7146188, "horaComunicacao": "15:57", "tipoBoletim": "Principal", "circunscricao": "04\u00ba D.P. DIADEMA", "dependencia": "01\u00ba D.P. DIADEMA"}