{"horaElaboracao": "20:33", "turnoOcorrencia": "A NOITE", "partesEnvolvidas": [{"naturalidade": "SALINAS -MG", "estadoCivil": "Solteiro", "naturezasEnvolvidas": "Homic\u00eddio simples (art. 121)", "tipoEnvolvimento": "V\u00edtima", "nome": "TIAGO JOSE DA FONSECA", "instrucao": "1 Grau completo", "nacionalidade": "BRASILEIRA", "sexo": "Masculino", "idade": "26", "rg": "47498161-SP", "dataNascimento": "03/05/1989", "cutis": "Branca"}], "idBO": "2015-70508-517", "naturezas": [{"especie": "T\u00edtulo I - Pessoa (arts. 121 a 154)", "descricao": "Homic\u00eddio simples (art. 121)"}], "flagrante": "N\u00e3o", "lon": -46.6256056, "dataComunicacao": "13/08/2015", "solucao": "APRECIA\u00c7\u00c3O DO DELEGADO TITULAR", "local": "RUA DARCI DI GIOVANI, 60 - M\u00c1RIO COVAS - CEP: 13350000 - ELIAS FAUSTO - SP", "categoria": "HOMICIDIO_DOLOSO", "dataOcorrencia": "13/08/2015", "examesRequisitados": "IC-IML", "idDelegacia": "70508", "numero": "517", "dataElaboracao": "13/08/2015", "tipoLocal": "Via p\u00fablica", "lat": -23.5349449, "horaComunicacao": "20:24", "tipoBoletim": "Principal", "circunscricao": "DEL.POL.ELIAS FAUSTO", "dependencia": "DEL.POL.ELIAS FAUSTO"}