{"categoria": "OPOSICAO_POLICIAL", "dependencia": "DHPP DIV. HOMICIDIOS", "naturezas": [{"especie": "Ato infracional", "descricao": "A.I.-Roubo (art. 157)"}, {"especie": "Ato infracional", "descricao": "Resist\u00eancia (art. 329)"}, {"especie": "Ato infracional", "descricao": "A.I.-Les\u00e3o corporal culposa (art. 129. \u00a76o.)"}, {"especie": "T\u00edtulo I - Pessoa (arts. 121 a 154)", "desdobramentos": "Morte decorrente de interven\u00e7\u00e3o policial (RES. SSP 05 - 07/01/2013)", "descricao": "Homic\u00eddio simples (art. 121)"}, {"especie": "Localiza\u00e7\u00e3o e/ou Devolu\u00e7\u00e3o", "descricao": "Localiza\u00e7\u00e3o/Apreens\u00e3o e Entrega de ve\u00edculo"}], "tipoLocal": "Via p\u00fablica", "partesEnvolvidas": [{"tipoEnvolvimento": "V\u00edtima", "nome": "DESCONHECIDO", "cutis": "Branca", "sexo": "Masculino", "idade": "16", "naturezasEnvolvidas": "Homic\u00eddio simples (art. 121)"}], "dataOcorrencia": "01/05/2015", "lon": -46.3918016, "idDelegacia": "200100", "horaElaboracao": "22:58", "flagrante": "N\u00e3o", "numero": "354", "dataComunicacao": "01/05/2015", "dataElaboracao": "01/05/2015", "tipoBoletim": "Principal", "turnoOcorrencia": "A NOITE", "idBO": "2015-200100-354", "solucao": "BO PARA INQU\u00c9RITO", "lat": -23.5873414, "horaComunicacao": "22:56", "local": "RUA SALVADOR VIGANO, 119 - CIDADE TIRADENTES - CEP: 08473605 - S.PAULO - SP", "circunscricao": "54\u00ba D.P. CID. TIRADENTES"}