{"horaElaboracao": "02:14", "turnoOcorrencia": "A NOITE", "partesEnvolvidas": [{"naturalidade": "S.PAULO -SP", "estadoCivil": "Solteiro", "naturezasEnvolvidas": "Morte suspeita", "tipoEnvolvimento": "V\u00edtima", "nome": "VICTOR SANTOS SILVA", "instrucao": "1 Grau completo", "profissao": "ESTUDANTE", "nacionalidade": "BRASILEIRA", "sexo": "Masculino", "idade": "17", "rg": "37525379-SP", "dataNascimento": "21/01/1997", "cutis": "Parda"}], "idBO": "2015-10374-37", "naturezas": [{"especie": "\u00d3bito", "descricao": "Morte suspeita"}], "flagrante": "N\u00e3o", "lon": -46.689478, "dataComunicacao": "02/01/2015", "solucao": "BO PARA REGISTRO", "local": "RUA FRANCISCO OCTAVIO PACCA, 18 - GRAJAU - S.PAULO - SP", "categoria": "MORTE_SUBITA_NATURAL", "dataOcorrencia": "01/01/2015", "examesRequisitados": "IML", "idDelegacia": "10374", "numero": "37", "dataElaboracao": "02/01/2015", "tipoLocal": "Sa\u00fade", "lat": -23.7300352, "horaComunicacao": "02:10", "tipoBoletim": "Principal", "circunscricao": "101\u00ba D.P. JDIM IMBUIAS", "dependencia": "101\u00ba D.P. JDIM IMBUIAS"}