{"horaElaboracao": "09:40", "turnoOcorrencia": "PELA MANH\u00c3", "partesEnvolvidas": [{"tipoEnvolvimento": "V\u00edtima", "nome": "A IDENTIFICAR", "cutis": "Branca", "sexo": "Masculino", "idade": "0", "naturezasEnvolvidas": "Morte suspeita"}], "idBO": "2015-120415-37", "naturezas": [{"especie": "\u00d3bito", "descricao": "Morte suspeita"}], "flagrante": "N\u00e3o", "lon": -48.8698328, "dataComunicacao": "15/01/2015", "solucao": "APRECIA\u00c7\u00c3O DO DELEGADO TITULAR", "local": "REPRESA PIL\u00c3O D'\u00c1GUA - PIL\u00c3O D'\u00c1GUA - ITAPEVA - SP", "categoria": "MORTE_ACIDENTAL", "dataOcorrencia": "15/01/2015", "examesRequisitados": "IC-IML", "idDelegacia": "120415", "numero": "37", "dataElaboracao": "15/01/2015", "tipoLocal": "Lazer e recrea\u00e7\u00e3o", "lat": -23.964311, "horaComunicacao": "09:26", "tipoBoletim": "Principal", "circunscricao": "01\u00ba D.P. ITAPEVA", "dependencia": "01\u00ba D.P. ITAPEVA"}