{"horaElaboracao": "20:26", "turnoOcorrencia": "A TARDE", "partesEnvolvidas": [{"naturalidade": "S.CAETANO DO SUL -SP", "estadoCivil": "Solteiro", "naturezasEnvolvidas": "Morte suspeita", "tipoEnvolvimento": "V\u00edtima", "nome": "VANDERLEI APARECIDO DUQUE", "instrucao": "1 Grau completo", "profissao": "SERVENTE", "sexo": "Masculino", "idade": "49", "rg": "18583096-SP", "dataNascimento": "08/09/1965", "cutis": "Branca"}], "idBO": "2015-10310-2669", "naturezas": [{"especie": "\u00d3bito", "descricao": "Morte suspeita"}], "flagrante": "N\u00e3o", "lon": -46.5899916, "dataComunicacao": "01/05/2015", "solucao": "ENCAMINHAMENTO DP \u00c1REA DO FATO", "local": "RUA JUVENTUS, 562 - MOOCA - CEP: 03124020 - S.PAULO - SP", "categoria": "SUICIDIO_DUVIDOSO", "dataOcorrencia": "01/05/2015", "examesRequisitados": "IML", "idDelegacia": "10310", "numero": "2669", "dataElaboracao": "01/05/2015", "tipoLocal": "Via p\u00fablica", "lat": -23.571748, "horaComunicacao": "20:12", "tipoBoletim": "Principal", "circunscricao": "18\u00ba D.P. ALTO DA MOOCA", "dependencia": "56\u00ba D.P. VILA ALPINA"}