{"horaElaboracao": "17:15", "turnoOcorrencia": "A TARDE", "partesEnvolvidas": [{"naturalidade": "GUANAMBI -BA", "estadoCivil": "Viuvo", "naturezasEnvolvidas": "Morte suspeita", "tipoEnvolvimento": "V\u00edtima", "nome": "HORACIO PEREIRA SANTOS", "profissao": "APOSENTADO(A)", "nacionalidade": "BRASILEIRA", "sexo": "Masculino", "idade": "92", "rg": "28255780-SP", "dataNascimento": "15/07/1923", "cutis": "Branca"}], "idBO": "2015-90200-8098", "naturezas": [{"especie": "\u00d3bito", "descricao": "Morte suspeita"}], "flagrante": "N\u00e3o", "lon": -51.4076291, "dataComunicacao": "09/08/2015", "solucao": "ENCAMINHAMENTO DP \u00c1REA DO FATO", "local": "RUA JOS\u00c9 BONGIOVANI, 1271 - JD AQUINOPOLIS - PRESIDENTE PRUDENTE - SP", "categoria": "MORTE_ACIDENTAL", "dataOcorrencia": "09/08/2015", "examesRequisitados": "SVO", "idDelegacia": "90200", "numero": "8098", "dataElaboracao": "09/08/2015", "tipoLocal": "Sa\u00fade", "lat": -22.1315836, "horaComunicacao": "17:08", "tipoBoletim": "Principal", "circunscricao": "04\u00ba D.P. PRES. PRUDENTE", "dependencia": "DEL.SEC.PRES. PRUDENTE"}