{"horaElaboracao": "16:33", "turnoOcorrencia": "EM HORA INCERTA", "partesEnvolvidas": [{"naturezasEnvolvidas": "Roubo (art. 157), Localiza\u00e7\u00e3o/Apreens\u00e3o e Entrega de ve\u00edculo, Localiza\u00e7\u00e3o/Apreens\u00e3o de objeto, Praticar ato de abuso a animais (Art. 32)", "tipoEnvolvimento": "V\u00edtima", "nome": "ROSWITHA ELIZABETH SCHIRMER", "cutis": "Branca", "sexo": "Feminino", "idade": "72", "dataNascimento": "30/08/1942"}], "idBO": "2015-200100-30", "nomeDelegaciaBoPrincipal": "100\u00ba D.P. JDIM HERCULANO", "naturezas": [{"especie": "T\u00edtulo II - Patrim\u00f4nio (arts. 155 a 183)", "desdobramentos": "\u00a73o. Se da viol\u00eancia resulta morte:", "descricao": "Roubo (art. 157)"}, {"especie": "L 9605/98 - Meio ambiente", "descricao": "Praticar ato de abuso a animais (Art. 32)"}, {"especie": "Localiza\u00e7\u00e3o e/ou Devolu\u00e7\u00e3o", "descricao": "Localiza\u00e7\u00e3o/Apreens\u00e3o e Entrega de ve\u00edculo"}, {"especie": "Localiza\u00e7\u00e3o e/ou Devolu\u00e7\u00e3o", "descricao": "Localiza\u00e7\u00e3o/Apreens\u00e3o de objeto"}], "flagrante": "N\u00e3o", "lon": -46.73031599999999, "dataComunicacao": "09/01/2015", "solucao": "BO PARA ADENDO", "numeroBoPrincipal": "110", "categoria": "LATROCINIO", "dataOcorrencia": "09/01/2015", "examesRequisitados": "IC-IML", "idDelegacia": "200100", "numero": "30", "tipoBoletim": "Complementar", "dataElaboracao": "09/01/2015", "tipoLocal": "Resid\u00eancia", "lat": -23.7053979, "horaComunicacao": "16:31", "anoBoPrincipal": "2015", "circunscricao": "100\u00ba D.P. JDIM HERCULANO", "local": "RUA PARAPETI, 40 - RIVIEIRA - S.PAULO - SP", "dependencia": "DHPP DIV. HOMICIDIOS"}