{"horaElaboracao": "10:13", "turnoOcorrencia": "EM HORA INCERTA", "partesEnvolvidas": [{"naturalidade": "MINEIROS DO TIETE -SP", "estadoCivil": "Solteiro", "naturezasEnvolvidas": "Morte suspeita", "tipoEnvolvimento": "V\u00edtima", "nome": "LEONIDAS FERREIRA", "instrucao": "1 Grau completo", "nacionalidade": "BRASILEIRA", "sexo": "Masculino", "idade": "45", "rg": "26565165-SP", "dataNascimento": "12/09/1970", "cutis": "Branca"}], "idBO": "2015-60214-472", "naturezas": [{"especie": "\u00d3bito", "descricao": "Morte suspeita"}], "flagrante": "N\u00e3o", "lon": -48.451474, "dataComunicacao": "08/10/2015", "solucao": "APRECIA\u00c7\u00c3O DO DELEGADO TITULAR", "local": "RUA DOUTOR SALVADOR MERCADANTE, 199 - CENTRO - MINEIROS DO TIETE - SP", "categoria": "MORTE_SUBITA_NATURAL", "dataOcorrencia": "05/10/2015", "examesRequisitados": "IC-IML", "idDelegacia": "60214", "numero": "472", "dataElaboracao": "08/10/2015", "tipoLocal": "Resid\u00eancia", "lat": -22.4093487, "horaComunicacao": "10:07", "tipoBoletim": "Principal", "circunscricao": "DEL.POL.MINEIROS DO TIETE", "dependencia": "DEL.POL.MINEIROS DO TIETE"}