{"horaElaboracao": "13:36", "turnoOcorrencia": "PELA MANH\u00c3", "partesEnvolvidas": [], "idBO": "2015-30105-1481", "naturezas": [{"especie": "\u00d3bito", "descricao": "Morte suspeita"}], "flagrante": "N\u00e3o", "lon": -46.5075127, "dataComunicacao": "15/03/2015", "solucao": "ENCAMINHAMENTO DP \u00c1REA DO FATO", "local": "RUA CALECUTE, 25 - VILA LUZITA - CEP: 09171120 - S.ANDRE - SP", "categoria": "SUICIDIO_DUVIDOSO", "dataOcorrencia": "15/03/2015", "examesRequisitados": "IML", "idDelegacia": "30105", "numero": "1481", "dataElaboracao": "15/03/2015", "tipoLocal": "Sa\u00fade", "lat": -23.6993795, "horaComunicacao": "13:20", "tipoBoletim": "Principal", "circunscricao": "06\u00ba D.P. SANTO ANDR\u00c9", "dependencia": "04\u00ba D.P. SANTO ANDR\u00c9"}