{"horaElaboracao": "15:39", "turnoOcorrencia": "A TARDE", "partesEnvolvidas": [{"naturalidade": "RIO CLARO -SP", "estadoCivil": "Solteiro", "naturezasEnvolvidas": "Morte suspeita", "tipoEnvolvimento": "V\u00edtima", "nome": "DANIEL BARBOSA DE OLIVEIRA", "profissao": "SERVENTE", "sexo": "Masculino", "idade": "44", "rg": "23016333-SP", "dataNascimento": "15/06/1971", "cutis": "Parda"}], "idBO": "2015-70924-9732", "naturezas": [{"especie": "\u00d3bito", "descricao": "Morte suspeita"}], "flagrante": "N\u00e3o", "lon": -47.557076, "dataComunicacao": "07/08/2015", "solucao": "APRECIA\u00c7\u00c3O DO DELEGADO TITULAR", "local": "AVENIDA 15 COM RUA 2 - SA\u00daDE - RIO CLARO - SP", "categoria": "MORTE_SUBITA_NATURAL", "dataOcorrencia": "07/08/2015", "examesRequisitados": "IML", "idDelegacia": "70924", "numero": "9732", "dataElaboracao": "07/08/2015", "tipoLocal": "Sa\u00fade", "lat": -22.41522, "horaComunicacao": "15:15", "tipoBoletim": "Principal", "circunscricao": "01\u00ba D.P. RIO CLARO", "dependencia": "DEL.SEC.RIO CLARO PLANT\u00c3O"}