{"horaElaboracao": "14:12", "turnoOcorrencia": "PELA MANH\u00c3", "partesEnvolvidas": [{"naturalidade": "S\u00c3O MIGUEL ARCANJO", "estadoCivil": "Casado", "naturezasEnvolvidas": "Morte suspeita", "tipoEnvolvimento": "V\u00edtima", "nome": "AMADOR DOMINGUES", "instrucao": "Analfabeto", "profissao": "APOSENTADO(A)", "nacionalidade": "BRASILEIRA", "sexo": "Masculino", "idade": "64", "rg": "21812901-SP", "dataNascimento": "07/09/1950", "cutis": "Branca"}], "idBO": "2015-120314-647", "naturezas": [{"especie": "\u00d3bito", "descricao": "Morte suspeita"}], "flagrante": "N\u00e3o", "lon": -48.0394541, "dataComunicacao": "23/03/2015", "solucao": "APRECIA\u00c7\u00c3O DO DELEGADO TITULAR", "local": "RUA PADRE ALBUQUERQUE - CENTRO - CEP: 18200220 - ITAPETININGA - SP", "categoria": "MORTE_SUBITA_NATURAL", "dataOcorrencia": "23/03/2015", "examesRequisitados": "IML", "idDelegacia": "120314", "numero": "647", "dataElaboracao": "23/03/2015", "tipoLocal": "Sa\u00fade", "lat": -23.583608, "horaComunicacao": "14:09", "tipoBoletim": "Principal", "circunscricao": "01\u00ba D.P. ITAPETININGA", "dependencia": "01\u00ba D.P. ITAPETININGA"}