{"horaElaboracao": "19:13", "turnoOcorrencia": "DE MADRUGADA", "partesEnvolvidas": [{"naturalidade": "CICERO DANTAS -BA", "naturezasEnvolvidas": "Morte suspeita", "tipoEnvolvimento": "V\u00edtima", "nome": "JOSE DE SOUZA", "profissao": "APOSENTADO(A)", "nacionalidade": "BRASILEIRA", "sexo": "Masculino", "idade": "78", "rg": "3632057-SP", "dataNascimento": "16/06/1936", "cutis": "Branca"}], "idBO": "2015-10105-2192", "naturezas": [{"especie": "\u00d3bito", "descricao": "Morte suspeita"}], "flagrante": "N\u00e3o", "lon": -46.6392554, "dataComunicacao": "05/06/2015", "solucao": "ENCAMINHAMENTO DP \u00c1REA DO FATO", "local": "RUA CASTRO ALVES, 60 - LIBERDADE - CEP: 01532001 - S.PAULO - SP", "categoria": "MORTE_SUBITA_NATURAL", "dataOcorrencia": "05/06/2015", "examesRequisitados": "IML", "idDelegacia": "10105", "numero": "2192", "dataElaboracao": "05/06/2015", "tipoLocal": "Sa\u00fade", "lat": -23.5668044, "horaComunicacao": "19:04", "tipoBoletim": "Principal", "circunscricao": "05\u00ba D.P. ACLIMACAO", "dependencia": "05\u00ba D.P. ACLIMACAO"}