{"horaElaboracao": "13:35", "turnoOcorrencia": "PELA MANH\u00c3", "partesEnvolvidas": [{"naturalidade": "LIMEIRA -SP", "estadoCivil": "Solteiro", "naturezasEnvolvidas": "Morte suspeita", "tipoEnvolvimento": "V\u00edtima", "nome": "MARCIO ANTONIO FERREIRA", "instrucao": "1 Grau completo", "nacionalidade": "BRASILEIRA", "sexo": "Masculino", "idade": "54", "rg": "38125106-SP", "dataNascimento": "04/02/1961", "cutis": "Branca"}], "idBO": "2015-30107-1543", "naturezas": [{"especie": "\u00d3bito", "descricao": "Morte suspeita"}], "flagrante": "N\u00e3o", "lon": -46.5075127, "dataComunicacao": "25/06/2015", "solucao": "ENCAMINHAMENTO DP \u00c1REA DO FATO", "local": "RUA CALECUTE, 25 - VILA LUZITA - CEP: 09171120 - S.ANDRE - SP", "categoria": "MORTE_SUBITA_NATURAL", "dataOcorrencia": "25/06/2015", "examesRequisitados": "IML", "idDelegacia": "30107", "numero": "1543", "dataElaboracao": "25/06/2015", "tipoLocal": "Sa\u00fade", "lat": -23.6993795, "horaComunicacao": "13:31", "tipoBoletim": "Principal", "circunscricao": "06\u00ba D.P. SANTO ANDR\u00c9", "dependencia": "06\u00ba D.P. SANTO ANDR\u00c9"}