{"horaElaboracao": "19:16", "turnoOcorrencia": "A TARDE", "partesEnvolvidas": [{"naturalidade": "S.PAULO -SP", "estadoCivil": "Solteiro", "naturezasEnvolvidas": "Drogas sem autoriza\u00e7\u00e3o ou em desacordo (Art.33, caput), Homic\u00eddio simples (art. 121), Localiza\u00e7\u00e3o/Apreens\u00e3o de objeto", "tipoEnvolvimento": "Autor/Vitima", "nome": "CLAYTON BARBOSA DOS SANTOS", "instrucao": "1 Grau incompleto", "profissao": "ESTUDANTE", "nacionalidade": "BRASILEIRA", "sexo": "Masculino", "idade": "21", "rg": "52549883-SP", "dataNascimento": "05/08/1994", "cutis": "Parda"}], "idBO": "2015-200100-909", "naturezas": [{"especie": "T\u00edtulo I - Pessoa (arts. 121 a 154)", "desdobramentos": "Morte decorrente de interven\u00e7\u00e3o policial (RES. SSP 05 - 07/01/2013)", "descricao": "Homic\u00eddio simples (art. 121)"}, {"especie": "L 11343/06 - Entorpecentes", "descricao": "Drogas sem autoriza\u00e7\u00e3o ou em desacordo (Art.33, caput)"}, {"especie": "Localiza\u00e7\u00e3o e/ou Devolu\u00e7\u00e3o", "descricao": "Localiza\u00e7\u00e3o/Apreens\u00e3o de objeto"}], "flagrante": "N\u00e3o", "lon": -46.6609713, "dataComunicacao": "30/12/2015", "solucao": "BO PARA INQU\u00c9RITO", "local": "PRA\u00c7A DA PAZ, 1 - - S.PAULO - SP", "categoria": "OPOSICAO_POLICIAL", "dataOcorrencia": "30/12/2015", "examesRequisitados": "IC-IML", "idDelegacia": "200100", "numero": "909", "dataElaboracao": "30/12/2015", "tipoLocal": "Favela", "lat": -23.5889258, "horaComunicacao": "19:13", "tipoBoletim": "Principal", "circunscricao": "75\u00ba D.P. JARDIM ARPOADOR", "dependencia": "DHPP DIV. HOMICIDIOS"}