{"horaElaboracao": "15:42", "turnoOcorrencia": "PELA MANH\u00c3", "partesEnvolvidas": [{"naturalidade": "JARDINOPOLIS -SP", "estadoCivil": "Viuvo", "naturezasEnvolvidas": "Morte suspeita", "tipoEnvolvimento": "V\u00edtima", "nome": "DIVINA FRANCISCA ZAINE", "profissao": "PENSIONISTA", "nacionalidade": "BRASILEIRA", "sexo": "Feminino", "idade": "84", "rg": "32704731-SP", "dataNascimento": "21/08/1930", "cutis": "Branca"}], "idBO": "2015-30102-2819", "naturezas": [{"especie": "\u00d3bito", "descricao": "Morte suspeita"}], "flagrante": "N\u00e3o", "lon": -46.59561859999999, "dataComunicacao": "22/05/2015", "solucao": "ENCAMINHAMENTO DP \u00c1REA DO FATO", "local": "RUA DOM JORGE DE MASCARENHAS, 137 - VILA NOGUEIRA - CEP: 09960240 - DIADEMA - SP", "categoria": "MORTE_ACIDENTAL", "dataOcorrencia": "22/05/2015", "examesRequisitados": "IML", "idDelegacia": "30102", "numero": "2819", "dataElaboracao": "22/05/2015", "tipoLocal": "Resid\u00eancia", "lat": -23.6947744, "horaComunicacao": "15:35", "tipoBoletim": "Principal", "circunscricao": "02\u00ba D.P. DIADEMA", "dependencia": "01\u00ba D.P. SANTO ANDR\u00c9"}