{"categoria": "SUICIDIO_DUVIDOSO", "dependencia": "DEL.POL.PARIQUERA ACU", "naturezas": [{"especie": "\u00d3bito", "descricao": "Morte suspeita"}], "tipoLocal": "Sa\u00fade", "partesEnvolvidas": [{"naturalidade": "JUQUIA -SP", "estadoCivil": "Solteiro", "naturezasEnvolvidas": "Morte suspeita", "tipoEnvolvimento": "V\u00edtima", "nome": "CARLOS ROGERIO DE OLIVEIRA", "instrucao": "1 Grau completo", "profissao": "LAVRADOR(A)", "sexo": "Masculino", "idade": "40", "rg": "29094118-SP", "dataNascimento": "21/07/1975", "cutis": "Branca"}], "dataOcorrencia": "11/11/2015", "lon": -46.5703066, "idDelegacia": "40107", "horaElaboracao": "12:11", "flagrante": "N\u00e3o", "numero": "953", "dataComunicacao": "11/11/2015", "dataElaboracao": "11/11/2015", "tipoBoletim": "Principal", "turnoOcorrencia": "PELA MANH\u00c3", "idBO": "2015-40107-953", "solucao": "ENCAMINHAMENTO DP \u00c1REA DO FATO", "lat": -23.6286535, "horaComunicacao": "11:45", "local": "RUA DOS EXPEDICION\u00c1RIOS - VILA PALMIRA - CEP: 11930000 - PARIQUERA-ACU - SP", "circunscricao": "DEL.POL.PARIQUERA ACU"}