{"categoria": "CADAVER_SEM_LESOES", "dependencia": "09\u00ba D.P. GUARULHOS", "naturezas": [{"especie": "\u00d3bito", "descricao": "Morte suspeita"}], "tipoLocal": "Unidade rural", "partesEnvolvidas": [{"tipoEnvolvimento": "V\u00edtima", "nome": "GUILHERME HENRIQUE", "cutis": "Branca", "sexo": "Masculino", "idade": "0", "naturezasEnvolvidas": "Morte suspeita"}], "dataOcorrencia": "06/07/2015", "lon": -46.5191849, "idDelegacia": "30221", "horaElaboracao": "15:07", "flagrante": "N\u00e3o", "numero": "1505", "dataComunicacao": "06/07/2015", "dataElaboracao": "06/07/2015", "tipoBoletim": "Principal", "turnoOcorrencia": "A TARDE", "idBO": "2015-30221-1505", "solucao": "APRECIA\u00c7\u00c3O DO DELEGADO TITULAR", "lat": -23.4036772, "horaComunicacao": "15:03", "local": "RUA SAMI, 76 - CABU\u00c7U - CEP: 07144400 - GUARULHOS - SP", "circunscricao": "09\u00ba D.P. GUARULHOS"}