{"horaElaboracao": "10:57", "turnoOcorrencia": "PELA MANH\u00c3", "partesEnvolvidas": [{"naturalidade": "COARACI-BA", "estadoCivil": "Casado", "naturezasEnvolvidas": "Morte suspeita", "tipoEnvolvimento": "V\u00edtima", "nome": "VALDOMIRO CELESTINO DE GOES", "instrucao": "1 Grau incompleto", "profissao": "APOSENTADO(A)", "nacionalidade": "BRASILEIRA", "sexo": "Masculino", "idade": "69", "rg": "15237939-SP", "dataNascimento": "15/06/1946", "cutis": "Preta"}], "idBO": "2015-50217-937", "naturezas": [{"especie": "\u00d3bito", "descricao": "Morte suspeita"}], "flagrante": "N\u00e3o", "lon": -46.66949270000001, "dataComunicacao": "09/09/2015", "solucao": "APRECIA\u00c7\u00c3O DO DELEGADO TITULAR", "local": "ESTRADA JACUTINGA, 1 - JACUTINGA - PENAPOLIS - SP", "categoria": "MORTE_SUBITA_NATURAL", "dataOcorrencia": "09/09/2015", "examesRequisitados": "IC-IML", "idDelegacia": "50217", "numero": "937", "dataElaboracao": "09/09/2015", "tipoLocal": "Via p\u00fablica", "lat": -23.5999814, "horaComunicacao": "10:34", "tipoBoletim": "Principal", "circunscricao": "DEL.POL.PEN\u00c1POLIS", "dependencia": "DEL.POL.PEN\u00c1POLIS"}