{"horaElaboracao": "12:43", "turnoOcorrencia": "PELA MANH\u00c3", "partesEnvolvidas": [{"naturalidade": "IBIARA -PB", "estadoCivil": "Convivente", "naturezasEnvolvidas": "Morte suspeita", "tipoEnvolvimento": "V\u00edtima", "nome": "FRANCISCO BEZERRA LOPES", "instrucao": "1 Grau completo", "profissao": "LAVRADOR(A)", "nacionalidade": "BRASILEIRA", "sexo": "Masculino", "idade": "31", "rg": "38551565-SP", "dataNascimento": "21/02/1983", "cutis": "Branca"}], "idBO": "2015-110503-129", "naturezas": [{"especie": "\u00d3bito", "descricao": "Morte suspeita"}], "flagrante": "N\u00e3o", "lon": -49.8584451, "dataComunicacao": "02/02/2015", "solucao": "ENCAMINHAMENTO DP \u00c1REA DO FATO", "local": "FAZENDA PONTAL - RIOLANDIA-SP - RIOLANDIA - SP", "categoria": "MORTE_ACIDENTAL", "dataOcorrencia": "02/02/2015", "examesRequisitados": "IC-IML", "idDelegacia": "110503", "numero": "129", "dataElaboracao": "02/02/2015", "tipoLocal": "Unidade rural", "lat": -19.976025, "horaComunicacao": "12:00", "tipoBoletim": "Principal", "circunscricao": "DEL.POL.RIOLANDIA", "dependencia": "DEL.POL.CARDOSO"}