{"horaElaboracao": "01:02", "turnoOcorrencia": "A NOITE", "partesEnvolvidas": [{"naturalidade": "S.PAULO -SP", "estadoCivil": "Solteiro", "naturezasEnvolvidas": "Morte suspeita", "tipoEnvolvimento": "V\u00edtima", "nome": "WALTER CORREA COSTA NETTO", "instrucao": "2 Grau completo", "profissao": "CABELEIREIRO(A)", "nacionalidade": "BRASILEIRA", "sexo": "Masculino", "idade": "38", "rg": "29159063-SP", "dataNascimento": "21/12/1976", "cutis": "Branca"}], "idBO": "2015-10362-1134", "naturezas": [{"especie": "\u00d3bito", "descricao": "Morte suspeita"}], "flagrante": "N\u00e3o", "lon": -46.5348179, "dataComunicacao": "08/02/2015", "solucao": "BO PARA REGISTRO", "local": "RUA JURUBEBA DO CAMPO, 270 - JD GUAIRACA-SP- - S.PAULO - SP", "categoria": "MORTE_SUBITA_NATURAL", "dataOcorrencia": "07/02/2015", "examesRequisitados": "IC-IML", "idDelegacia": "10362", "numero": "1134", "dataElaboracao": "08/02/2015", "tipoLocal": "Resid\u00eancia", "lat": -23.6056682, "horaComunicacao": "00:54", "tipoBoletim": "Principal", "circunscricao": "70\u00ba D.P. VILA EMA", "dependencia": "69\u00ba D.P. TEOTONIO VILELA"}