{"categoria": "MORTE_SUBITA_NATURAL", "dependencia": "DEL.POL.ARA\u00c7OIABA DA SERRA", "naturezas": [{"especie": "\u00d3bito", "descricao": "Morte suspeita"}], "tipoLocal": "Resid\u00eancia", "partesEnvolvidas": [{"naturalidade": "SOROCABA -SP", "naturezasEnvolvidas": "Morte suspeita", "tipoEnvolvimento": "V\u00edtima", "nome": "MARCO ANTONIO DE BRITO", "cutis": "Branca", "sexo": "Masculino", "idade": "47", "rg": "16879496-SP", "dataNascimento": "13/11/1967"}], "dataOcorrencia": "24/02/2015", "lon": -47.56842810000001, "idDelegacia": "120501", "horaElaboracao": "09:42", "flagrante": "N\u00e3o", "numero": "289", "dataComunicacao": "24/02/2015", "dataElaboracao": "24/02/2015", "tipoBoletim": "Principal", "turnoOcorrencia": "PELA MANH\u00c3", "idBO": "2015-120501-289", "solucao": "APRECIA\u00c7\u00c3O DO DELEGADO TITULAR", "lat": -23.5056494, "horaComunicacao": "09:33", "local": "RUA RUA MARIA GIMENEZ MUNHOZ, 118 - COLONIAL I - CEP: 18190000 - ARACOIABA DA SERRA - SP", "circunscricao": "DEL.POL.ARA\u00c7OIABA DA SERRA"}