{"horaElaboracao": "09:59", "turnoOcorrencia": "PELA MANH\u00c3", "partesEnvolvidas": [{"naturalidade": "S.JOAO DOS PATOS -MA", "estadoCivil": "Casado", "naturezasEnvolvidas": "Morte suspeita", "tipoEnvolvimento": "V\u00edtima", "nome": "ANTONIO CARLOS DE SOUSA", "instrucao": "1 Grau completo", "nacionalidade": "BRASILEIRA", "sexo": "Masculino", "idade": "42", "rg": "37997530-SP", "dataNascimento": "12/08/1972", "cutis": "Parda"}], "idBO": "2015-30440-3501", "naturezas": [{"especie": "\u00d3bito", "descricao": "Morte suspeita"}], "flagrante": "N\u00e3o", "lon": -46.7984962, "dataComunicacao": "11/07/2015", "solucao": "AGUARDANDO LAUDOS", "local": "RUA GENERAL CAMARGO, 214 - PORTAL D OESTE - OSASCO - SP", "categoria": "MORTE_SUBITA_NATURAL", "dataOcorrencia": "11/07/2015", "examesRequisitados": "IC-IML", "idDelegacia": "30440", "numero": "3501", "dataElaboracao": "11/07/2015", "tipoLocal": "Resid\u00eancia", "lat": -23.4855571, "horaComunicacao": "09:57", "tipoBoletim": "Principal", "circunscricao": "10\u00ba D.P. OSASCO", "dependencia": "10\u00ba D.P. OSASCO"}