{"horaElaboracao": "00:49", "turnoOcorrencia": "A NOITE", "partesEnvolvidas": [{"naturalidade": "PRESIDENTE BERNARDES -SP", "estadoCivil": "Viuvo", "naturezasEnvolvidas": "Morte suspeita", "tipoEnvolvimento": "V\u00edtima", "nome": "ALONSO MORENO", "instrucao": "1 Grau completo", "nacionalidade": "BRASILEIRA", "sexo": "Masculino", "idade": "82", "rg": "1916148-SP", "dataNascimento": "27/04/1932", "cutis": "Branca"}], "idBO": "2015-10108-159", "naturezas": [{"especie": "\u00d3bito", "descricao": "Morte suspeita"}], "flagrante": "N\u00e3o", "lon": -46.6247975, "dataComunicacao": "07/01/2015", "solucao": "ENCAMINHAMENTO DP \u00c1REA DO FATO", "local": "RUA DA FIGUEIRA, 831 - SE - S.PAULO - SP", "categoria": "SUICIDIO_DUVIDOSO", "dataOcorrencia": "06/01/2015", "examesRequisitados": "IML", "idDelegacia": "10108", "numero": "159", "dataElaboracao": "07/01/2015", "tipoLocal": "Sa\u00fade", "lat": -23.5521, "horaComunicacao": "00:46", "tipoBoletim": "Principal", "circunscricao": "01\u00ba D.P. SE", "dependencia": "08\u00ba D.P. BRAS"}