{"horaElaboracao": "16:24", "turnoOcorrencia": "PELA MANH\u00c3", "partesEnvolvidas": [{"naturalidade": "SUMARE SP", "estadoCivil": "Casado", "naturezasEnvolvidas": "Morte suspeita", "tipoEnvolvimento": "V\u00edtima", "nome": "JOSE CARLOS DEDONA", "instrucao": "2 Grau completo", "nacionalidade": "BRASILEIRA", "sexo": "Masculino", "idade": "72", "rg": "3221090-SP", "dataNascimento": "06/09/1942", "cutis": "Branca"}], "idBO": "2015-70810-3683", "naturezas": [{"especie": "\u00d3bito", "descricao": "Morte suspeita"}], "flagrante": "N\u00e3o", "lon": -47.4001223, "dataComunicacao": "28/08/2015", "solucao": "ENCAMINHAMENTO DP \u00c1REA DO FATO", "local": "RUA SANTA CASA DE LIMEIRA, 1 - CENTRO - CEP: 13480091 - LIMEIRA - SP", "categoria": "MORTE_ACIDENTAL", "dataOcorrencia": "28/08/2015", "examesRequisitados": "IML", "idDelegacia": "70810", "numero": "3683", "dataElaboracao": "28/08/2015", "tipoLocal": "Sa\u00fade", "lat": -22.5796905, "horaComunicacao": "16:24", "tipoBoletim": "Principal", "circunscricao": "01\u00ba D.P. LIMEIRA", "dependencia": "01\u00ba D.P. LIMEIRA"}