{"horaElaboracao": "09:43", "turnoOcorrencia": "PELA MANH\u00c3", "partesEnvolvidas": [{"naturalidade": "S.CRUZ DO RIO PARDO -SP", "estadoCivil": "Casado", "naturezasEnvolvidas": "Morte suspeita", "tipoEnvolvimento": "V\u00edtima", "nome": "ROSA JACOB TAVARES TORQUATO", "instrucao": "1 Grau completo", "nacionalidade": "BRASILEIRA", "sexo": "Feminino", "idade": "78", "rg": "15712278-SP", "dataNascimento": "03/05/1936", "cutis": "Branca"}], "idBO": "2015-10314-689", "naturezas": [{"especie": "\u00d3bito", "descricao": "Morte suspeita"}], "flagrante": "N\u00e3o", "lon": -46.7081993, "dataComunicacao": "25/01/2015", "solucao": "ENCAMINHAMENTO DP \u00c1REA DO FATO", "local": "AVENIDA PROFESSOR FRANCISCO MORATO, 719 - BUTANTA - S.PAULO - SP", "categoria": "MORTE_ACIDENTAL", "dataOcorrencia": "25/01/2015", "examesRequisitados": "IML", "idDelegacia": "10314", "numero": "689", "dataElaboracao": "25/01/2015", "tipoLocal": "Sa\u00fade", "lat": -23.5778904, "horaComunicacao": "09:31", "tipoBoletim": "Principal", "circunscricao": "34\u00ba D.P. MORUMBI", "dependencia": "14\u00ba D.P. PINHEIROS"}