{"horaElaboracao": "14:19", "turnoOcorrencia": "A TARDE", "partesEnvolvidas": [{"naturezasEnvolvidas": "Roubo (art. 157), Homic\u00eddio simples (art. 121)", "tipoEnvolvimento": "Autor/Vitima", "nome": "ELVER OTACILIO ROSA JUNIOR", "nacionalidade": "BRASILEIRA", "sexo": "Masculino", "idade": "18", "rg": "38781092-SP", "dataNascimento": "20/07/1996", "cutis": "Branca"}], "idBO": "2015-20249-7390", "naturezas": [{"especie": "T\u00edtulo II - Patrim\u00f4nio (arts. 155 a 183)", "descricao": "Roubo (art. 157)"}, {"especie": "T\u00edtulo I - Pessoa (arts. 121 a 154)", "desdobramentos": "Morte decorrente de interven\u00e7\u00e3o policial (RES. SSP 05 - 07/01/2013)", "descricao": "Homic\u00eddio simples (art. 121)"}, {"especie": "T\u00edtulo I - Pessoa (arts. 121 a 154)", "desdobramentos": "Les\u00e3o corporal decorrente de interven\u00e7\u00e3o policial (RES. SSP 05 - 07/01/2013)", "descricao": "Les\u00e3o corporal (art. 129)"}], "flagrante": "N\u00e3o", "lon": -46.4810433, "dataComunicacao": "17/06/2015", "solucao": "BO PARA REGISTRO", "local": "RUA ANGELO DE CANDIA, 1472 - SAO MATEUS - CEP: 03958000 - S.PAULO - SP", "categoria": "OPOSICAO_POLICIAL", "dataOcorrencia": "17/06/2015", "examesRequisitados": "IC-IML", "idDelegacia": "20249", "numero": "7390", "dataElaboracao": "17/06/2015", "tipoLocal": "Via p\u00fablica", "lat": -23.6019373, "horaComunicacao": "14:16", "tipoBoletim": "Principal", "circunscricao": "49\u00ba D.P. SAO MATEUS", "dependencia": "49\u00ba D.P. SAO MATEUS"}