{"horaElaboracao": "11:10", "turnoOcorrencia": "PELA MANH\u00c3", "partesEnvolvidas": [{"naturalidade": "PEREIRA BARRETO -SP", "estadoCivil": "Casado", "naturezasEnvolvidas": "Morte suspeita, Maus-tratos (art. 136), Omiss\u00e3o de socorro (Art. 135)", "tipoEnvolvimento": "V\u00edtima", "nome": "HIROKO YAMANAKA HIROOKA", "instrucao": "2 Grau completo", "nacionalidade": "BRASILEIRA", "sexo": "Feminino", "idade": "65", "rg": "4158395-SP", "dataNascimento": "24/07/1950", "cutis": "Branca"}], "idBO": "2015-20210-8470", "naturezas": [{"especie": "\u00d3bito", "descricao": "Morte suspeita"}, {"especie": "T\u00edtulo I - Pessoa (arts. 121 a 154)", "descricao": "Omiss\u00e3o de socorro (Art. 135)"}, {"especie": "T\u00edtulo I - Pessoa (arts. 121 a 154)", "descricao": "Maus-tratos (art. 136)"}], "flagrante": "N\u00e3o", "lon": -46.5256671, "dataComunicacao": "10/10/2015", "solucao": "APRECIA\u00c7\u00c3O DO DELEGADO TITULAR", "local": "RUA DO ARBITRO, 238 - CANGAIBA - CEP: 03734160 - S.PAULO - SP", "categoria": "MORTE_SUBITA_NATURAL", "dataOcorrencia": "10/10/2015", "examesRequisitados": "IC-IML", "idDelegacia": "20210", "numero": "8470", "dataElaboracao": "10/10/2015", "tipoLocal": "Entidade assistencial", "lat": -23.5104727, "horaComunicacao": "11:09", "tipoBoletim": "Principal", "circunscricao": "10\u00ba D.P. PENHA DE FRANCA", "dependencia": "10\u00ba D.P. PENHA DE FRANCA"}