{"horaElaboracao": "20:47", "turnoOcorrencia": "A TARDE", "partesEnvolvidas": [{"naturalidade": "SACUCO/CAMACHO", "estadoCivil": "Solteiro", "naturezasEnvolvidas": "Morte suspeita", "tipoEnvolvimento": "V\u00edtima", "nome": "ELEUTERIO FELIPE HUANCA MACHACA", "nacionalidade": "BOLIVIANA", "sexo": "Masculino", "idade": "39", "dataNascimento": "26/05/1976", "cutis": "Parda"}], "idBO": "2015-30407-3922", "naturezas": [{"especie": "\u00d3bito", "descricao": "Morte suspeita"}], "flagrante": "N\u00e3o", "lon": -46.0224754, "dataComunicacao": "25/07/2015", "solucao": "APRECIA\u00c7\u00c3O DO DELEGADO TITULAR", "local": "RUA JOS\u00c9 MICHELOTI, 300 - VILA GARCIA - CEP: 06693005 - ITAPEVI - SP", "categoria": "MORTE_ACIDENTAL", "dataOcorrencia": "25/07/2015", "examesRequisitados": "SVO", "idDelegacia": "30407", "numero": "3922", "dataElaboracao": "25/07/2015", "tipoLocal": "Sa\u00fade", "lat": -23.3685947, "horaComunicacao": "20:40", "tipoBoletim": "Principal", "circunscricao": "DEL.POL.ITAPEVI", "dependencia": "DEL.POL.ITAPEVI"}