{"horaElaboracao": "17:15", "turnoOcorrencia": "A TARDE", "partesEnvolvidas": [{"naturalidade": "DIADEMA -SP", "estadoCivil": "Solteiro", "naturezasEnvolvidas": "Morte suspeita", "tipoEnvolvimento": "V\u00edtima", "nome": "GETULIO RODRIGUES NETO", "profissao": "PEDREIRO", "sexo": "Masculino", "idade": "32", "rg": "30796785-SP", "dataNascimento": "07/05/1982", "cutis": "Parda"}], "idBO": "2015-30111-57", "naturezas": [{"especie": "\u00d3bito", "descricao": "Morte suspeita"}], "flagrante": "N\u00e3o", "lon": -46.5564849, "dataComunicacao": "03/01/2015", "solucao": "ENCAMINHAMENTO DP \u00c1REA DO FATO", "local": "RODOVIA RODOANEL MARIO COVAS, 68 - JD. CANA\u00c3 - S.BERNARDO DO CAMPO - SP", "categoria": "MORTE_ACIDENTAL", "dataOcorrencia": "03/01/2015", "examesRequisitados": "IML", "idDelegacia": "30111", "numero": "57", "dataElaboracao": "03/01/2015", "tipoLocal": "Lazer e recrea\u00e7\u00e3o", "lat": -23.7619239, "horaComunicacao": "17:05", "tipoBoletim": "Principal", "circunscricao": "03\u00ba D.P. S.BERNARDO DO CAMPO", "dependencia": "03\u00ba D.P. S.BERNARDO DO CAMPO"}