{"horaElaboracao": "23:30", "turnoOcorrencia": "A NOITE", "partesEnvolvidas": [{"naturalidade": "RIO DE JANEIRO RJ", "estadoCivil": "Viuvo", "naturezasEnvolvidas": "Morte suspeita", "tipoEnvolvimento": "V\u00edtima", "nome": "ILZA VIEIRA DA SILVA", "profissao": "PENSIONISTA", "nacionalidade": "BRASILEIRA", "sexo": "Feminino", "idade": "84", "rg": "186898MM-RJ", "dataNascimento": "18/02/1931", "cutis": "Parda"}], "idBO": "2015-30306-5680", "naturezas": [{"especie": "\u00d3bito", "descricao": "Morte suspeita"}], "flagrante": "N\u00e3o", "lon": -46.1937414, "dataComunicacao": "25/12/2015", "solucao": "APRECIA\u00c7\u00c3O DO DELEGADO TITULAR", "local": "RUA MANUEL DE OLIVEIRA - VL MOGILAR - CEP: 08773130 - MOGI DAS CRUZES - SP", "categoria": "MORTE_SUBITA_NATURAL", "dataOcorrencia": "25/12/2015", "examesRequisitados": "IML", "idDelegacia": "30306", "numero": "5680", "dataElaboracao": "25/12/2015", "tipoLocal": "Sa\u00fade", "lat": -23.509526, "horaComunicacao": "23:29", "tipoBoletim": "Principal", "circunscricao": "01\u00ba D.P. MOGI DAS CRUZES", "dependencia": "01\u00ba D.P. MOGI DAS CRUZES"}