{"horaElaboracao": "22:13", "turnoOcorrencia": "A NOITE", "partesEnvolvidas": [{"naturalidade": "JUNQUEIRO -AL", "estadoCivil": "Casado", "naturezasEnvolvidas": "Morte suspeita", "tipoEnvolvimento": "V\u00edtima", "nome": "MANOEL FRANCISCO DOS SANTOS", "instrucao": "1 Grau completo", "nacionalidade": "BRASILEIRA", "sexo": "Masculino", "idade": "75", "rg": "3605718-SP", "dataNascimento": "20/06/1940", "cutis": "Branca"}], "idBO": "2015-30217-5547", "naturezas": [{"especie": "\u00d3bito", "descricao": "Morte suspeita"}], "flagrante": "N\u00e3o", "lon": -46.4954364, "dataComunicacao": "06/08/2015", "solucao": "APRECIA\u00c7\u00c3O DO DELEGADO TITULAR", "local": "ALAMEDA DOS L\u00cdRIOS, 300 - CECAP - CEP: 07190012 - GUARULHOS - SP", "categoria": "MORTE_ACIDENTAL", "dataOcorrencia": "06/08/2015", "examesRequisitados": "SVO", "idDelegacia": "30217", "numero": "5547", "dataElaboracao": "06/08/2015", "tipoLocal": "Resid\u00eancia", "lat": -23.4487697, "horaComunicacao": "22:09", "tipoBoletim": "Principal", "circunscricao": "03\u00ba D.P. GUARULHOS", "dependencia": "07\u00ba D.P. GUARULHOS"}