{"horaElaboracao": "11:49", "turnoOcorrencia": "PELA MANH\u00c3", "partesEnvolvidas": [{"naturalidade": "S.PAULO -SP", "estadoCivil": "Convivente", "naturezasEnvolvidas": "Morte suspeita", "tipoEnvolvimento": "V\u00edtima", "nome": "JAIRO JORGE MACHADO", "instrucao": "1 Grau incompleto", "profissao": "PEDREIRO", "nacionalidade": "BRASILEIRA", "sexo": "Masculino", "idade": "44", "rg": "28219845-SP", "dataNascimento": "04/06/1970", "cutis": "Parda"}], "idBO": "2015-10326-19", "naturezas": [{"especie": "\u00d3bito", "descricao": "Morte suspeita"}], "flagrante": "N\u00e3o", "lon": -46.4463515, "dataComunicacao": "01/01/2015", "solucao": "ENCAMINHAMENTO DP \u00c1REA DO FATO", "local": "RUA TACAIMBO, 30 - ITAQUERA - S.PAULO - SP", "categoria": "MORTE_SUBITA_NATURAL", "dataOcorrencia": "01/01/2015", "examesRequisitados": "IC-IML", "idDelegacia": "10326", "numero": "19", "dataElaboracao": "01/01/2015", "tipoLocal": "Resid\u00eancia", "lat": -23.5372688, "horaComunicacao": "11:47", "tipoBoletim": "Principal", "circunscricao": "32\u00ba D.P. ITAQUERA", "dependencia": "63\u00ba D.P. VILA JACUI"}