{"horaElaboracao": "21:55", "turnoOcorrencia": "A NOITE", "partesEnvolvidas": [{"naturalidade": "S.PAULO -SP", "estadoCivil": "Casado", "naturezasEnvolvidas": "Morte suspeita", "tipoEnvolvimento": "V\u00edtima", "nome": "ROBERTO FERNANDO AVILA", "instrucao": "2 Grau completo", "profissao": "TECNICO EM ELETRICIDADE", "nacionalidade": "BRASILEIRA", "sexo": "Masculino", "idade": "54", "rg": "8196209-SP", "dataNascimento": "12/01/1961", "cutis": "Branca"}], "idBO": "2015-10211-9692", "naturezas": [{"especie": "\u00d3bito", "descricao": "Morte suspeita"}], "flagrante": "N\u00e3o", "lon": -46.6861833, "dataComunicacao": "11/08/2015", "solucao": "ENCAMINHAMENTO DP \u00c1REA DO FATO", "local": "AVENIDA DOUTOR SILVA MELO, 132 - CAMPO GRANDE - CEP: 04675010 - S.PAULO - SP", "categoria": "MORTE_SUBITA_NATURAL", "dataOcorrencia": "11/08/2015", "examesRequisitados": "IML", "idDelegacia": "10211", "numero": "9692", "dataElaboracao": "11/08/2015", "tipoLocal": "Resid\u00eancia", "lat": -23.6607624, "horaComunicacao": "21:47", "tipoBoletim": "Principal", "circunscricao": "99\u00ba D.P. CAMPO GRANDE", "dependencia": "11\u00ba D.P. SANTO AMARO"}