{"horaElaboracao": "01:44", "turnoOcorrencia": "EM HORA INCERTA", "partesEnvolvidas": [{"naturalidade": "NHANDEARA -SP", "estadoCivil": "Convivente", "naturezasEnvolvidas": "Homic\u00eddio simples (art. 121)", "tipoEnvolvimento": "V\u00edtima", "nome": "MARCOS ROBERTO DE OLIVEIRA", "instrucao": "1 Grau completo", "nacionalidade": "BRASILEIRA", "sexo": "Masculino", "idade": "33", "rg": "45287514-SP", "dataNascimento": "24/02/1982", "cutis": "Preta"}], "idBO": "2015-50309-3013", "nomeDelegaciaBoPrincipal": "DEL.POL.PLANT\u00c3O BIRIGUI", "naturezas": [{"especie": "T\u00edtulo I - Pessoa (arts. 121 a 154)", "descricao": "Homic\u00eddio simples (art. 121)"}, {"especie": "Outros - n\u00e3o criminal", "descricao": "Outros n\u00e3o criminal"}], "flagrante": "N\u00e3o", "lon": -50.3262448, "dataComunicacao": "19/12/2015", "solucao": "BO PARA ADENDO", "numeroBoPrincipal": "3012", "categoria": "HOMICIDIO_DOLOSO", "dataOcorrencia": "18/12/2015", "idDelegacia": "50309", "numero": "3013", "tipoBoletim": "Complementar", "dataElaboracao": "19/12/2015", "tipoLocal": "Resid\u00eancia", "lat": -21.2989141, "horaComunicacao": "01:42", "anoBoPrincipal": "2015", "circunscricao": "01\u00ba D.P. BIRIGUI", "local": "RUA S\u00c3O JO\u00c3O, 706 - VILA BANDEIRANTES - BIRIGUI - SP", "dependencia": "DEL.POL.PLANT\u00c3O BIRIGUI"}