{"horaElaboracao": "11:55", "turnoOcorrencia": "PELA MANH\u00c3", "partesEnvolvidas": [{"naturalidade": "CAMPOS NOVOS PAUL. -SP", "estadoCivil": "Casado", "naturezasEnvolvidas": "Morte suspeita", "tipoEnvolvimento": "V\u00edtima", "nome": "OSVALDO AVELINO ROSA", "instrucao": "1 Grau completo", "profissao": "APOSENTADO(A)", "nacionalidade": "BRASILEIRA", "sexo": "Masculino", "idade": "75", "rg": "28907567-SP", "dataNascimento": "30/01/1940", "cutis": "Branca"}], "idBO": "2015-80504-10832", "naturezas": [{"especie": "\u00d3bito", "descricao": "Morte suspeita"}], "flagrante": "N\u00e3o", "lon": -49.9745012, "dataComunicacao": "23/10/2015", "solucao": "ENCAMINHAMENTO DP \u00c1REA DO FATO", "local": "RUA DOUTOR H\u00c9RCULES GALETE, 382 - JARDIM CALIFORNIA - CEP: 17527350 - MARILIA - SP", "categoria": "MORTE_SUBITA_NATURAL", "dataOcorrencia": "23/10/2015", "examesRequisitados": "IML", "idDelegacia": "80504", "numero": "10832", "dataElaboracao": "23/10/2015", "tipoLocal": "Resid\u00eancia", "lat": -22.2190439, "horaComunicacao": "11:50", "tipoBoletim": "Principal", "circunscricao": "04\u00ba D.P. MAR\u00cdLIA", "dependencia": "DEL.SEC.MAR\u00cdLIA PLANT\u00c3O"}