{"horaElaboracao": "12:06", "turnoOcorrencia": "PELA MANH\u00c3", "partesEnvolvidas": [{"naturalidade": "S.PAULO -SP", "estadoCivil": "Convivente", "naturezasEnvolvidas": "Morte suspeita", "tipoEnvolvimento": "V\u00edtima", "nome": "CLAUDIO AUGUSTO DE SOUZA", "instrucao": "2 Grau completo", "profissao": "PORTEIRO(A)", "nacionalidade": "BRASILEIRA", "sexo": "Masculino", "idade": "48", "rg": "19100497-SP", "dataNascimento": "23/11/1967", "cutis": "Branca"}], "idBO": "2015-20120-14208", "naturezas": [{"especie": "\u00d3bito", "descricao": "Morte suspeita"}], "flagrante": "N\u00e3o", "lon": -46.6283474, "dataComunicacao": "28/12/2015", "solucao": "AGUARDANDO LAUDOS", "local": "RUA VOLUNTARIOS DA PATRIA, 4301 - SANTANA - CEP: 02402500 - S.PAULO - SP", "categoria": "MORTE_SUBITA_NATURAL", "dataOcorrencia": "28/12/2015", "examesRequisitados": "IML", "idDelegacia": "20120", "numero": "14208", "dataElaboracao": "28/12/2015", "tipoLocal": "Sa\u00fade", "lat": -23.4859761, "horaComunicacao": "11:51", "tipoBoletim": "Principal", "circunscricao": "20\u00ba D.P. AGUA FRIA", "dependencia": "20\u00ba D.P. AGUA FRIA"}