{"horaElaboracao": "00:58", "turnoOcorrencia": "A NOITE", "partesEnvolvidas": [{"naturalidade": "S.SEBASTIAO MARANHAO -MG", "estadoCivil": "Casado", "naturezasEnvolvidas": "Morte suspeita", "tipoEnvolvimento": "V\u00edtima", "nome": "GERALDO PEREIRA DOS SANTOS", "profissao": "APOSENTADO(A)", "nacionalidade": "BRASILEIRA", "sexo": "Masculino", "idade": "85", "rg": "23889031-SP", "dataNascimento": "06/01/1930", "cutis": "Parda"}], "idBO": "2015-70932-1602", "naturezas": [{"especie": "\u00d3bito", "descricao": "Morte suspeita"}], "flagrante": "N\u00e3o", "lon": -46.8911668, "dataComunicacao": "25/03/2015", "solucao": "BO PARA REGISTRO", "local": "RUA S\u00c3O VICENTE DE PAULA, 233 - CENTRO - CEP: 13201625 - JUNDIAI - SP", "categoria": "MORTE_SUBITA_NATURAL", "dataOcorrencia": "24/03/2015", "examesRequisitados": "IML", "idDelegacia": "70932", "numero": "1602", "dataElaboracao": "25/03/2015", "tipoLocal": "Sa\u00fade", "lat": -23.1815859, "horaComunicacao": "00:51", "tipoBoletim": "Principal", "circunscricao": "01\u00ba D.P. JUNDIAI", "dependencia": "DEL.SEC.JUNDIAI PLANT\u00c3O"}