{"horaElaboracao": "16:26", "turnoOcorrencia": "A TARDE", "partesEnvolvidas": [{"naturalidade": "RIO VERMELHO-MG", "estadoCivil": "Viuvo", "naturezasEnvolvidas": "Morte suspeita", "tipoEnvolvimento": "V\u00edtima", "nome": "MARIA HEREDIA DA SILVA", "nacionalidade": "BRASILEIRA", "sexo": "Feminino", "idade": "78", "rg": "052679505-SP", "dataNascimento": "01/11/1936", "cutis": "Branca"}], "idBO": "2015-130516-1886", "naturezas": [{"especie": "\u00d3bito", "descricao": "Morte suspeita"}], "flagrante": "N\u00e3o", "lon": -46.6564919, "dataComunicacao": "05/04/2015", "solucao": "APRECIA\u00c7\u00c3O DO DELEGADO TITULAR", "local": "RUA EDGAR PEREIRA VIANA, 143 - RURAL - CEP: 12093240 - TAUBATE - SP", "categoria": "MORTE_ACIDENTAL", "dataOcorrencia": "05/04/2015", "examesRequisitados": "IC-IML", "idDelegacia": "130516", "numero": "1886", "dataElaboracao": "05/04/2015", "tipoLocal": "Resid\u00eancia", "lat": -23.5765533, "horaComunicacao": "16:24", "tipoBoletim": "Principal", "circunscricao": "03\u00ba D.P. TAUBATE", "dependencia": "DEL.SEC.TAUBATE PLANT\u00c3O"}