{"horaElaboracao": "01:15", "turnoOcorrencia": "A TARDE", "partesEnvolvidas": [{"naturalidade": "S.PAULO -SP", "estadoCivil": "Solteiro", "naturezasEnvolvidas": "Morte suspeita", "tipoEnvolvimento": "V\u00edtima", "nome": "GESICA TERRIANO", "instrucao": "1 Grau incompleto", "profissao": "DESEMPREGADO(A)", "sexo": "Feminino", "idade": "34", "rg": "29507925-SP", "dataNascimento": "30/03/1980", "cutis": "Preta"}], "idBO": "2015-20249-1828", "naturezas": [{"especie": "\u00d3bito", "descricao": "Morte suspeita"}], "flagrante": "N\u00e3o", "lon": -46.4035394, "dataComunicacao": "10/02/2015", "solucao": "ENCAMINHAMENTO DP \u00c1REA DO FATO", "local": "AVENIDA DOS METALURGICOS, 1797 - CIDADE TIRADENTES - S.PAULO - SP", "categoria": "SUICIDIO_DUVIDOSO", "dataOcorrencia": "09/02/2015", "examesRequisitados": "IML", "idDelegacia": "20249", "numero": "1828", "dataElaboracao": "10/02/2015", "tipoLocal": "Sa\u00fade", "lat": -23.5971525, "horaComunicacao": "01:13", "tipoBoletim": "Principal", "circunscricao": "54\u00ba D.P. CID. TIRADENTES", "dependencia": "49\u00ba D.P. SAO MATEUS"}