{"horaElaboracao": "13:01", "turnoOcorrencia": "PELA MANH\u00c3", "partesEnvolvidas": [{"naturalidade": "S.PAULO -SP", "estadoCivil": "Convivente", "naturezasEnvolvidas": "Homic\u00eddio simples (art. 121)", "tipoEnvolvimento": "V\u00edtima", "nome": "DANIEL FELIPE PARIS SOARES", "instrucao": "1 Grau completo", "profissao": "VENDEDOR(A)", "sexo": "Masculino", "idade": "32", "rg": "29812850-SP", "dataNascimento": "23/11/1982", "cutis": "Branca"}], "idBO": "2015-20120-2011", "naturezas": [{"especie": "T\u00edtulo I - Pessoa (arts. 121 a 154)", "descricao": "Homic\u00eddio simples (art. 121)"}], "flagrante": "N\u00e3o", "lon": -46.6309029, "dataComunicacao": "21/02/2015", "solucao": "ENCAMINHAMENTO DP \u00c1REA DO FATO", "local": "RUA VOLUNTARIOS DA PATRIA, 4301 - - S.PAULO - SP", "categoria": "HOMICIDIO_DOLOSO", "dataOcorrencia": "21/02/2015", "examesRequisitados": "IML", "idDelegacia": "20120", "numero": "2011", "dataElaboracao": "21/02/2015", "tipoLocal": "Via p\u00fablica", "lat": -23.4853953, "horaComunicacao": "12:52", "tipoBoletim": "Principal", "circunscricao": "13\u00ba D.P. CASA VERDE", "dependencia": "20\u00ba D.P. AGUA FRIA"}