{"horaElaboracao": "21:34", "turnoOcorrencia": "A TARDE", "partesEnvolvidas": [{"naturalidade": "ORTIGUEIRA -PR", "estadoCivil": "Solteiro", "naturezasEnvolvidas": "Morte suspeita", "tipoEnvolvimento": "V\u00edtima", "nome": "RENI STORDI RIBEIRO", "instrucao": "1 Grau completo", "profissao": "LAVRADOR(A)", "nacionalidade": "BRASILEIRA", "sexo": "Masculino", "idade": "58", "rg": "19028393-SP", "dataNascimento": "18/07/1956", "cutis": "Branca"}], "idBO": "2015-10102-4096", "naturezas": [{"especie": "\u00d3bito", "descricao": "Morte suspeita"}], "flagrante": "N\u00e3o", "lon": -46.65294530000001, "dataComunicacao": "13/07/2015", "solucao": "ENCAMINHAMENTO DP \u00c1REA DO FATO", "local": "RUA VITORINO CARMILO, 717 - SANTA CECILIA - CEP: 01153000 - S.PAULO - SP", "categoria": "MORTE_SUBITA_NATURAL", "dataOcorrencia": "13/07/2015", "examesRequisitados": "IML", "idDelegacia": "10102", "numero": "4096", "dataElaboracao": "13/07/2015", "tipoLocal": "Sa\u00fade", "lat": -23.5310418, "horaComunicacao": "21:28", "tipoBoletim": "Principal", "circunscricao": "77\u00ba D.P. SANTA CECILIA", "dependencia": "02\u00ba D.P. BOM RETIRO"}