{"horaElaboracao": "09:49", "turnoOcorrencia": "A TARDE", "partesEnvolvidas": [{"naturalidade": "CARAPICUIBA SP", "estadoCivil": "Solteiro", "naturezasEnvolvidas": "Morte suspeita", "tipoEnvolvimento": "V\u00edtima", "nome": "EDMILSON KAIQUE BRITO SOUZA", "instrucao": "1 Grau incompleto", "profissao": "AJUDANTE", "nacionalidade": "BRASILEIRA", "sexo": "Masculino", "idade": "18", "rg": "37809027-SP", "dataNascimento": "04/07/1997", "cutis": "Parda"}], "idBO": "2015-120514-3642", "naturezas": [{"especie": "\u00d3bito", "descricao": "Morte suspeita"}], "flagrante": "N\u00e3o", "lon": -46.5520169, "dataComunicacao": "28/12/2015", "solucao": "APRECIA\u00c7\u00c3O DO DELEGADO TITULAR", "local": "ESTRADA 7 - MONTE SERRAT - CEP: 18130000 - S.ROQUE - SP", "categoria": "MORTE_ACIDENTAL", "dataOcorrencia": "27/12/2015", "examesRequisitados": "IML", "idDelegacia": "120514", "numero": "3642", "dataElaboracao": "28/12/2015", "tipoLocal": "Area n\u00e3o ocupada", "lat": -23.5421209, "horaComunicacao": "09:42", "tipoBoletim": "Principal", "circunscricao": "DEL.POL.S\u00c3O ROQUE", "dependencia": "DEL.POL.S\u00c3O ROQUE"}