{"categoria": "MORTE_SUBITA_NATURAL", "dependencia": "DEL.POL.ANAL\u00c2NDIA", "naturezas": [{"especie": "\u00d3bito", "descricao": "Morte suspeita"}], "tipoLocal": "Resid\u00eancia", "partesEnvolvidas": [], "dataOcorrencia": "18/02/2015", "lon": -46.6320967, "idDelegacia": "70601", "horaElaboracao": "17:28", "flagrante": "N\u00e3o", "numero": "45", "dataComunicacao": "18/02/2015", "dataElaboracao": "18/02/2015", "tipoBoletim": "Principal", "turnoOcorrencia": "A TARDE", "idBO": "2015-70601-45", "solucao": "APRECIA\u00c7\u00c3O DO DELEGADO TITULAR", "lat": -23.5406338, "horaComunicacao": "17:09", "local": "SEM TIPO RUA QUATRO, 723 - CENTRO - ANALANDIA - SP", "circunscricao": "DEL.POL.ANAL\u00c2NDIA"}