{"horaElaboracao": "18:03", "turnoOcorrencia": "PELA MANH\u00c3", "partesEnvolvidas": [{"naturalidade": "LINS -SP", "estadoCivil": "Solteiro", "naturezasEnvolvidas": "Recepta\u00e7\u00e3o (art. 180), Posse ou porte ilegal de arma de fogo de uso restrito (Art. 16), Art 2\u00ba", "tipoEnvolvimento": "Autor/Vitima", "nome": "ADRIEL LOPES CUSTODIO", "instrucao": "1 Grau completo", "nacionalidade": "BRASILEIRA", "sexo": "Masculino", "idade": "23", "rg": "47912560-SP", "dataNascimento": "18/11/1991", "cutis": "Preta"}, {"naturalidade": "S.PAULO -SP", "estadoCivil": "Solteiro", "naturezasEnvolvidas": "Recepta\u00e7\u00e3o (art. 180), Posse ou porte ilegal de arma de fogo de uso restrito (Art. 16), Art 2\u00ba", "tipoEnvolvimento": "Autor/Vitima", "nome": "ANDERSON CONCEICAO DE LIRA", "instrucao": "1 Grau completo", "profissao": "GERENTE", "sexo": "Masculino", "idade": "32", "rg": "37756003-SP", "dataNascimento": "26/06/1983", "cutis": "Parda"}, {"naturalidade": "BAURU -SP", "naturezasEnvolvidas": "Homic\u00eddio simples (art. 121), Recepta\u00e7\u00e3o (art. 180), Posse ou porte ilegal de arma de fogo de uso restrito (Art. 16), Art 2\u00ba", "tipoEnvolvimento": "Autor/Vitima", "nome": "LEANDRO MANCUSO ANDRADE", "profissao": "ELETRICISTA DE AUTOMOVEIS", "nacionalidade": "BRASILEIRA", "sexo": "Masculino", "idade": "36", "rg": "27300618-SP", "dataNascimento": "06/01/1979", "cutis": "Branca"}], "idBO": "2015-60404-24107", "naturezas": [{"especie": "T\u00edtulo II - Patrim\u00f4nio (arts. 155 a 183)", "descricao": "Recepta\u00e7\u00e3o (art. 180)"}, {"especie": "L 10826/03 - Estatuto do Desarmamento", "desdobramentos": "Nas mesmas penas incorrem quem (Par. \u00fanico)", "descricao": "Posse ou porte ilegal de arma de fogo de uso restrito (Art. 16)"}, {"especie": "T\u00edtulo I - Pessoa (arts. 121 a 154)", "desdobramentos": "Contra autoridade ou agente descrito nos arts. 142 e 144 da Constitui\u00e7\u00e3o Federal", "descricao": "Homic\u00eddio qualificado (art. 121, \u00a72o.)"}, {"especie": "L 12850/13 - Defini\u00e7\u00e3o de Organiza\u00e7\u00e3o Criminosa", "descricao": "Art 2\u00ba - \u00a7 2\u00ba - Havendo emprego de arma de fogo"}, {"especie": "T\u00edtulo I - Pessoa (arts. 121 a 154)", "desdobramentos": "Morte decorrente de interven\u00e7\u00e3o policial (RES. SSP 05 - 07/01/2013)", "descricao": "Homic\u00eddio simples (art. 121)"}], "flagrante": "Sim", "lon": -49.0845676, "dataComunicacao": "17/10/2015", "solucao": "BO PARA FLAGRANTE", "local": "ALAMEDA ANAMB\u00d3 - VALE DO IGAP\u00d3 - BAURU - SP", "categoria": "OPOSICAO_POLICIAL", "dataOcorrencia": "17/10/2015", "examesRequisitados": "IC-IML", "idDelegacia": "60404", "numero": "24107", "dataElaboracao": "17/10/2015", "tipoLocal": "Lazer e recrea\u00e7\u00e3o", "lat": -22.3121003, "horaComunicacao": "18:01", "tipoBoletim": "Principal", "circunscricao": "04\u00ba D.P. BAURU", "dependencia": "CENTRAL POL.JUDICI\u00c1RIA-BAURU"}