{"horaElaboracao": "12:36", "turnoOcorrencia": "PELA MANH\u00c3", "partesEnvolvidas": [{"naturalidade": "ORLANDIA -SP", "estadoCivil": "Viuvo", "naturezasEnvolvidas": "Morte suspeita", "tipoEnvolvimento": "V\u00edtima", "nome": "MARIA TAVARES DO PRADO", "instrucao": "1 Grau completo", "profissao": "APOSENTADO(A)", "nacionalidade": "BRASILEIRA", "sexo": "Feminino", "idade": "101", "rg": "9695006-SP", "dataNascimento": "15/02/1914", "cutis": "Branca"}], "idBO": "2015-10362-5389", "naturezas": [{"especie": "\u00d3bito", "descricao": "Morte suspeita"}], "flagrante": "N\u00e3o", "lon": -46.4931612, "dataComunicacao": "23/06/2015", "solucao": "AGUARDANDO LAUDOS", "local": "RUA MANUEL FRANCA DOS SANTOS, 174 - SAPOPEMBA - CEP: 03975130 - S.PAULO - SP", "categoria": "MORTE_SUBITA_NATURAL", "dataOcorrencia": "23/06/2015", "examesRequisitados": "IML", "idDelegacia": "10362", "numero": "5389", "dataElaboracao": "23/06/2015", "tipoLocal": "Sa\u00fade", "lat": -23.6105177, "horaComunicacao": "12:32", "tipoBoletim": "Principal", "circunscricao": "69\u00ba D.P. TEOTONIO VILELA", "dependencia": "69\u00ba D.P. TEOTONIO VILELA"}