{"horaElaboracao": "01:32", "turnoOcorrencia": "A NOITE", "partesEnvolvidas": [{"tipoEnvolvimento": "V\u00edtima", "nome": "DESCONHECIDO", "cutis": "Parda", "sexo": "Masculino", "idade": "0", "naturezasEnvolvidas": "Morte suspeita"}], "idBO": "2015-20231-737", "naturezas": [{"especie": "\u00d3bito", "descricao": "Morte suspeita"}], "flagrante": "N\u00e3o", "lon": -46.5917587, "dataComunicacao": "09/02/2015", "solucao": "ENCAMINHAMENTO DP \u00c1REA DO FATO", "local": "RUA NELSON CRUZ - BELEM - S.PAULO - SP", "categoria": "MORTE_SUBITA_NATURAL", "dataOcorrencia": "08/02/2015", "examesRequisitados": "IC-IML", "idDelegacia": "20231", "numero": "737", "dataElaboracao": "09/02/2015", "tipoLocal": "Via p\u00fablica", "lat": -23.5349841, "horaComunicacao": "01:30", "tipoBoletim": "Principal", "circunscricao": "81\u00ba D.P. BELEM", "dependencia": "31\u00ba D.P. VILA CARRAO"}