{"horaElaboracao": "16:49", "turnoOcorrencia": "A TARDE", "partesEnvolvidas": [{"naturalidade": "SANTOS -SP", "estadoCivil": "Divorciado", "naturezasEnvolvidas": "Morte suspeita", "tipoEnvolvimento": "V\u00edtima", "nome": "ROMUALDO DOS SANTOS FILHO", "instrucao": "1 Grau completo", "profissao": "PINTOR(A)", "nacionalidade": "BRASILEIRA", "sexo": "Masculino", "idade": "59", "rg": "9785894-SP", "dataNascimento": "08/09/1956", "cutis": "Branca"}], "idBO": "2015-40203-8541", "naturezas": [{"especie": "\u00d3bito", "descricao": "Morte suspeita"}], "flagrante": "N\u00e3o", "lon": -46.2882082, "dataComunicacao": "14/11/2015", "solucao": "ENCAMINHAMENTO DP \u00c1REA DO FATO", "local": "RUA S\u00c3O JO\u00c3O - PAE CAR\u00c1 - CEP: 11461090 - GUARUJA - SP", "categoria": "MORTE_SUBITA_NATURAL", "dataOcorrencia": "14/11/2015", "examesRequisitados": "IML", "idDelegacia": "40203", "numero": "8541", "dataElaboracao": "14/11/2015", "tipoLocal": "Sa\u00fade", "lat": -23.9503772, "horaComunicacao": "16:48", "tipoBoletim": "Principal", "circunscricao": "02\u00ba D.P. GUARUJA", "dependencia": "DEL.POL.GUARUJA"}