{"horaElaboracao": "01:45", "turnoOcorrencia": "A NOITE", "partesEnvolvidas": [{"naturalidade": "SOROCABA -SP", "estadoCivil": "Viuvo", "naturezasEnvolvidas": "Morte suspeita", "tipoEnvolvimento": "V\u00edtima", "nome": "THEREZINHA THOME DE SOUZA DE MATTOS", "instrucao": "2 Grau completo", "profissao": "APOSENTADO(A)", "nacionalidade": "BRASILEIRA", "sexo": "Feminino", "idade": "87", "rg": "2181981-SP", "dataNascimento": "24/01/1928", "cutis": "Branca"}], "idBO": "2015-10342-6490", "naturezas": [{"especie": "\u00d3bito", "descricao": "Morte suspeita"}], "flagrante": "N\u00e3o", "lon": -46.65070799999999, "dataComunicacao": "01/08/2015", "solucao": "ENCAMINHAMENTO DP \u00c1REA DO FATO", "local": "RUA SILVIA, 276 - BELA VISTA - CEP: 04849535 - S.PAULO - SP", "categoria": "MORTE_ACIDENTAL", "dataOcorrencia": "31/07/2015", "examesRequisitados": "IML", "idDelegacia": "10342", "numero": "6490", "dataElaboracao": "01/08/2015", "tipoLocal": "Sa\u00fade", "lat": -23.5608918, "horaComunicacao": "01:33", "tipoBoletim": "Principal", "circunscricao": "05\u00ba D.P. ACLIMACAO", "dependencia": "78\u00ba D.P. JARDINS"}