{"horaElaboracao": "05:51", "turnoOcorrencia": "DE MADRUGADA", "partesEnvolvidas": [{"naturalidade": "RIBEIRAO PRETO -SP", "estadoCivil": "Solteiro", "naturezasEnvolvidas": "Morte suspeita", "tipoEnvolvimento": "V\u00edtima", "nome": "GERALDO RODRIGUES", "instrucao": "1 Grau completo", "profissao": "ARTESAO(A)", "nacionalidade": "BRASILEIRA", "sexo": "Masculino", "idade": "84", "rg": "2381411-SP", "dataNascimento": "05/12/1930", "cutis": "Branca"}], "idBO": "2015-20120-5634", "naturezas": [{"especie": "\u00d3bito", "descricao": "Morte suspeita"}], "flagrante": "N\u00e3o", "lon": -46.6283474, "dataComunicacao": "21/05/2015", "solucao": "BO PARA REGISTRO", "local": "RUA VOLUNTARIOS DA PATRIA, 4301 - SANTANA - CEP: 02402500 - S.PAULO - SP", "categoria": "MORTE_ACIDENTAL", "dataOcorrencia": "21/05/2015", "examesRequisitados": "IML", "idDelegacia": "20120", "numero": "5634", "dataElaboracao": "21/05/2015", "tipoLocal": "Sa\u00fade", "lat": -23.4859761, "horaComunicacao": "05:44", "tipoBoletim": "Principal", "circunscricao": "20\u00ba D.P. AGUA FRIA", "dependencia": "20\u00ba D.P. AGUA FRIA"}