{"horaElaboracao": "10:52", "turnoOcorrencia": "PELA MANH\u00c3", "partesEnvolvidas": [], "idBO": "2015-10365-550", "naturezas": [{"especie": "\u00d3bito", "descricao": "Morte suspeita"}], "flagrante": "N\u00e3o", "lon": -46.6001872, "dataComunicacao": "12/02/2015", "solucao": "APRECIA\u00c7\u00c3O DO DELEGADO TITULAR", "local": "AVENIDA MORVAN DIAS DE FIGUEIREDO, 5000 - VILA MARIA - CEP: 02170000 - S.PAULO - SP", "categoria": "SUICIDIO_DUVIDOSO", "dataOcorrencia": "12/02/2015", "examesRequisitados": "IC-IML", "idDelegacia": "10365", "numero": "550", "dataElaboracao": "12/02/2015", "tipoLocal": "Via p\u00fablica", "lat": -23.5240633, "horaComunicacao": "10:41", "tipoBoletim": "Principal", "circunscricao": "90\u00ba D.P. PQ. NOVO MUNDO", "dependencia": "90\u00ba D.P. PQ. NOVO MUNDO"}