{"horaElaboracao": "02:16", "turnoOcorrencia": "A NOITE", "partesEnvolvidas": [{"naturalidade": "NATIVIDADE DA SERRA -SP", "estadoCivil": "Desquitado", "naturezasEnvolvidas": "Morte suspeita", "tipoEnvolvimento": "V\u00edtima", "nome": "JOSE BENEDITO DOS SANTOS", "instrucao": "1 Grau completo", "profissao": "FUNILEIRO(A)", "cutis": "Branca", "idade": "56", "rg": "13406605-SP", "dataNascimento": "01/07/1959"}], "idBO": "2015-130516-5236", "naturezas": [{"especie": "\u00d3bito", "descricao": "Morte suspeita"}], "flagrante": "N\u00e3o", "lon": -45.5667291, "dataComunicacao": "21/10/2015", "solucao": "APRECIA\u00c7\u00c3O DO DELEGADO TITULAR", "local": "AVENIDA TIRADENTES, 280 - CENTRO - CEP: 12030180 - TAUBATE - SP", "categoria": "MORTE_SUBITA_NATURAL", "dataOcorrencia": "20/10/2015", "examesRequisitados": "IML", "idDelegacia": "130516", "numero": "5236", "dataElaboracao": "21/10/2015", "tipoLocal": "Sa\u00fade", "lat": -23.0293771, "horaComunicacao": "02:10", "tipoBoletim": "Principal", "circunscricao": "01\u00ba D.P. TAUBATE", "dependencia": "DEL.SEC.TAUBATE PLANT\u00c3O"}