{"horaElaboracao": "11:19", "turnoOcorrencia": "DE MADRUGADA", "partesEnvolvidas": [{"naturalidade": "ITU -SP", "estadoCivil": "Solteiro", "naturezasEnvolvidas": "Homic\u00eddio simples (art. 121)", "tipoEnvolvimento": "V\u00edtima", "nome": "ANDRE RODRIGUES BORGES", "instrucao": "1 Grau completo", "profissao": "ACOUGUEIRO(A)", "nacionalidade": "BRASILEIRA", "sexo": "Masculino", "idade": "21", "rg": "40570437-SP", "dataNascimento": "26/08/1993", "cutis": "Branca"}], "idBO": "2015-120542-374", "naturezas": [{"especie": "T\u00edtulo I - Pessoa (arts. 121 a 154)", "descricao": "Homic\u00eddio simples (art. 121)"}], "flagrante": "N\u00e3o", "lon": -46.5731313, "dataComunicacao": "30/03/2015", "solucao": "APRECIA\u00c7\u00c3O DO DELEGADO TITULAR", "local": "RUA QUATRO, 418 - PENHA DE FRAN\u00c7A - ITU - SP", "categoria": "HOMICIDIO_DOLOSO", "dataOcorrencia": "30/03/2015", "examesRequisitados": "IC-IML", "idDelegacia": "120542", "numero": "374", "dataElaboracao": "30/03/2015", "tipoLocal": "Resid\u00eancia", "lat": -23.4761726, "horaComunicacao": "11:13", "tipoBoletim": "Principal", "circunscricao": "04\u00ba D.P. ITU", "dependencia": "04\u00ba D.P. ITU"}