{"horaElaboracao": "21:05", "turnoOcorrencia": "A NOITE", "partesEnvolvidas": [{"naturalidade": "S.PAULO -SP", "estadoCivil": "Solteiro", "naturezasEnvolvidas": "Morte natural", "tipoEnvolvimento": "V\u00edtima", "nome": "INES SEGALOTTI LEMOS AMARO", "instrucao": "Superior completo", "nacionalidade": "BRASILEIRA", "profissao": "APOSENTADO(A)", "idade": "53", "rg": "13580075-SP", "dataNascimento": "21/11/1961", "cutis": "Branca"}], "idBO": "2015-10108-6426", "naturezas": [{"especie": "\u00d3bito", "descricao": "Morte natural"}], "flagrante": "N\u00e3o", "lon": -46.591891, "dataComunicacao": "28/08/2015", "solucao": "AG. REPRESENTA\u00c7\u00c3O/REQUERIMENTO", "local": "RUA PADRE BENEDITO MARIA CARDOSO, 201 - MOOCA - CEP: 03169060 - S.PAULO - SP", "categoria": "MORTE_SUBITA_NATURAL", "dataOcorrencia": "28/08/2015", "examesRequisitados": "SVO", "idDelegacia": "10108", "numero": "6426", "dataElaboracao": "28/08/2015", "tipoLocal": "Resid\u00eancia", "lat": -23.5535325, "horaComunicacao": "20:44", "tipoBoletim": "Principal", "circunscricao": "08\u00ba D.P. BRAS", "dependencia": "08\u00ba D.P. BRAS"}