{"horaElaboracao": "16:57", "turnoOcorrencia": "A TARDE", "partesEnvolvidas": [{"naturalidade": "MAJOR ISIDORO -AL", "estadoCivil": "Casado", "naturezasEnvolvidas": "Morte suspeita", "tipoEnvolvimento": "V\u00edtima", "nome": "MOISES ELIAS DA SILVA", "instrucao": "1 Grau completo", "nacionalidade": "BRASILEIRA", "sexo": "Masculino", "idade": "64", "rg": "11934745-SP", "dataNascimento": "30/10/1951", "cutis": "Branca"}], "idBO": "2015-10325-4566", "naturezas": [{"especie": "\u00d3bito", "descricao": "Morte suspeita"}], "flagrante": "N\u00e3o", "lon": -46.5120964, "dataComunicacao": "22/12/2015", "solucao": "ENCAMINHAMENTO DP \u00c1REA DO FATO", "local": "RUA SOUTO SOARES, 273 - CANGAIBA - CEP: 03727080 - S.PAULO - SP", "categoria": "MORTE_ACIDENTAL", "dataOcorrencia": "22/12/2015", "examesRequisitados": "IML", "idDelegacia": "10325", "numero": "4566", "dataElaboracao": "22/12/2015", "tipoLocal": "Resid\u00eancia", "lat": -23.5018774, "horaComunicacao": "16:55", "tipoBoletim": "Principal", "circunscricao": "24\u00ba D.P. PONTE RASA", "dependencia": "62\u00ba D.P. ERMELINO MATARAZZO"}