{"horaElaboracao": "15:24", "turnoOcorrencia": "PELA MANH\u00c3", "partesEnvolvidas": [], "idBO": "2015-40203-8594", "naturezas": [{"especie": "\u00d3bito", "descricao": "Morte suspeita"}], "flagrante": "N\u00e3o", "lon": -46.2541223, "dataComunicacao": "16/11/2015", "solucao": "AGUARDANDO LAUDOS", "local": "RUA QUINTO BERTOLDI, 40 - VILA MAIA - CEP: 11410130 - GUARUJA - SP", "categoria": "SUICIDIO_DUVIDOSO", "dataOcorrencia": "16/11/2015", "examesRequisitados": "IML", "idDelegacia": "40203", "numero": "8594", "dataElaboracao": "16/11/2015", "tipoLocal": "Sa\u00fade", "lat": -23.9899906, "horaComunicacao": "15:15", "tipoBoletim": "Principal", "circunscricao": "DEL.POL.GUARUJA", "dependencia": "DEL.POL.GUARUJA"}