{"horaElaboracao": "21:09", "turnoOcorrencia": "EM HORA INCERTA", "partesEnvolvidas": [{"naturalidade": "FRANCA -SP", "estadoCivil": "Casado", "naturezasEnvolvidas": "Morte suspeita", "tipoEnvolvimento": "V\u00edtima", "nome": "RINALDO PIRRO", "instrucao": "2 Grau completo", "cutis": "Branca", "sexo": "Masculino", "idade": "77", "rg": "4202635-SP", "dataNascimento": "16/09/1937"}], "idBO": "2015-10342-3120", "naturezas": [{"especie": "\u00d3bito", "descricao": "Morte suspeita"}], "flagrante": "N\u00e3o", "lon": -46.6535889, "dataComunicacao": "12/04/2015", "solucao": "ENCAMINHAMENTO DP \u00c1REA DO FATO", "local": "RUA BELA CINTRA, 32 - CONSOLACAO - CEP: 01415000 - S.PAULO - SP", "categoria": "MORTE_SUBITA_NATURAL", "dataOcorrencia": "12/04/2015", "examesRequisitados": "IC-IML", "idDelegacia": "10342", "numero": "3120", "dataElaboracao": "12/04/2015", "tipoLocal": "Resid\u00eancia", "lat": -23.5509239, "horaComunicacao": "21:02", "tipoBoletim": "Principal", "circunscricao": "04\u00ba D.P. CONSOLA\u00c7\u00c3O", "dependencia": "78\u00ba D.P. JARDINS"}