{"horaElaboracao": "10:10", "turnoOcorrencia": "A NOITE", "partesEnvolvidas": [{"naturalidade": "JEQUERI -MG", "estadoCivil": "Solteiro", "naturezasEnvolvidas": "Morte suspeita", "tipoEnvolvimento": "V\u00edtima", "nome": "SALATIEL JOAO DE DEUS", "instrucao": "1 Grau completo", "profissao": "COMERCIANTE", "sexo": "Masculino", "idade": "73", "rg": "29637767-SP", "dataNascimento": "24/12/1941", "cutis": "Parda"}], "idBO": "2015-10211-4367", "naturezas": [{"especie": "\u00d3bito", "descricao": "Morte suspeita"}], "flagrante": "N\u00e3o", "lon": -46.7057881, "dataComunicacao": "11/04/2015", "solucao": "AGUARDANDO LAUDOS", "local": "RUA GENERAL ROBERTO ALVES DE CARVALHO FI, 270 - SANTO AMARO - CEP: 04744000 - S.PAULO - SP", "categoria": "MORTE_ACIDENTAL", "dataOcorrencia": "10/04/2015", "examesRequisitados": "IML", "idDelegacia": "10211", "numero": "4367", "dataElaboracao": "11/04/2015", "tipoLocal": "Sa\u00fade", "lat": -23.6557533, "horaComunicacao": "10:07", "tipoBoletim": "Principal", "circunscricao": "11\u00ba D.P. SANTO AMARO", "dependencia": "11\u00ba D.P. SANTO AMARO"}