{"horaElaboracao": "00:51", "turnoOcorrencia": "EM HORA INCERTA", "partesEnvolvidas": [{"naturalidade": "SANTOS -SP", "estadoCivil": "Casado", "naturezasEnvolvidas": "Morte natural", "tipoEnvolvimento": "V\u00edtima", "nome": "JORGE LUIZ DA SILVA", "instrucao": "1 Grau completo", "profissao": "AUTONOMO(A)", "nacionalidade": "BRASILEIRA", "sexo": "Masculino", "idade": "45", "rg": "20132628-SP", "dataNascimento": "17/03/1970", "cutis": "Branca"}], "idBO": "2015-40200-2347", "naturezas": [{"especie": "\u00d3bito", "descricao": "Morte natural"}], "flagrante": "N\u00e3o", "lon": -46.3419534, "dataComunicacao": "29/12/2015", "solucao": "ENCAMINHAMENTO DP \u00c1REA DO FATO", "local": "RUA SETE, 1211 - MORRO SANTA MARIA - CEP: 11081255 - SANTOS - SP", "categoria": "MORTE_SUBITA_NATURAL", "dataOcorrencia": "25/12/2015", "examesRequisitados": "SVO", "idDelegacia": "40200", "numero": "2347", "dataElaboracao": "29/12/2015", "tipoLocal": "Resid\u00eancia", "lat": -23.9317622, "horaComunicacao": "00:45", "tipoBoletim": "Principal", "circunscricao": "05\u00ba D.P. SANTOS", "dependencia": "DEL.SEC.SANTOS"}