{"horaElaboracao": "10:30", "turnoOcorrencia": "PELA MANH\u00c3", "partesEnvolvidas": [{"naturalidade": "UBERABA -MG", "naturezasEnvolvidas": "Morte suspeita", "tipoEnvolvimento": "V\u00edtima", "nome": "LOURDES AUGUSTO RIZZUTO", "nacionalidade": "BRASILEIRA", "sexo": "Feminino", "idade": "87", "rg": "20456877-SP", "dataNascimento": "25/11/1928", "cutis": "Branca"}], "idBO": "2015-20210-10292", "naturezas": [{"especie": "\u00d3bito", "descricao": "Morte suspeita"}], "flagrante": "N\u00e3o", "lon": -46.562682, "dataComunicacao": "05/12/2015", "solucao": "ENCAMINHAMENTO DP \u00c1REA DO FATO", "local": "AVENIDA CELSO GARCIA, 4815 - TATUAPE - CEP: 03064000 - S.PAULO - SP", "categoria": "MORTE_ACIDENTAL", "dataOcorrencia": "05/12/2015", "examesRequisitados": "IML", "idDelegacia": "20210", "numero": "10292", "dataElaboracao": "05/12/2015", "tipoLocal": "Sa\u00fade", "lat": -23.5326838, "horaComunicacao": "10:18", "tipoBoletim": "Principal", "circunscricao": "52\u00ba D.P. PARQUE S.JORGE", "dependencia": "10\u00ba D.P. PENHA DE FRANCA"}