{"horaElaboracao": "16:21", "turnoOcorrencia": "DE MADRUGADA", "partesEnvolvidas": [{"naturalidade": "S.VICENTE -SP", "estadoCivil": "Solteiro", "naturezasEnvolvidas": "Morte suspeita", "tipoEnvolvimento": "V\u00edtima", "nome": "CARLOS ALBERTO FERNANDES", "instrucao": "1 Grau completo", "profissao": "AUTONOMO(A)", "sexo": "Masculino", "idade": "50", "rg": "19479917-SP", "dataNascimento": "19/01/1965", "cutis": "Branca"}], "idBO": "2015-40209-11226", "naturezas": [{"especie": "\u00d3bito", "descricao": "Morte suspeita"}], "flagrante": "N\u00e3o", "lon": -46.4165826, "dataComunicacao": "21/11/2015", "solucao": "ENCAMINHAMENTO DP \u00c1REA DO FATO", "local": "RUA DAIR BORGES - BOQUEIRAO - CEP: 11701210 - PRAIA GRANDE - SP", "categoria": "MORTE_SUBITA_NATURAL", "dataOcorrencia": "21/11/2015", "examesRequisitados": "SVO", "idDelegacia": "40209", "numero": "11226", "dataElaboracao": "21/11/2015", "tipoLocal": "Sa\u00fade", "lat": -24.0055714, "horaComunicacao": "16:16", "tipoBoletim": "Principal", "circunscricao": "01\u00ba D.P. PRAIA GRANDE", "dependencia": "DEL.POL.PRAIA GRANDE"}