{"horaElaboracao": "01:39", "turnoOcorrencia": "DE MADRUGADA", "partesEnvolvidas": [{"naturalidade": "MARINGA -PR", "naturezasEnvolvidas": "Morte suspeita", "tipoEnvolvimento": "V\u00edtima", "nome": "JOSE CARLOS DE OLIVEIRA", "instrucao": "1 Grau completo", "profissao": "PEDREIRO", "nacionalidade": "BRASILEIRA", "sexo": "Masculino", "idade": "44", "rg": "29684782-SP", "dataNascimento": "18/02/1971", "cutis": "Branca"}], "idBO": "2015-30406-1181", "naturezas": [{"especie": "\u00d3bito", "descricao": "Morte suspeita"}], "flagrante": "N\u00e3o", "lon": -46.8000294, "dataComunicacao": "11/03/2015", "solucao": "AGUARDANDO LAUDOS", "local": "RUA AMARO DO CARMO CARDOSO, 22 - CIP\u00d3 - CEP: 06900000 - EMBU-GUACU - SP", "categoria": "MORTE_SUBITA_NATURAL", "dataOcorrencia": "11/03/2015", "examesRequisitados": "IML", "idDelegacia": "30406", "numero": "1181", "dataElaboracao": "11/03/2015", "tipoLocal": "Resid\u00eancia", "lat": -23.8826253, "horaComunicacao": "01:36", "tipoBoletim": "Principal", "circunscricao": "DEL.POL.EMBU-GUA\u00c7U", "dependencia": "DEL.POL.ITAPECERICA DA SERRA"}