{"horaElaboracao": "08:58", "turnoOcorrencia": "A NOITE", "partesEnvolvidas": [{"naturalidade": "GUARUJA -SP", "estadoCivil": "Solteiro", "naturezasEnvolvidas": "Morte suspeita", "tipoEnvolvimento": "V\u00edtima", "nome": "ROBSON AMANCIO GOMES", "instrucao": "1 Grau incompleto", "profissao": "AJUDANTE", "nacionalidade": "BRASILEIRA", "sexo": "Masculino", "idade": "27", "rg": "41550146-SP", "dataNascimento": "25/01/1988", "cutis": "Parda"}], "idBO": "2015-40203-1258", "naturezas": [{"especie": "\u00d3bito", "descricao": "Morte suspeita"}], "flagrante": "N\u00e3o", "lon": -46.2541223, "dataComunicacao": "12/02/2015", "solucao": "AGUARDANDO LAUDOS", "local": "RUA QUINTO BERTOLDI, 40 - VILA MAIA - CEP: 11410130 - GUARUJA - SP", "categoria": "MORTE_SUBITA_NATURAL", "dataOcorrencia": "11/02/2015", "examesRequisitados": "IML", "idDelegacia": "40203", "numero": "1258", "dataElaboracao": "12/02/2015", "tipoLocal": "Sa\u00fade", "lat": -23.9899906, "horaComunicacao": "08:56", "tipoBoletim": "Principal", "circunscricao": "DEL.POL.GUARUJA", "dependencia": "DEL.POL.GUARUJA"}