{"horaElaboracao": "14:54", "turnoOcorrencia": "PELA MANH\u00c3", "partesEnvolvidas": [{"naturalidade": "ITAPERUNA RJ", "estadoCivil": "Viuvo", "naturezasEnvolvidas": "Morte suspeita", "tipoEnvolvimento": "V\u00edtima", "nome": "JOSE EDGARD DE ALMEIDA", "instrucao": "1 Grau incompleto", "profissao": "APOSENTADO(A)", "sexo": "Masculino", "idade": "65", "rg": "000000000000000-SP", "dataNascimento": "21/09/1949", "cutis": "Branca"}], "idBO": "2015-130406-90", "naturezas": [{"especie": "\u00d3bito", "descricao": "Morte suspeita"}], "flagrante": "N\u00e3o", "lon": -46.7488669, "dataComunicacao": "13/06/2015", "solucao": "APRECIA\u00c7\u00c3O DO DELEGADO TITULAR", "local": "ACESSO GRAMADO I - GRAMADO I - CEP: 12170000 - REDENCAO DA SERRA - SP", "categoria": "MORTE_SUBITA_NATURAL", "dataOcorrencia": "13/06/2015", "examesRequisitados": "IC-IML", "idDelegacia": "130406", "numero": "90", "dataElaboracao": "13/06/2015", "tipoLocal": "Resid\u00eancia", "lat": -23.6955728, "horaComunicacao": "14:47", "tipoBoletim": "Principal", "circunscricao": "DEL.POL.REDEN\u00c7AO DA SERRA", "dependencia": "DEL.POL.REDEN\u00c7AO DA SERRA"}