{"horaElaboracao": "03:18", "turnoOcorrencia": "DE MADRUGADA", "partesEnvolvidas": [{"naturalidade": "PINDAMONHANGABA SP", "estadoCivil": "Solteiro", "naturezasEnvolvidas": "Homic\u00eddio simples (art. 121)", "tipoEnvolvimento": "V\u00edtima", "nome": "MATHEUS FERREIRA GOMES", "profissao": "METALURGICO(A)", "nacionalidade": "BRASILEIRA", "sexo": "Masculino", "idade": "23", "rg": "48723086-SP", "dataNascimento": "23/09/1991", "cutis": "Branca"}], "idBO": "2015-130517-344", "naturezas": [{"especie": "T\u00edtulo I - Pessoa (arts. 121 a 154)", "descricao": "Homic\u00eddio simples (art. 121)"}, {"especie": "T\u00edtulo I - Pessoa (arts. 121 a 154)", "descricao": "Homic\u00eddio simples (art. 121)"}], "flagrante": "N\u00e3o", "lon": -45.3820842, "dataComunicacao": "14/02/2015", "solucao": "ENCAMINHAMENTO DP \u00c1REA DO FATO", "local": "ALAMEDA DAS GREVILHAS, 362 - MOREIRA C\u00c9SAR - PINDAMONHANGABA - SP", "categoria": "HOMICIDIO_DOLOSO", "dataOcorrencia": "14/02/2015", "examesRequisitados": "IML", "idDelegacia": "130517", "numero": "344", "dataElaboracao": "14/02/2015", "tipoLocal": "Via p\u00fablica", "lat": -22.8957078, "horaComunicacao": "02:59", "tipoBoletim": "Principal", "circunscricao": "DEL.POL.PINDAMONHANGABA", "dependencia": "DEL.POL.PLANT\u00c3O PINDA"}