{"horaElaboracao": "10:08", "turnoOcorrencia": "DE MADRUGADA", "partesEnvolvidas": [{"naturalidade": "TABIRA -PE", "estadoCivil": "Solteiro", "naturezasEnvolvidas": "Homic\u00eddio simples (art. 121)", "tipoEnvolvimento": "V\u00edtima", "nome": "HELENO QUEIROZ COSTA", "instrucao": "1 Grau completo", "profissao": "VENDEDOR(A) AMBULANTE", "nacionalidade": "BRASILEIRA", "sexo": "Masculino", "idade": "62", "rg": "15378118-SP", "dataNascimento": "20/04/1953", "cutis": "Branca"}], "idBO": "2015-200100-792", "nomeDelegaciaBoPrincipal": "12\u00ba D.P. PARI", "naturezas": [{"especie": "T\u00edtulo I - Pessoa (arts. 121 a 154)", "descricao": "Homic\u00eddio simples (art. 121)"}], "flagrante": "N\u00e3o", "lon": -46.61962159999999, "dataComunicacao": "10/11/2015", "solucao": "BO PARA INQU\u00c9RITO", "numeroBoPrincipal": "5847", "categoria": "HOMICIDIO_DOLOSO", "dataOcorrencia": "10/11/2015", "examesRequisitados": "IC-IML", "idDelegacia": "200100", "numero": "792", "tipoBoletim": "Complementar", "dataElaboracao": "10/11/2015", "tipoLocal": "Via p\u00fablica", "lat": -23.5449813, "horaComunicacao": "10:06", "anoBoPrincipal": "2015", "circunscricao": "12\u00ba D.P. PARI", "local": "AVENIDA RANGEL PESTANA, 1554 - BRAS - CEP: 03002000 - S.PAULO - SP", "dependencia": "DHPP DIV. HOMICIDIOS"}