{"horaElaboracao": "23:17", "turnoOcorrencia": "A NOITE", "partesEnvolvidas": [{"naturalidade": "SOLONOPOLE -CE", "estadoCivil": "Casado", "naturezasEnvolvidas": "Homic\u00eddio simples (art. 121)", "tipoEnvolvimento": "V\u00edtima", "nome": "ANTONIO MARLEUDO DA SILVA", "instrucao": "Analfabeto", "profissao": "AJUDANTE", "nacionalidade": "BRASILEIRA", "sexo": "Masculino", "idade": "47", "rg": "37037633-SP", "dataNascimento": "11/10/1967", "cutis": "Parda"}], "idBO": "2015-30407-4075", "naturezas": [{"especie": "T\u00edtulo I - Pessoa (arts. 121 a 154)", "descricao": "Homic\u00eddio simples (art. 121)"}], "flagrante": "N\u00e3o", "lon": -46.9258842, "dataComunicacao": "01/08/2015", "solucao": "APRECIA\u00c7\u00c3O DO DELEGADO TITULAR", "local": "RUA SERRA DO TIBIRI\u00c7A, 52 - JD. ROSIMEIRE - ITAPEVI - SP", "categoria": "HOMICIDIO_DOLOSO", "dataOcorrencia": "01/08/2015", "examesRequisitados": "IC-IML", "idDelegacia": "30407", "numero": "4075", "dataElaboracao": "01/08/2015", "tipoLocal": "Via p\u00fablica", "lat": -23.5613985, "horaComunicacao": "23:14", "tipoBoletim": "Principal", "circunscricao": "DEL.POL.ITAPEVI", "dependencia": "DEL.POL.ITAPEVI"}