{"horaElaboracao": "16:56", "turnoOcorrencia": "A TARDE", "partesEnvolvidas": [], "idBO": "2015-20145-2535", "naturezas": [{"especie": "\u00d3bito", "descricao": "Morte suspeita"}], "flagrante": "N\u00e3o", "lon": -46.6817315, "dataComunicacao": "13/10/2015", "solucao": "APRECIA\u00c7\u00c3O DO DELEGADO TITULAR", "local": "RUA SATURNINO DE MEIRELES, 262 - BRASILANDIA - CEP: 02866030 - S.PAULO - SP", "categoria": "SUICIDIO_DUVIDOSO", "dataOcorrencia": "13/10/2015", "examesRequisitados": "IC-IML", "idDelegacia": "20145", "numero": "2535", "dataElaboracao": "13/10/2015", "tipoLocal": "Resid\u00eancia", "lat": -23.4685471, "horaComunicacao": "16:51", "tipoBoletim": "Principal", "circunscricao": "45\u00ba D.P. V BRASILANDIA", "dependencia": "45\u00ba D.P. V BRASILANDIA"}