{"horaElaboracao": "17:52", "turnoOcorrencia": "PELA MANH\u00c3", "partesEnvolvidas": [{"naturalidade": "DIAMANTINA -MG", "estadoCivil": "Solteiro", "naturezasEnvolvidas": "Morte suspeita", "tipoEnvolvimento": "V\u00edtima", "nome": "RONALDO ANTONIO VIANA", "instrucao": "1 Grau completo", "profissao": "AJUDANTE DE PEDREIRO", "sexo": "Masculino", "idade": "42", "rg": "18919872-SP", "dataNascimento": "30/08/1972", "cutis": "Preta"}], "idBO": "2015-20128-1111", "naturezas": [{"especie": "\u00d3bito", "descricao": "Morte suspeita"}], "flagrante": "N\u00e3o", "lon": -46.6975934, "dataComunicacao": "09/03/2015", "solucao": "AGUARDANDO LAUDOS", "local": "AVENIDA MINISTRO PETRONIO PORTELA, 1642 - FREGUESIA DO O - CEP: 02959000 - S.PAULO - SP", "categoria": "MORTE_ACIDENTAL", "dataOcorrencia": "08/03/2015", "examesRequisitados": "IML", "idDelegacia": "20128", "numero": "1111", "dataElaboracao": "09/03/2015", "tipoLocal": "Sa\u00fade", "lat": -23.4879763, "horaComunicacao": "17:45", "tipoBoletim": "Principal", "circunscricao": "28\u00ba D.P. FREGUESIA DO O", "dependencia": "28\u00ba D.P. FREGUESIA DO O"}