{"horaElaboracao": "21:59", "turnoOcorrencia": "A NOITE", "partesEnvolvidas": [{"naturalidade": "VALPARAISO -SP", "estadoCivil": "Solteiro", "naturezasEnvolvidas": "Homic\u00eddio qualificado (art. 121, \u00a72o.)", "tipoEnvolvimento": "V\u00edtima", "nome": "AMAURI CELIO DE SOUZA", "instrucao": "Analfabeto", "profissao": "LAVRADOR(A)", "nacionalidade": "BRASILEIRA", "sexo": "Masculino", "idade": "37", "rg": "33512856-SP", "dataNascimento": "19/01/1978", "cutis": "Branca"}], "idBO": "2015-50221-398", "naturezas": [{"especie": "T\u00edtulo I - Pessoa (arts. 121 a 154)", "descricao": "Homic\u00eddio qualificado (art. 121, \u00a72o.)"}], "flagrante": "N\u00e3o", "lon": -46.6890776, "dataComunicacao": "16/04/2015", "solucao": "APRECIA\u00c7\u00c3O DO DELEGADO TITULAR", "local": "RUA SIM\u00c3O ALVES, 479 - CONJ HAB VALPARAISO C - CEP: 16880000 - VALPARAISO - SP", "categoria": "HOMICIDIO_DOLOSO", "dataOcorrencia": "16/04/2015", "examesRequisitados": "IC-IML", "idDelegacia": "50221", "numero": "398", "dataElaboracao": "16/04/2015", "tipoLocal": "Via p\u00fablica", "lat": -23.563549, "horaComunicacao": "21:44", "tipoBoletim": "Principal", "circunscricao": "DEL.POL.VALPARAISO", "dependencia": "DEL.POL.VALPARAISO"}