{"horaElaboracao": "20:29", "turnoOcorrencia": "A TARDE", "partesEnvolvidas": [{"naturalidade": "ROLANDIA -PR", "estadoCivil": "Casado", "naturezasEnvolvidas": "Morte suspeita", "tipoEnvolvimento": "V\u00edtima", "nome": "LUCAS GUERREIRO DE LIMA", "instrucao": "1 Grau incompleto", "profissao": "DESEMPREGADO(A)", "nacionalidade": "BRASILEIRA", "sexo": "Masculino", "idade": "51", "rg": "17145500-SP", "dataNascimento": "18/10/1963", "cutis": "Parda"}], "idBO": "2015-10335-1528", "naturezas": [{"especie": "\u00d3bito", "descricao": "Morte suspeita"}], "flagrante": "N\u00e3o", "lon": -46.7169329, "dataComunicacao": "01/03/2015", "solucao": "ENCAMINHAMENTO DP \u00c1REA DO FATO", "local": "AVENIDA ELISIO TEIXEIRA LEITE, 6999 - JARAGUA - CEP: 02810000 - S.PAULO - SP", "categoria": "MORTE_SUBITA_NATURAL", "dataOcorrencia": "01/03/2015", "examesRequisitados": "IML", "idDelegacia": "10335", "numero": "1528", "dataElaboracao": "01/03/2015", "tipoLocal": "Sa\u00fade", "lat": -23.4410474, "horaComunicacao": "20:12", "tipoBoletim": "Principal", "circunscricao": "74\u00ba D.P. PARADA TAIPAS", "dependencia": "72\u00ba D.P. VILA PENTEADO"}