{"horaElaboracao": "02:24", "turnoOcorrencia": "A NOITE", "partesEnvolvidas": [{"naturalidade": "BANDEIRANTES -PR", "estadoCivil": "Solteiro", "naturezasEnvolvidas": "Morte suspeita", "tipoEnvolvimento": "V\u00edtima", "nome": "MARGARETH PIRES DE CAMPOS", "instrucao": "1 Grau completo", "nacionalidade": "BRASILEIRA", "sexo": "Feminino", "idade": "56", "rg": "52503680-SP", "dataNascimento": "02/11/1958", "cutis": "Branca"}], "idBO": "2015-10314-341", "naturezas": [{"especie": "\u00d3bito", "descricao": "Morte suspeita"}], "flagrante": "N\u00e3o", "lon": -46.6704365, "dataComunicacao": "15/01/2015", "solucao": "APRECIA\u00c7\u00c3O DO DELEGADO TITULAR", "local": "AVENIDA DOUTOR ENEAS CARVALHO DE AGUIAR, 255 - JARDIM PAULISTA - S.PAULO - SP", "categoria": "MORTE_SUBITA_NATURAL", "dataOcorrencia": "14/01/2015", "examesRequisitados": "IML", "idDelegacia": "10314", "numero": "341", "dataElaboracao": "15/01/2015", "tipoLocal": "Sa\u00fade", "lat": -23.5567923, "horaComunicacao": "02:15", "tipoBoletim": "Principal", "circunscricao": "14\u00ba D.P. PINHEIROS", "dependencia": "14\u00ba D.P. PINHEIROS"}