{"categoria": "MORTE_SUBITA_NATURAL", "dependencia": "01\u00ba D.P. TAUBATE", "naturezas": [{"especie": "\u00d3bito", "descricao": "Morte suspeita"}], "tipoLocal": "Com\u00e9rcio e servi\u00e7os", "partesEnvolvidas": [{"naturalidade": "CONCEICAO DO RIO VERDE-MG", "estadoCivil": "Casado", "naturezasEnvolvidas": "Morte suspeita", "tipoEnvolvimento": "V\u00edtima", "nome": "MARIA VITA DOS SANTOS", "instrucao": "1 Grau completo", "nacionalidade": "BRASILEIRA", "sexo": "Feminino", "idade": "62", "rg": "37456315-SP", "dataNascimento": "13/12/1952", "cutis": "Parda"}], "dataOcorrencia": "17/06/2015", "lon": -45.58898730000001, "idDelegacia": "130409", "horaElaboracao": "18:27", "flagrante": "N\u00e3o", "numero": "1530", "dataComunicacao": "17/06/2015", "dataElaboracao": "17/06/2015", "tipoBoletim": "Principal", "turnoOcorrencia": "EM HORA INCERTA", "idBO": "2015-130409-1530", "solucao": "ENCAMINHAMENTO DP \u00c1REA DO FATO", "lat": -23.0080136, "horaComunicacao": "18:19", "local": "RUA DOUTOR JOS\u00c9 V\u00cdTOR DE MOURA RAMOS, 40 - AEROPORTO - CEP: 12051670 - TAUBATE - SP", "circunscricao": "02\u00ba D.P. TAUBATE"}