{"horaElaboracao": "15:49", "turnoOcorrencia": "A TARDE", "partesEnvolvidas": [{"naturalidade": "S.PAULO -SP", "estadoCivil": "Solteiro", "naturezasEnvolvidas": "Morte suspeita", "tipoEnvolvimento": "V\u00edtima", "nome": "CRISTIANO CARLOS FERREIRA DA SILVA", "instrucao": "1 Grau completo", "profissao": "AJUDANTE DE PADEIRO", "nacionalidade": "BRASILEIRA", "sexo": "Masculino", "idade": "27", "rg": "43799382-SP", "dataNascimento": "20/02/1988", "cutis": "Preta"}], "idBO": "2015-10374-8409", "naturezas": [{"especie": "\u00d3bito", "descricao": "Morte suspeita"}], "flagrante": "N\u00e3o", "lon": -46.6897029, "dataComunicacao": "13/09/2015", "solucao": "ENCAMINHAMENTO DP \u00c1REA DO FATO", "local": "RUA ANTONIO FELIPE FILHO, 180 - GRAJAU - CEP: 04845000 - S.PAULO - SP", "categoria": "MORTE_SUBITA_NATURAL", "dataOcorrencia": "13/09/2015", "examesRequisitados": "IML", "idDelegacia": "10374", "numero": "8409", "dataElaboracao": "13/09/2015", "tipoLocal": "Sa\u00fade", "lat": -23.7498426, "horaComunicacao": "15:37", "tipoBoletim": "Principal", "circunscricao": "85\u00ba D.P. JARDIM MIRNA", "dependencia": "101\u00ba D.P. JDIM IMBUIAS"}