{"horaElaboracao": "09:00", "turnoOcorrencia": "PELA MANH\u00c3", "partesEnvolvidas": [{"naturalidade": "GUARATINGUETA -SP", "estadoCivil": "Casado", "naturezasEnvolvidas": "Morte suspeita", "tipoEnvolvimento": "V\u00edtima", "nome": "LUIZ AMBROSIO ELIAS", "instrucao": "1 Grau completo", "nacionalidade": "BRASILEIRA", "sexo": "Masculino", "idade": "64", "rg": "10802911-SP", "dataNascimento": "23/04/1951", "cutis": "Branca"}], "idBO": "2015-40203-7172", "naturezas": [{"especie": "\u00d3bito", "descricao": "Morte suspeita"}], "flagrante": "N\u00e3o", "lon": -46.6298836, "dataComunicacao": "29/09/2015", "solucao": "AGUARDANDO LAUDOS", "local": "AVENIDA SANTOS DUMONT - LOT HERM\u00cdNIA P GONZALES - CEP: 11460002 - GUARUJA - SP", "categoria": "MORTE_SUBITA_NATURAL", "dataOcorrencia": "29/09/2015", "examesRequisitados": "IML", "idDelegacia": "40203", "numero": "7172", "dataElaboracao": "29/09/2015", "tipoLocal": "Sa\u00fade", "lat": -23.5165914, "horaComunicacao": "08:56", "tipoBoletim": "Principal", "circunscricao": "DEL.POL.GUARUJA", "dependencia": "DEL.POL.GUARUJA"}