{"horaElaboracao": "07:21", "turnoOcorrencia": "A NOITE", "partesEnvolvidas": [{"naturalidade": "S.PAULO -SP", "estadoCivil": "Solteiro", "naturezasEnvolvidas": "Morte suspeita", "tipoEnvolvimento": "V\u00edtima", "nome": "SUELI RODRIGUES DE SANTANA", "instrucao": "1 Grau completo", "profissao": "PRENDAS DOMESTICAS", "nacionalidade": "BRASILEIRA", "sexo": "Feminino", "idade": "50", "rg": "21413858-SP", "dataNascimento": "29/03/1965", "cutis": "Branca"}], "idBO": "2015-20224-9124", "naturezas": [{"especie": "\u00d3bito", "descricao": "Morte suspeita"}], "flagrante": "N\u00e3o", "lon": -46.472176, "dataComunicacao": "09/10/2015", "solucao": "ENCAMINHAMENTO DP \u00c1REA DO FATO", "local": "ALAMEDA RODRIGO DE BRUM, 1989 - ERMELINO MATARAZZO - CEP: 03807230 - S.PAULO - SP", "categoria": "MORTE_SUBITA_NATURAL", "dataOcorrencia": "08/10/2015", "examesRequisitados": "IML", "idDelegacia": "20224", "numero": "9124", "dataElaboracao": "09/10/2015", "tipoLocal": "Sa\u00fade", "lat": -23.5001451, "horaComunicacao": "07:12", "tipoBoletim": "Principal", "circunscricao": "62\u00ba D.P. ERMELINO MATARAZZO", "dependencia": "24\u00ba D.P. PONTE RASA"}