{"categoria": "HOMICIDIO_DOLOSO", "dependencia": "DEL.POL.PLANT\u00c3O SALTO", "naturezas": [{"especie": "T\u00edtulo I - Pessoa (arts. 121 a 154)", "descricao": "Homic\u00eddio simples (art. 121)"}], "tipoLocal": "Via p\u00fablica", "partesEnvolvidas": [{"naturalidade": "NIQUELANDIA/GO", "estadoCivil": "Solteiro", "naturezasEnvolvidas": "Homic\u00eddio simples (art. 121)", "tipoEnvolvimento": "V\u00edtima", "nome": "JOSE ANTONIO LUNA", "instrucao": "2 Grau incompleto", "profissao": "PEDREIRO", "nacionalidade": "BRASILEIRA", "sexo": "Masculino", "idade": "57", "rg": "2676519-BA", "dataNascimento": "21/06/1957", "cutis": "Branca"}], "dataOcorrencia": "28/02/2015", "lon": -46.37864829999999, "idDelegacia": "120608", "horaElaboracao": "17:06", "flagrante": "N\u00e3o", "numero": "575", "dataComunicacao": "28/02/2015", "dataElaboracao": "28/02/2015", "tipoBoletim": "Principal", "turnoOcorrencia": "A TARDE", "idBO": "2015-120608-575", "solucao": "APRECIA\u00c7\u00c3O DO DELEGADO TITULAR", "lat": -23.4792432, "horaComunicacao": "16:50", "local": "AVENIDA PONTES DE MIRANDA, 168 - JD LAGUNA - SALTO - SP", "circunscricao": "01\u00ba D.P. SALTO"}