{"horaElaboracao": "14:02", "turnoOcorrencia": "PELA MANH\u00c3", "partesEnvolvidas": [{"naturalidade": "S.RITA -PB", "estadoCivil": "Casado", "naturezasEnvolvidas": "Morte suspeita", "tipoEnvolvimento": "V\u00edtima", "nome": "EDVALDO CEZARIO LOURENCO", "instrucao": "1 Grau completo", "profissao": "SEGURANCA", "nacionalidade": "BRASILEIRA", "sexo": "Masculino", "idade": "53", "rg": "38682601-SP", "dataNascimento": "05/11/1961", "cutis": "Parda"}], "idBO": "2015-10374-2229", "naturezas": [{"especie": "\u00d3bito", "descricao": "Morte suspeita"}], "flagrante": "N\u00e3o", "lon": -46.7121041, "dataComunicacao": "09/03/2015", "solucao": "AGUARDANDO LAUDOS", "local": "RUA FREI LUIS DE GRANADA, 367 - CIDADE DUTRA - CEP: 04831100 - S.PAULO - SP", "categoria": "MORTE_SUBITA_NATURAL", "dataOcorrencia": "09/03/2015", "examesRequisitados": "IC-IML", "idDelegacia": "10374", "numero": "2229", "dataElaboracao": "09/03/2015", "tipoLocal": "Resid\u00eancia", "lat": -23.736409, "horaComunicacao": "13:54", "tipoBoletim": "Principal", "circunscricao": "101\u00ba D.P. JDIM IMBUIAS", "dependencia": "101\u00ba D.P. JDIM IMBUIAS"}