{"horaElaboracao": "19:19", "turnoOcorrencia": "A TARDE", "partesEnvolvidas": [{"tipoEnvolvimento": "V\u00edtima", "nome": "JOAO 167", "cutis": "Parda", "sexo": "Masculino", "idade": "0", "naturezasEnvolvidas": "Morte suspeita"}], "idBO": "2015-10341-4171", "naturezas": [{"especie": "\u00d3bito", "descricao": "Morte suspeita"}], "flagrante": "N\u00e3o", "lon": -46.6489685, "dataComunicacao": "25/09/2015", "solucao": "AGUARDANDO LAUDOS", "local": "RUA DOUTOR CESARIO MOTA JUNIOR, 112 - CONSOLACAO - CEP: 01221020 - S.PAULO - SP", "categoria": "SUICIDIO_DUVIDOSO", "dataOcorrencia": "25/09/2015", "examesRequisitados": "IML", "idDelegacia": "10341", "numero": "4171", "dataElaboracao": "25/09/2015", "tipoLocal": "Sa\u00fade", "lat": -23.5426698, "horaComunicacao": "19:10", "tipoBoletim": "Principal", "circunscricao": "77\u00ba D.P. SANTA CECILIA", "dependencia": "77\u00ba D.P. SANTA CECILIA"}