{"horaElaboracao": "22:00", "turnoOcorrencia": "A NOITE", "partesEnvolvidas": [{"naturalidade": "S PAULO", "estadoCivil": "Viuvo", "naturezasEnvolvidas": "Morte suspeita", "tipoEnvolvimento": "V\u00edtima", "nome": "ELFRIDE SANCHIZ LUQUE", "cutis": "Branca", "sexo": "Feminino", "idade": "86", "dataNascimento": "15/08/1929"}], "idBO": "2015-40232-4303", "naturezas": [{"especie": "\u00d3bito", "descricao": "Morte suspeita"}], "flagrante": "N\u00e3o", "lon": -46.34492119999999, "dataComunicacao": "24/12/2015", "solucao": "APRECIA\u00c7\u00c3O DO DELEGADO TITULAR", "local": "AVENIDA PRESIDENTE WILSOM, 117 - GONZAGA - CEP: 11065201 - SANTOS - SP", "categoria": "MORTE_SUBITA_NATURAL", "dataOcorrencia": "24/12/2015", "examesRequisitados": "IML", "idDelegacia": "40232", "numero": "4303", "dataElaboracao": "24/12/2015", "tipoLocal": "Resid\u00eancia", "lat": -23.9677445, "horaComunicacao": "21:52", "tipoBoletim": "Principal", "circunscricao": "07\u00ba D.P. SANTOS", "dependencia": "07\u00ba D.P. SANTOS"}