{"horaElaboracao": "19:12", "turnoOcorrencia": "A TARDE", "partesEnvolvidas": [{"naturalidade": "S.PAULO -SP", "naturezasEnvolvidas": "Morte suspeita", "tipoEnvolvimento": "V\u00edtima", "nome": "VITOR GOMES PATTA", "profissao": "PEDREIRO", "sexo": "Masculino", "idade": "54", "rg": "16104763-SP", "dataNascimento": "20/09/1960", "cutis": "Branca"}], "idBO": "2015-20224-6450", "naturezas": [{"especie": "\u00d3bito", "descricao": "Morte suspeita"}], "flagrante": "N\u00e3o", "lon": -46.472176, "dataComunicacao": "12/07/2015", "solucao": "ENCAMINHAMENTO DP \u00c1REA DO FATO", "local": "ALAMEDA RODRIGO DE BRUM, 1989 - ERMELINO MATARAZZO - CEP: 03807230 - S.PAULO - SP", "categoria": "MORTE_ACIDENTAL", "dataOcorrencia": "12/07/2015", "examesRequisitados": "IML", "idDelegacia": "20224", "numero": "6450", "dataElaboracao": "12/07/2015", "tipoLocal": "Sa\u00fade", "lat": -23.5001451, "horaComunicacao": "19:04", "tipoBoletim": "Principal", "circunscricao": "62\u00ba D.P. ERMELINO MATARAZZO", "dependencia": "24\u00ba D.P. PONTE RASA"}