{"horaElaboracao": "18:52", "turnoOcorrencia": "DE MADRUGADA", "partesEnvolvidas": [{"naturalidade": "AGUA BRANCA -AL", "estadoCivil": "Solteiro", "naturezasEnvolvidas": "Morte suspeita", "tipoEnvolvimento": "V\u00edtima", "nome": "MARIA IVANI DA CONCEICAO", "instrucao": "1 Grau completo", "nacionalidade": "BRASILEIRA", "sexo": "Feminino", "idade": "56", "rg": "18365404-SP", "dataNascimento": "11/03/1959", "cutis": "Parda"}], "idBO": "2015-20241-5281", "naturezas": [{"especie": "\u00d3bito", "descricao": "Morte suspeita"}], "flagrante": "N\u00e3o", "lon": -46.5143594, "dataComunicacao": "19/10/2015", "solucao": "AGUARDANDO LAUDOS", "local": "RUA ANTONIO LAZARO, 226 - SAPOPEMBA - CEP: 03921080 - S.PAULO - SP", "categoria": "MORTE_SUBITA_NATURAL", "dataOcorrencia": "19/10/2015", "examesRequisitados": "IML", "idDelegacia": "20241", "numero": "5281", "dataElaboracao": "19/10/2015", "tipoLocal": "Sa\u00fade", "lat": -23.5876448, "horaComunicacao": "18:46", "tipoBoletim": "Principal", "circunscricao": "41\u00ba D.P. VILA RICA", "dependencia": "41\u00ba D.P. VILA RICA"}