{"categoria": "MORTE_SUBITA_NATURAL", "dependencia": "05\u00ba D.P. OSASCO", "naturezas": [{"especie": "\u00d3bito", "descricao": "Morte suspeita"}], "tipoLocal": "Resid\u00eancia", "partesEnvolvidas": [{"naturalidade": "S.PAULO -SP", "estadoCivil": "Solteiro", "naturezasEnvolvidas": "Morte suspeita", "tipoEnvolvimento": "V\u00edtima", "nome": "SERGIO YOITI KAKIMOTO", "profissao": "APOSENTADO(A)", "nacionalidade": "BRASILEIRA", "sexo": "Masculino", "idade": "61", "rg": "7212920-SP", "dataNascimento": "18/01/1954", "cutis": "Branca"}], "dataOcorrencia": "30/05/2015", "lon": -46.7689138, "idDelegacia": "30418", "horaElaboracao": "06:19", "flagrante": "N\u00e3o", "numero": "3302", "dataComunicacao": "30/05/2015", "dataElaboracao": "30/05/2015", "tipoBoletim": "Principal", "turnoOcorrencia": "DE MADRUGADA", "idBO": "2015-30418-3302", "solucao": "ENCAMINHAMENTO DP \u00c1REA DO FATO", "lat": -23.5295349, "horaComunicacao": "06:17", "local": "RUA SANAZAR MARDIROS, 406 - PRESIDENTE ALTINO - CEP: 06213070 - OSASCO - SP", "circunscricao": "09\u00ba D.P. OSASCO"}