{"horaElaboracao": "04:00", "turnoOcorrencia": "DE MADRUGADA", "partesEnvolvidas": [{"naturalidade": "OSASCO -SP", "estadoCivil": "Casado", "naturezasEnvolvidas": "Morte suspeita", "tipoEnvolvimento": "V\u00edtima", "nome": "MARCOS FRANCISCO RODRIGUES", "instrucao": "2 Grau completo", "profissao": "VENDEDOR(A)", "nacionalidade": "BRASILEIRA", "sexo": "Masculino", "idade": "48", "rg": "15713947-SP", "dataNascimento": "19/11/1966", "cutis": "Parda"}], "idBO": "2015-30411-4218", "naturezas": [{"especie": "\u00d3bito", "descricao": "Morte suspeita"}], "flagrante": "N\u00e3o", "lon": -46.8009047, "dataComunicacao": "04/07/2015", "solucao": "AGUARDANDO LAUDOS", "local": "AVENIDA GENERAL PEDRO PINHO, 1250 - PESTANA - CEP: 06122160 - OSASCO - SP", "categoria": "MORTE_SUBITA_NATURAL", "dataOcorrencia": "04/07/2015", "examesRequisitados": "IML", "idDelegacia": "30411", "numero": "4218", "dataElaboracao": "04/07/2015", "tipoLocal": "Sa\u00fade", "lat": -23.5421551, "horaComunicacao": "03:58", "tipoBoletim": "Principal", "circunscricao": "01\u00ba D.P. OSASCO", "dependencia": "01\u00ba D.P. OSASCO"}