{"horaElaboracao": "17:06", "turnoOcorrencia": "DE MADRUGADA", "partesEnvolvidas": [{"naturalidade": "RECIFE -PE", "naturezasEnvolvidas": "Morte suspeita", "tipoEnvolvimento": "V\u00edtima", "nome": "MARIA JOSE DA SILVA", "instrucao": "1 Grau completo", "nacionalidade": "BRASILEIRA", "sexo": "Feminino", "idade": "71", "rg": "21244652-SP", "dataNascimento": "09/01/1944", "cutis": "Branca"}], "idBO": "2015-60404-11414", "naturezas": [{"especie": "\u00d3bito", "descricao": "Morte suspeita"}], "flagrante": "N\u00e3o", "lon": -49.0315314, "dataComunicacao": "17/05/2015", "solucao": "BO PARA INVESTIGA\u00c7\u00c3O", "local": "AVENIDA ENGENHEIRO LU\u00cdS EDMUNDO CARRIJO - JARDIM SANTOS DUMONT - CEP: 17033360 - BAURU - SP", "categoria": "MORTE_SUBITA_NATURAL", "dataOcorrencia": "17/05/2015", "examesRequisitados": "IML", "idDelegacia": "60404", "numero": "11414", "dataElaboracao": "17/05/2015", "tipoLocal": "Sa\u00fade", "lat": -22.3450184, "horaComunicacao": "16:59", "tipoBoletim": "Principal", "circunscricao": "04\u00ba D.P. BAURU", "dependencia": "CENTRAL POL.JUDICI\u00c1RIA-BAURU"}