{"categoria": "MORTE_SUBITA_NATURAL", "dependencia": "06\u00ba D.P. GUARULHOS", "naturezas": [{"especie": "\u00d3bito", "descricao": "Morte suspeita"}], "tipoLocal": "Sa\u00fade", "partesEnvolvidas": [{"naturalidade": "BARIRI -SP", "estadoCivil": "Viuvo", "naturezasEnvolvidas": "Morte suspeita", "tipoEnvolvimento": "V\u00edtima", "nome": "ROSALIA MORENO ADUAN", "instrucao": "1 Grau completo", "nacionalidade": "BRASILEIRA", "sexo": "Feminino", "idade": "95", "rg": "4867080-SP", "dataNascimento": "16/09/1919", "cutis": "Branca"}], "dataOcorrencia": "10/02/2015", "lon": -46.5283832, "idDelegacia": "30216", "horaElaboracao": "09:28", "flagrante": "N\u00e3o", "numero": "262", "dataComunicacao": "10/02/2015", "dataElaboracao": "10/02/2015", "tipoBoletim": "Principal", "turnoOcorrencia": "PELA MANH\u00c3", "idBO": "2015-30216-262", "solucao": "AGUARDANDO LAUDOS", "lat": -23.4640642, "horaComunicacao": "09:25", "local": "AVENIDA TIRADENTES - VILA FATIMA - GUARULHOS - SP", "circunscricao": "06\u00ba D.P. GUARULHOS"}