{"categoria": "CADAVER_SEM_LESOES", "dependencia": "DEL.POL.CUBAT\u00c3O", "naturezas": [{"especie": "\u00d3bito", "descricao": "Morte suspeita"}], "tipoLocal": "Via p\u00fablica", "partesEnvolvidas": [{"tipoEnvolvimento": "V\u00edtima", "nome": "DESCONHECIDO", "cutis": "Branca", "sexo": "Masculino", "idade": "0", "naturezasEnvolvidas": "Morte suspeita"}], "dataOcorrencia": "13/07/2015", "lon": -46.74744829999999, "idDelegacia": "40202", "horaElaboracao": "00:04", "flagrante": "N\u00e3o", "numero": "1361", "dataComunicacao": "13/07/2015", "dataElaboracao": "14/07/2015", "tipoBoletim": "Principal", "turnoOcorrencia": "A NOITE", "idBO": "2015-40202-1361", "solucao": "APRECIA\u00c7\u00c3O DO DELEGADO TITULAR", "lat": -23.4152653, "horaComunicacao": "23:59", "local": "AVENIDA PRINCIPAL, 595 - AREA RURAL - CEP: 11540200 - CUBATAO - SP", "circunscricao": "01\u00ba D.P. CUBAT\u00c3O"}