{"horaElaboracao": "05:45", "turnoOcorrencia": "DE MADRUGADA", "partesEnvolvidas": [{"naturalidade": "RECIFE -PE", "estadoCivil": "Convivente", "naturezasEnvolvidas": "Morte suspeita", "tipoEnvolvimento": "V\u00edtima", "nome": "JOSE ROBERTO PEREIRA DA SILVA", "instrucao": "1 Grau incompleto", "profissao": "PORTEIRO(A)", "nacionalidade": "BRASILEIRA", "sexo": "Masculino", "idade": "46", "rg": "37187793-SP", "dataNascimento": "11/01/1969", "cutis": "Branca"}], "idBO": "2015-10356-5568", "naturezas": [{"especie": "\u00d3bito", "descricao": "Morte suspeita"}], "flagrante": "N\u00e3o", "lon": -46.7504635, "dataComunicacao": "08/07/2015", "solucao": "ENCAMINHAMENTO DP \u00c1REA DO FATO", "local": "RUA BALDOMERO CARQUEJA, 13 - JD S\u00c3O LUIS - CEP: 05780260 - S.PAULO - SP", "categoria": "SUICIDIO_DUVIDOSO", "dataOcorrencia": "08/07/2015", "examesRequisitados": "IC-IML", "idDelegacia": "10356", "numero": "5568", "dataElaboracao": "08/07/2015", "tipoLocal": "Via p\u00fablica", "lat": -23.6487034, "horaComunicacao": "05:36", "tipoBoletim": "Principal", "circunscricao": "37\u00ba D.P. CAMPO LIMPO", "dependencia": "89\u00ba D.P. JARDIM TABOAO"}