{"horaElaboracao": "16:23", "turnoOcorrencia": "PELA MANH\u00c3", "partesEnvolvidas": [{"naturalidade": "SANTOS -SP", "estadoCivil": "Solteiro", "naturezasEnvolvidas": "Morte suspeita", "tipoEnvolvimento": "V\u00edtima", "nome": "JAIR JOSE DOS SANTOS", "instrucao": "Superior completo", "profissao": "APOSENTADO(A)", "nacionalidade": "BRASILEIRA", "sexo": "Masculino", "idade": "62", "rg": "5591623-SP", "dataNascimento": "19/10/1952", "cutis": "Outros"}], "idBO": "2015-40213-2210", "naturezas": [{"especie": "\u00d3bito", "descricao": "Morte suspeita"}], "flagrante": "N\u00e3o", "lon": -46.3089536, "dataComunicacao": "12/07/2015", "solucao": "APRECIA\u00c7\u00c3O DO DELEGADO TITULAR", "local": "RUA ALEXANDRE MARTINS, 145 - ESTUARIO - CEP: 11025202 - SANTOS - SP", "categoria": "MORTE_SUBITA_NATURAL", "dataOcorrencia": "11/07/2015", "examesRequisitados": "IML", "idDelegacia": "40213", "numero": "2210", "dataElaboracao": "12/07/2015", "tipoLocal": "Via p\u00fablica", "lat": -23.9744748, "horaComunicacao": "16:21", "tipoBoletim": "Principal", "circunscricao": "03\u00ba D.P. SANTOS", "dependencia": "03\u00ba D.P. SANTOS"}