{"horaElaboracao": "04:26", "turnoOcorrencia": "DE MADRUGADA", "partesEnvolvidas": [{"naturalidade": "CORONEL EZEQUIEL -RN", "estadoCivil": "Casado", "naturezasEnvolvidas": "Morte suspeita", "tipoEnvolvimento": "V\u00edtima", "nome": "JOSE DA SILVA", "instrucao": "1 Grau completo", "profissao": "MOTORISTA", "sexo": "Masculino", "idade": "56", "rg": "10857431-SP", "dataNascimento": "22/10/1958", "cutis": "Branca"}], "idBO": "2015-10333-2411", "naturezas": [{"especie": "\u00d3bito", "descricao": "Morte suspeita"}], "flagrante": "N\u00e3o", "lon": -46.7489699, "dataComunicacao": "23/04/2015", "solucao": "ENCAMINHAMENTO DP \u00c1REA DO FATO", "local": "RUA MARGARIDA RAINHA, 100 - PERUS - CEP: 05209020 - S.PAULO - SP", "categoria": "MORTE_SUBITA_NATURAL", "dataOcorrencia": "23/04/2015", "examesRequisitados": "IC-IML", "idDelegacia": "10333", "numero": "2411", "dataElaboracao": "23/04/2015", "tipoLocal": "Via p\u00fablica", "lat": -23.4111066, "horaComunicacao": "04:17", "tipoBoletim": "Principal", "circunscricao": "46\u00ba D.P. PERUS", "dependencia": "33\u00ba D.P. PIRITUBA"}