{"horaElaboracao": "14:45", "turnoOcorrencia": "A NOITE", "partesEnvolvidas": [{"naturalidade": "S.PAULO -SP", "estadoCivil": "Casado", "naturezasEnvolvidas": "Homic\u00eddio simples (art. 121)", "tipoEnvolvimento": "V\u00edtima", "nome": "ANDERSON JEAN COSTA LIMA", "instrucao": "1 Grau completo", "profissao": "AUTONOMO(A)", "nacionalidade": "BRASILEIRA", "sexo": "Masculino", "idade": "33", "rg": "42916805-SP", "dataNascimento": "15/09/1981", "cutis": "Branca"}], "idBO": "2015-30306-423", "nomeDelegaciaBoPrincipal": "DEL.POL.ITAQUAQUECETUBA", "naturezas": [{"especie": "T\u00edtulo I - Pessoa (arts. 121 a 154)", "descricao": "Homic\u00eddio simples (art. 121)"}], "flagrante": "N\u00e3o", "lon": -46.2860235, "dataComunicacao": "26/01/2015", "solucao": "BO PARA ADENDO", "numeroBoPrincipal": "584", "categoria": "HOMICIDIO_DOLOSO", "dataOcorrencia": "25/01/2015", "examesRequisitados": "IC-IML", "idDelegacia": "30306", "numero": "423", "tipoBoletim": "Complementar", "dataElaboracao": "26/01/2015", "tipoLocal": "Via p\u00fablica", "lat": -23.4479943, "horaComunicacao": "14:43", "anoBoPrincipal": "2015", "circunscricao": "DEL.POL.ITAQUAQUECETUBA", "local": "ESTRADA S\u00c3O BENTO, 6100 - NOSSA SRA. DAS GRA\u00c7AS - MOGI DAS CRUZES - SP", "dependencia": "01\u00ba D.P. MOGI DAS CRUZES"}