{"horaElaboracao": "22:42", "turnoOcorrencia": "A NOITE", "partesEnvolvidas": [{"naturalidade": "BOCAIUVA -MG", "estadoCivil": "Convivente", "naturezasEnvolvidas": "Morte suspeita", "tipoEnvolvimento": "V\u00edtima", "nome": "JOAO PAULO PEREIRA DA SILVA", "instrucao": "1 Grau completo", "profissao": "VIGILANTE", "nacionalidade": "BRASILEIRA", "sexo": "Masculino", "idade": "34", "rg": "33891538-SP", "dataNascimento": "21/09/1980", "cutis": "Parda"}], "idBO": "2015-10374-1611", "naturezas": [{"especie": "\u00d3bito", "descricao": "Morte suspeita"}], "flagrante": "N\u00e3o", "lon": -46.6897029, "dataComunicacao": "17/02/2015", "solucao": "ENCAMINHAMENTO DP \u00c1REA DO FATO", "local": "RUA ANTONIO FELIPE FILHO, 180 - GRAJAU - CEP: 04845000 - S.PAULO - SP", "categoria": "MORTE_SUBITA_NATURAL", "dataOcorrencia": "17/02/2015", "examesRequisitados": "IML", "idDelegacia": "10374", "numero": "1611", "dataElaboracao": "17/02/2015", "tipoLocal": "Sa\u00fade", "lat": -23.7498426, "horaComunicacao": "22:37", "tipoBoletim": "Principal", "circunscricao": "85\u00ba D.P. JARDIM MIRNA", "dependencia": "101\u00ba D.P. JDIM IMBUIAS"}