{"horaElaboracao": "12:28", "turnoOcorrencia": "PELA MANH\u00c3", "partesEnvolvidas": [{"naturalidade": "VALENCA DO PIAUI -PI", "naturezasEnvolvidas": "Morte suspeita", "tipoEnvolvimento": "V\u00edtima", "nome": "MUSSOLINO BARBOSA DOS SANTOS", "instrucao": "Analfabeto", "profissao": "ARMADOR(A)", "sexo": "Masculino", "idade": "53", "rg": "51176625-SP", "dataNascimento": "06/04/1962", "cutis": "Branca"}], "idBO": "2015-30412-1305", "naturezas": [{"especie": "\u00d3bito", "descricao": "Morte suspeita"}], "flagrante": "N\u00e3o", "lon": -46.8119503, "dataComunicacao": "26/08/2015", "solucao": "AGUARDANDO LAUDOS", "local": "RODOVIA RAPOSO TAVARES - - OSASCO - SP", "categoria": "MORTE_SUBITA_NATURAL", "dataOcorrencia": "26/08/2015", "examesRequisitados": "SVO", "idDelegacia": "30412", "numero": "1305", "dataElaboracao": "26/08/2015", "tipoLocal": "Reparti\u00e7\u00e3o P\u00fablica", "lat": -23.5913214, "horaComunicacao": "12:23", "tipoBoletim": "Principal", "circunscricao": "02\u00ba D.P. OSASCO", "dependencia": "02\u00ba D.P. OSASCO"}