{"categoria": "HOMICIDIO_DOLOSO", "dependencia": "DEL.POL.LORENA", "naturezas": [{"especie": "T\u00edtulo I - Pessoa (arts. 121 a 154)", "descricao": "Homic\u00eddio simples (art. 121)"}], "tipoLocal": "Via p\u00fablica", "partesEnvolvidas": [{"naturalidade": "LORENA -SP", "estadoCivil": "Solteiro", "naturezasEnvolvidas": "Homic\u00eddio simples (art. 121)", "tipoEnvolvimento": "V\u00edtima", "nome": "LUIZ FERNANDO LEOPOLDINO ALVES", "instrucao": "1 Grau completo", "profissao": "PINTOR(A)", "sexo": "Masculino", "idade": "36", "rg": "33047604-SP", "dataNascimento": "13/08/1978", "cutis": "Parda"}], "dataOcorrencia": "18/07/2015", "lon": -46.66062429999999, "idDelegacia": "130204", "horaElaboracao": "16:11", "flagrante": "N\u00e3o", "numero": "1163", "dataComunicacao": "18/07/2015", "dataElaboracao": "18/07/2015", "tipoBoletim": "Principal", "turnoOcorrencia": "A TARDE", "idBO": "2015-130204-1163", "solucao": "APRECIA\u00c7\u00c3O DO DELEGADO TITULAR", "lat": -23.601536, "horaComunicacao": "15:56", "local": "AVENIDA PASSO, 608 - VILA SAO MIGUEL - CEP: 12605000 - LORENA - SP", "circunscricao": "01\u00ba D.P. LORENA"}