{"categoria": "MORTE_SUBITA_NATURAL", "dependencia": "DEL.SEC.S.JO\u00c3O DA BOA VISTA", "naturezas": [{"especie": "\u00d3bito", "descricao": "Morte suspeita"}], "tipoLocal": "Resid\u00eancia", "partesEnvolvidas": [{"naturalidade": "S.JOAO DA BOA VISTA", "estadoCivil": "Solteiro", "naturezasEnvolvidas": "Morte suspeita", "tipoEnvolvimento": "V\u00edtima", "nome": "ELIZEU DE ABREU JUNIOR", "instrucao": "1 Grau completo", "profissao": "MECANICO(A)", "sexo": "Masculino", "idade": "43", "rg": "25706724-SP", "dataNascimento": "25/04/1972", "cutis": "Branca"}], "dataOcorrencia": "26/12/2015", "lon": -46.7937472, "idDelegacia": "70700", "horaElaboracao": "12:46", "flagrante": "N\u00e3o", "numero": "6270", "dataComunicacao": "26/12/2015", "dataElaboracao": "26/12/2015", "tipoBoletim": "Principal", "turnoOcorrencia": "PELA MANH\u00c3", "idBO": "2015-70700-6270", "solucao": "APRECIA\u00c7\u00c3O DO DELEGADO TITULAR", "lat": -21.9733102, "horaComunicacao": "12:33", "local": "RUA OSC\u00c1R JANSON, 333 - CENTRO - CEP: 13870070 - S.JOAO DA BOA VISTA - SP", "circunscricao": "01\u00ba D.P. SAO JOAO DA BOA VISTA"}