{"horaElaboracao": "11:05", "turnoOcorrencia": "PELA MANH\u00c3", "partesEnvolvidas": [], "idBO": "2015-120115-377", "naturezas": [{"especie": "\u00d3bito", "descricao": "Morte suspeita"}], "flagrante": "N\u00e3o", "lon": -49.317263, "dataComunicacao": "21/12/2015", "solucao": "APRECIA\u00c7\u00c3O DO DELEGADO TITULAR", "local": "RUA RIO DE JANEIRO, 1170 - ARQUE DAS ABELHA - CEP: 18780000 - MANDURI - SP", "categoria": "SUICIDIO_DUVIDOSO", "dataOcorrencia": "21/12/2015", "examesRequisitados": "IML", "idDelegacia": "120115", "numero": "377", "dataElaboracao": "21/12/2015", "tipoLocal": "Sa\u00fade", "lat": -23.0055281, "horaComunicacao": "10:56", "tipoBoletim": "Principal", "circunscricao": "DEL.POL.MANDURI", "dependencia": "DEL.POL.MANDURI"}