{"horaElaboracao": "01:34", "turnoOcorrencia": "A NOITE", "partesEnvolvidas": [{"naturalidade": "NAO INFORMADA(MOT=ACERVO)", "estadoCivil": "Viuvo", "naturezasEnvolvidas": "Morte suspeita", "tipoEnvolvimento": "V\u00edtima", "nome": "ROSA DE LOURDES BUENO", "instrucao": "1 Grau completo", "nacionalidade": "BRASILEIRA", "sexo": "Feminino", "idade": "84", "rg": "12219475-SP", "dataNascimento": "23/07/1931", "cutis": "Branca"}], "idBO": "2015-10108-7263", "naturezas": [{"especie": "\u00d3bito", "descricao": "Morte suspeita"}], "flagrante": "N\u00e3o", "lon": -46.604316, "dataComunicacao": "29/09/2015", "solucao": "AGUARDANDO LAUDOS", "local": "RUA BRESSER, 1954 - MOOCA - CEP: 03164160 - S.PAULO - SP", "categoria": "MORTE_SUBITA_NATURAL", "dataOcorrencia": "28/09/2015", "examesRequisitados": "IML", "idDelegacia": "10108", "numero": "7263", "dataElaboracao": "29/09/2015", "tipoLocal": "Sa\u00fade", "lat": -23.5467387, "horaComunicacao": "00:37", "tipoBoletim": "Principal", "circunscricao": "08\u00ba D.P. BRAS", "dependencia": "08\u00ba D.P. BRAS"}