{"horaElaboracao": "21:20", "turnoOcorrencia": "A TARDE", "partesEnvolvidas": [{"tipoEnvolvimento": "V\u00edtima", "nome": "DESCONHECIDA", "cutis": "Branca", "sexo": "Feminino", "idade": "30", "naturezasEnvolvidas": "Homic\u00eddio simples (art. 121)"}], "idBO": "2015-10106-480", "naturezas": [{"especie": "T\u00edtulo I - Pessoa (arts. 121 a 154)", "descricao": "Homic\u00eddio simples (art. 121)"}], "flagrante": "N\u00e3o", "lon": -46.6180305, "dataComunicacao": "02/02/2015", "solucao": "BO PARA INVESTIGA\u00c7\u00c3O", "local": "RUA BARAO DE JAGUARA, 632 - CAMBUCI - S.PAULO - SP", "categoria": "HOMICIDIO_DOLOSO", "dataOcorrencia": "02/02/2015", "examesRequisitados": "IC-IML", "idDelegacia": "10106", "numero": "480", "dataElaboracao": "02/02/2015", "tipoLocal": "Templo e afins", "lat": -23.5585834, "horaComunicacao": "21:08", "tipoBoletim": "Principal", "circunscricao": "06\u00ba D.P. CAMBUCI", "dependencia": "06\u00ba D.P. CAMBUCI"}