{"horaElaboracao": "20:24", "turnoOcorrencia": "A TARDE", "partesEnvolvidas": [{"naturalidade": "S\u00c3O PAULO", "estadoCivil": "Solteiro", "naturezasEnvolvidas": "Morte suspeita", "tipoEnvolvimento": "V\u00edtima", "nome": "ALEX HENRIQUE DE SOUZA DOMINGOS", "instrucao": "1 Grau incompleto", "profissao": "AJUDANTE GERAL", "nacionalidade": "BRASILEIRA", "sexo": "Masculino", "idade": "25", "dataNascimento": "20/11/1989", "cutis": "Parda"}], "idBO": "2015-90502-232", "naturezas": [{"especie": "\u00d3bito", "descricao": "Morte suspeita"}], "flagrante": "N\u00e3o", "lon": -51.0688737, "dataComunicacao": "18/03/2015", "solucao": "ENCAMINHAMENTO DP \u00c1REA DO FATO", "local": "RUA JOAQUIM LU\u00cdS VIAN, 209 - VILA CICMA - CEP: 17800000 - ADAMANTINA - SP", "categoria": "MORTE_SUBITA_NATURAL", "dataOcorrencia": "18/03/2015", "examesRequisitados": "IML", "idDelegacia": "90502", "numero": "232", "dataElaboracao": "18/03/2015", "tipoLocal": "Sa\u00fade", "lat": -21.6920513, "horaComunicacao": "20:14", "tipoBoletim": "Principal", "circunscricao": "03\u00ba D.P. ADAMANTINA", "dependencia": "DEL.SEC.ADAMANTINA PLANT\u00c3O"}