{"horaElaboracao": "00:37", "turnoOcorrencia": "A NOITE", "partesEnvolvidas": [{"naturalidade": "GUARUJA -SP", "estadoCivil": "Solteiro", "naturezasEnvolvidas": "Morte suspeita", "tipoEnvolvimento": "V\u00edtima", "nome": "MOISES MARCOS BISPO", "instrucao": "1 Grau completo", "nacionalidade": "BRASILEIRA", "sexo": "Masculino", "idade": "37", "rg": "33432260-SP", "dataNascimento": "03/02/1978", "cutis": "Branca"}], "idBO": "2015-40203-5881", "naturezas": [{"especie": "\u00d3bito", "descricao": "Morte suspeita"}], "flagrante": "N\u00e3o", "lon": -46.2541223, "dataComunicacao": "11/08/2015", "solucao": "BO PARA INVESTIGA\u00c7\u00c3O", "local": "RUA QUINTO BERTOLDI, 40 - VILA MAIA - CEP: 11410130 - GUARUJA - SP", "categoria": "MORTE_SUBITA_NATURAL", "dataOcorrencia": "10/08/2015", "examesRequisitados": "IML", "idDelegacia": "40203", "numero": "5881", "dataElaboracao": "11/08/2015", "tipoLocal": "Sa\u00fade", "lat": -23.9899906, "horaComunicacao": "00:36", "tipoBoletim": "Principal", "circunscricao": "DEL.POL.GUARUJA", "dependencia": "DEL.POL.GUARUJA"}