{"horaElaboracao": "02:37", "turnoOcorrencia": "A NOITE", "partesEnvolvidas": [{"naturalidade": "MIRANTE PARANAPANEMA -SP", "estadoCivil": "Solteiro", "naturezasEnvolvidas": "Morte suspeita", "tipoEnvolvimento": "V\u00edtima", "nome": "CRISTIANO JOVIANO DOS SANTOS", "instrucao": "1 Grau completo", "profissao": "CORRETOR(A)", "nacionalidade": "BRASILEIRA", "sexo": "Masculino", "idade": "29", "rg": "41131038-SP", "dataNascimento": "09/02/1986", "cutis": "Branca"}], "idBO": "2015-90200-7995", "naturezas": [{"especie": "\u00d3bito", "descricao": "Morte suspeita"}], "flagrante": "N\u00e3o", "lon": -51.408193, "dataComunicacao": "07/08/2015", "solucao": "ENCAMINHAMENTO DP \u00c1REA DO FATO", "local": "RUA JOS\u00c9 BONGIOVANI, 1297 - VILA LIBERDADE - CEP: 19100000 - PRESIDENTE PRUDENTE - SP", "categoria": "MORTE_SUBITA_NATURAL", "dataOcorrencia": "06/08/2015", "examesRequisitados": "IML", "idDelegacia": "90200", "numero": "7995", "dataElaboracao": "07/08/2015", "tipoLocal": "Sa\u00fade", "lat": -22.1313828, "horaComunicacao": "02:35", "tipoBoletim": "Principal", "circunscricao": "04\u00ba D.P. PRES. PRUDENTE", "dependencia": "DEL.SEC.PRES. PRUDENTE"}