{"horaElaboracao": "00:53", "turnoOcorrencia": "A NOITE", "partesEnvolvidas": [{"naturalidade": "S.PAULO -SP", "estadoCivil": "Solteiro", "naturezasEnvolvidas": "Morte suspeita", "tipoEnvolvimento": "V\u00edtima", "nome": "EDUARDO LUIS DE LIMA", "instrucao": "2 Grau completo", "profissao": "PINTOR(A)", "nacionalidade": "BRASILEIRA", "sexo": "Masculino", "idade": "35", "rg": "35051091-SP", "dataNascimento": "14/10/1979", "cutis": "Branca"}], "idBO": "2015-110429-680", "naturezas": [{"especie": "\u00d3bito", "descricao": "Morte suspeita"}], "flagrante": "N\u00e3o", "lon": -49.4036218, "dataComunicacao": "16/01/2015", "solucao": "ENCAMINHAMENTO DP \u00c1REA DO FATO", "local": "RUA MANOEL MORENO, 1 - MARIA L\u00daCIA - S.JOSE DO RIO PRETO - SP", "categoria": "MORTE_SUBITA_NATURAL", "dataOcorrencia": "15/01/2015", "examesRequisitados": "IML", "idDelegacia": "110429", "numero": "680", "dataElaboracao": "16/01/2015", "tipoLocal": "Sa\u00fade", "lat": -20.7774598, "horaComunicacao": "00:48", "tipoBoletim": "Principal", "circunscricao": "04\u00ba D.P. S.JOSE RIO PRETO", "dependencia": "DEL.SEC.S.J RIO PRETO PLANT\u00c3O"}