{"horaElaboracao": "17:15", "turnoOcorrencia": "A TARDE", "partesEnvolvidas": [{"naturalidade": "CAPAO BONITO -SP", "estadoCivil": "Solteiro", "naturezasEnvolvidas": "Morte suspeita", "tipoEnvolvimento": "V\u00edtima", "nome": "JEFFERSON FERNANDO DA ROSA", "instrucao": "1 Grau completo", "profissao": "SERVENTE", "nacionalidade": "BRASILEIRA", "sexo": "Masculino", "idade": "26", "rg": "44623120-SP", "dataNascimento": "14/01/1989", "cutis": "Branca"}], "idBO": "2015-120426-10", "naturezas": [{"especie": "\u00d3bito", "descricao": "Morte suspeita"}], "flagrante": "N\u00e3o", "lon": -46.6334817, "dataComunicacao": "28/01/2015", "solucao": "APRECIA\u00c7\u00c3O DO DELEGADO TITULAR", "local": "S\u00cdTIO S\u00c3O PEDRO, BAIRRO BARREIRO DO CABR - BARREIRO DO CABRAL - RIBEIRAO GRANDE - SP", "categoria": "CADAVER_SEM_LESOES", "dataOcorrencia": "28/01/2015", "examesRequisitados": "IC-IML", "idDelegacia": "120426", "numero": "10", "dataElaboracao": "28/01/2015", "tipoLocal": "Unidade rural", "lat": -23.5494025, "horaComunicacao": "17:07", "tipoBoletim": "Principal", "circunscricao": "DEL.POL.RIBEIR\u00c3O GRANDE", "dependencia": "DEL.POL.RIBEIR\u00c3O GRANDE"}