{"horaElaboracao": "22:01", "turnoOcorrencia": "A NOITE", "partesEnvolvidas": [{"naturalidade": "ANGATUBA -SP", "estadoCivil": "Solteiro", "naturezasEnvolvidas": "Morte suspeita", "tipoEnvolvimento": "V\u00edtima", "nome": "JHONES DA SILVA PROENCA", "instrucao": "1 Grau completo", "profissao": "AJUDANTE", "nacionalidade": "BRASILEIRA", "sexo": "Masculino", "idade": "21", "rg": "40196990-SP", "dataNascimento": "13/08/1994", "cutis": "Branca"}], "idBO": "2015-120300-2475", "naturezas": [{"especie": "\u00d3bito", "descricao": "Morte suspeita"}], "flagrante": "N\u00e3o", "lon": -48.305, "dataComunicacao": "27/09/2015", "solucao": "APRECIA\u00c7\u00c3O DO DELEGADO TITULAR", "local": "RUA ERNESTA AMABEY, 1 - RECH\u00c3 - ITAPETININGA - SP", "categoria": "MORTE_ACIDENTAL", "dataOcorrencia": "27/09/2015", "examesRequisitados": "IC-IML", "idDelegacia": "120300", "numero": "2475", "dataElaboracao": "27/09/2015", "tipoLocal": "Area n\u00e3o ocupada", "lat": -23.593056, "horaComunicacao": "21:51", "tipoBoletim": "Principal", "circunscricao": "02\u00ba D.P. ITAPETININGA", "dependencia": "DEL.SEC.ITAPETININGA"}