{"horaElaboracao": "23:13", "turnoOcorrencia": "A NOITE", "partesEnvolvidas": [{"naturalidade": "S.PAULO -SP", "estadoCivil": "Solteiro", "naturezasEnvolvidas": "Morte suspeita", "tipoEnvolvimento": "V\u00edtima", "nome": "EDUARDO PEREIRA DA SILVA", "instrucao": "1 Grau completo", "profissao": "VENDEDOR(A) AMBULANTE", "sexo": "Masculino", "idade": "42", "rg": "16580871-SP", "dataNascimento": "18/11/1972", "cutis": "Branca"}], "idBO": "2015-30217-4339", "naturezas": [{"especie": "\u00d3bito", "descricao": "Morte suspeita"}], "flagrante": "N\u00e3o", "lon": -46.4954364, "dataComunicacao": "23/06/2015", "solucao": "APRECIA\u00c7\u00c3O DO DELEGADO TITULAR", "local": "ALAMEDA DOS L\u00cdRIOS, 300 - CECAP - CEP: 07190012 - GUARULHOS - SP", "categoria": "MORTE_SUBITA_NATURAL", "dataOcorrencia": "22/06/2015", "examesRequisitados": "SVO", "idDelegacia": "30217", "numero": "4339", "dataElaboracao": "23/06/2015", "tipoLocal": "Sa\u00fade", "lat": -23.4487697, "horaComunicacao": "23:09", "tipoBoletim": "Principal", "circunscricao": "03\u00ba D.P. GUARULHOS", "dependencia": "07\u00ba D.P. GUARULHOS"}