{"horaElaboracao": "23:49", "turnoOcorrencia": "EM HORA INCERTA", "partesEnvolvidas": [{"idade": "0", "naturezasEnvolvidas": "Homic\u00eddio qualificado (art. 121, \u00a72o.)", "cutis": "Outros", "sexo": "Masculino"}], "idBO": "2015-70922-4866", "naturezas": [{"especie": "T\u00edtulo I - Pessoa (arts. 121 a 154)", "descricao": "Homic\u00eddio qualificado (art. 121, \u00a72o.)"}], "flagrante": "N\u00e3o", "lon": -47.6130778, "dataComunicacao": "18/07/2015", "solucao": "ENCAMINHAMENTO DP \u00c1REA DO FATO", "local": "RODOVIA SP 135 - TUPI - PIRACICABA - SP", "categoria": "HOMICIDIO_DOLOSO", "dataOcorrencia": "18/07/2015", "examesRequisitados": "IC-IML", "idDelegacia": "70922", "numero": "4866", "dataElaboracao": "18/07/2015", "tipoLocal": "Area n\u00e3o ocupada", "lat": -22.7238567, "horaComunicacao": "23:39", "tipoBoletim": "Principal", "circunscricao": "06\u00ba D.P. PIRACICABA", "dependencia": "DEL.SEC.PIRACICABA PLANT\u00c3O"}