{"horaElaboracao": "18:50", "turnoOcorrencia": "A TARDE", "partesEnvolvidas": [{"naturalidade": "BUIQUE -PE", "estadoCivil": "Viuvo", "naturezasEnvolvidas": "Morte suspeita", "tipoEnvolvimento": "V\u00edtima", "nome": "JOSE MATIAS DE LIMA", "instrucao": "1 Grau incompleto", "profissao": "APOSENTADO(A)", "nacionalidade": "BRASILEIRA", "sexo": "Masculino", "idade": "85", "rg": "5834013-SP", "dataNascimento": "17/02/1930", "cutis": "Branca"}], "idBO": "2015-70430-1147", "naturezas": [{"especie": "\u00d3bito", "descricao": "Morte suspeita"}], "flagrante": "N\u00e3o", "lon": -46.51280999999999, "dataComunicacao": "13/10/2015", "solucao": "ENCAMINHAMENTO DP \u00c1REA DO FATO", "local": "RUA ALFREDO DEL'VIGNA, 253 - VILA NOVA JORDANIA - CEP: 07750000 - CAJAMAR - SP", "categoria": "MORTE_SUBITA_NATURAL", "dataOcorrencia": "13/10/2015", "examesRequisitados": "SVO", "idDelegacia": "70430", "numero": "1147", "dataElaboracao": "13/10/2015", "tipoLocal": "Sa\u00fade", "lat": -23.5343808, "horaComunicacao": "18:42", "tipoBoletim": "Principal", "circunscricao": "DEL.POL.CAJAMAR", "dependencia": "01\u00ba D.P. CAJAMAR"}