{"horaElaboracao": "23:24", "turnoOcorrencia": "A NOITE", "partesEnvolvidas": [{"naturalidade": "ARIRANHA -SP", "estadoCivil": "Divorciado", "naturezasEnvolvidas": "Morte suspeita", "tipoEnvolvimento": "V\u00edtima", "nome": "JOAO NATAL BROCCO", "profissao": "APOSENTADO(A)", "nacionalidade": "BRASILEIRA", "sexo": "Masculino", "idade": "59", "rg": "7901753-SP", "dataNascimento": "22/12/1955", "cutis": "Branca"}], "idBO": "2015-110708-1248", "naturezas": [{"especie": "\u00d3bito", "descricao": "Morte suspeita"}], "flagrante": "N\u00e3o", "lon": -48.9749121, "dataComunicacao": "24/02/2015", "solucao": "APRECIA\u00c7\u00c3O DO DELEGADO TITULAR", "local": "RUA AMAZONAS, 1440 - CENTRO - CEP: 15800050 - CATANDUVA - SP", "categoria": "MORTE_SUBITA_NATURAL", "dataOcorrencia": "24/02/2015", "examesRequisitados": "IC-IML", "idDelegacia": "110708", "numero": "1248", "dataElaboracao": "24/02/2015", "tipoLocal": "Resid\u00eancia", "lat": -21.146411, "horaComunicacao": "23:20", "tipoBoletim": "Principal", "circunscricao": "01\u00ba D.P. CATANDUVA", "dependencia": "DEL.SEC.CATANDUVA PLANT\u00c3O"}