{"horaElaboracao": "07:05", "turnoOcorrencia": "DE MADRUGADA", "partesEnvolvidas": [], "idBO": "2015-40203-9771", "naturezas": [{"especie": "\u00d3bito", "descricao": "Morte suspeita"}], "flagrante": "N\u00e3o", "lon": -46.2541223, "dataComunicacao": "26/12/2015", "solucao": "BO PARA INVESTIGA\u00c7\u00c3O", "local": "RUA QUINTO BERTOLDI, 40 - VILA MAIA - CEP: 11410130 - GUARUJA - SP", "categoria": "SUICIDIO_DUVIDOSO", "dataOcorrencia": "26/12/2015", "examesRequisitados": "IML", "idDelegacia": "40203", "numero": "9771", "dataElaboracao": "26/12/2015", "tipoLocal": "Sa\u00fade", "lat": -23.9899906, "horaComunicacao": "07:01", "tipoBoletim": "Principal", "circunscricao": "DEL.POL.GUARUJA", "dependencia": "DEL.POL.GUARUJA"}