{"horaElaboracao": "09:46", "turnoOcorrencia": "PELA MANH\u00c3", "partesEnvolvidas": [{"naturalidade": "PORTEIRAS -CE", "estadoCivil": "Viuvo", "naturezasEnvolvidas": "Morte suspeita", "tipoEnvolvimento": "V\u00edtima", "nome": "ANTONIA BARROS DE SANTANA", "instrucao": "Analfabeto", "nacionalidade": "BRASILEIRA", "sexo": "Feminino", "idade": "70", "rg": "9917902-SP", "dataNascimento": "11/05/1945", "cutis": "Outros"}], "idBO": "2015-40203-8335", "naturezas": [{"especie": "\u00d3bito", "descricao": "Morte suspeita"}], "flagrante": "N\u00e3o", "lon": -46.2679206, "dataComunicacao": "08/11/2015", "solucao": "BO PARA INVESTIGA\u00c7\u00c3O", "local": "AVENIDA SANTOS DUMONT, 995 - VILA SANTO ANTONIO - CEP: 11460002 - GUARUJA - SP", "categoria": "MORTE_SUBITA_NATURAL", "dataOcorrencia": "08/11/2015", "examesRequisitados": "IML", "idDelegacia": "40203", "numero": "8335", "dataElaboracao": "08/11/2015", "tipoLocal": "Sa\u00fade", "lat": -23.9833613, "horaComunicacao": "09:42", "tipoBoletim": "Principal", "circunscricao": "DEL.POL.GUARUJA", "dependencia": "DEL.POL.GUARUJA"}