{"horaElaboracao": "18:38", "turnoOcorrencia": "A TARDE", "partesEnvolvidas": [{"naturezasEnvolvidas": "Morte suspeita", "tipoEnvolvimento": "V\u00edtima", "cutis": "Outros", "nome": "DESCONHECIDA"}], "idBO": "2015-30315-304", "naturezas": [{"especie": "\u00d3bito", "descricao": "Morte suspeita"}], "flagrante": "N\u00e3o", "lon": -46.363314, "dataComunicacao": "30/07/2015", "solucao": "AGUARDANDO LAUDOS", "local": "RUA COMENDADEIRA LEILA NABHAN NAZARRO, 453 - CID KEMEL - CEP: 08575220 - ITAQUAQUECETUBA - SP", "categoria": "CADAVER_SEM_LESOES", "dataOcorrencia": "30/07/2015", "examesRequisitados": "IC-IML", "idDelegacia": "30315", "numero": "304", "dataElaboracao": "30/07/2015", "tipoLocal": "Area n\u00e3o ocupada", "lat": -23.4967274, "horaComunicacao": "18:36", "tipoBoletim": "Principal", "circunscricao": "DEL.POL.ITAQUAQUECETUBA", "dependencia": "SETOR HOM.SEC. MOGI CRUZES"}