{"horaElaboracao": "10:19", "turnoOcorrencia": "A NOITE", "partesEnvolvidas": [{"naturalidade": "AMERICANA -SP", "estadoCivil": "Solteiro", "naturezasEnvolvidas": "Homic\u00eddio simples (art. 121)", "tipoEnvolvimento": "V\u00edtima", "nome": "TAUAN FELIPE ANTUNES VENTURA DA SILVA", "profissao": "DESEMPREGADO(A)", "sexo": "Masculino", "idade": "20", "rg": "45422974-SP", "dataNascimento": "28/03/1995", "cutis": "Branca"}], "idBO": "2015-70010-7431", "nomeDelegaciaBoPrincipal": "PLANT\u00c3O", "naturezas": [{"especie": "T\u00edtulo I - Pessoa (arts. 121 a 154)", "descricao": "Homic\u00eddio simples (art. 121)"}], "flagrante": "N\u00e3o", "lon": -47.0587824, "dataComunicacao": "25/07/2015", "solucao": "BO PARA ADENDO", "numeroBoPrincipal": "7426", "categoria": "HOMICIDIO_DOLOSO", "dataOcorrencia": "24/07/2015", "examesRequisitados": "IC-IML", "idDelegacia": "70010", "numero": "7431", "tipoBoletim": "Complementar", "dataElaboracao": "25/07/2015", "tipoLocal": "Via p\u00fablica", "lat": -22.8979864, "horaComunicacao": "10:18", "anoBoPrincipal": "2015", "circunscricao": "01\u00ba D.P. CAMPINAS", "local": "AVENIDA ANCHIETA, 549 - CENTRO - CEP: 13015101 - CAMPINAS - SP", "dependencia": "PLANT\u00c3O - 01 DP CAMPINAS"}