{"horaElaboracao": "14:22", "turnoOcorrencia": "PELA MANH\u00c3", "partesEnvolvidas": [{"naturalidade": "S.PAULO -SP", "estadoCivil": "Solteiro", "naturezasEnvolvidas": "Morte suspeita", "tipoEnvolvimento": "V\u00edtima", "nome": "MARCOS CEZAR FERNANDES", "instrucao": "2 Grau completo", "profissao": "DESEMPREGADO(A)", "sexo": "Masculino", "idade": "49", "rg": "18302223-SP", "dataNascimento": "14/03/1966", "cutis": "Parda"}], "idBO": "2015-10331-1835", "naturezas": [{"especie": "\u00d3bito", "descricao": "Morte suspeita"}], "flagrante": "N\u00e3o", "lon": -46.418023, "dataComunicacao": "11/06/2015", "solucao": "AGUARDANDO LAUDOS", "local": "RUA JOAO BODIN, 120 - LAJEADO - CEP: 08431060 - S.PAULO - SP", "categoria": "MORTE_SUBITA_NATURAL", "dataOcorrencia": "11/06/2015", "examesRequisitados": "IML", "idDelegacia": "10331", "numero": "1835", "dataElaboracao": "11/06/2015", "tipoLocal": "Resid\u00eancia", "lat": -23.5344722, "horaComunicacao": "11:30", "tipoBoletim": "Principal", "circunscricao": "68\u00ba D.P. LAGEADO", "dependencia": "68\u00ba D.P. LAGEADO"}