{"categoria": "HOMICIDIO_DOLOSO", "dependencia": "01\u00ba D.P. CARAPICUIBA", "naturezas": [{"especie": "T\u00edtulo I - Pessoa (arts. 121 a 154)", "descricao": "Homic\u00eddio simples (art. 121)"}], "tipoLocal": "Via p\u00fablica", "partesEnvolvidas": [{"naturalidade": "S\u00c3O JO\u00c3O DA SERRA/PI", "estadoCivil": "Solteiro", "naturezasEnvolvidas": "Homic\u00eddio simples (art. 121)", "tipoEnvolvimento": "V\u00edtima", "nome": "BARTOLOMEU DA SILVA", "instrucao": "1 Grau incompleto", "cutis": "Branca", "idade": "37", "rg": "46223695-MA", "dataNascimento": "24/08/1977"}], "dataOcorrencia": "07/02/2015", "lon": -46.8508516, "idDelegacia": "30427", "horaElaboracao": "20:49", "flagrante": "N\u00e3o", "numero": "1429", "dataComunicacao": "07/02/2015", "dataElaboracao": "07/02/2015", "tipoBoletim": "Principal", "turnoOcorrencia": "A TARDE", "idBO": "2015-30427-1429", "solucao": "BO PARA INVESTIGA\u00c7\u00c3O", "lat": -23.5617349, "horaComunicacao": "20:46", "local": "RUA P\u00c9ROLA DO OESTE - ANA ESTELA - CARAPICUIBA - SP", "circunscricao": "02\u00ba D.P. CARAPICUIBA"}