{"horaElaboracao": "08:48", "turnoOcorrencia": "PELA MANH\u00c3", "partesEnvolvidas": [{"tipoEnvolvimento": "V\u00edtima", "nome": "PESSOA NAO IDENTIFICADA", "cutis": "Parda", "sexo": "Masculino", "idade": "0", "naturezasEnvolvidas": "Homic\u00eddio simples (art. 121)"}], "idBO": "2015-50308-13822", "naturezas": [{"especie": "T\u00edtulo I - Pessoa (arts. 121 a 154)", "descricao": "Homic\u00eddio simples (art. 121)"}], "flagrante": "N\u00e3o", "lon": -46.6810035, "dataComunicacao": "29/11/2015", "solucao": "APRECIA\u00c7\u00c3O DO DELEGADO TITULAR", "local": "ACESSO CONDOMINIO COPACABANA KM 01 - ZONA RURAL - ARACATUBA - SP", "categoria": "HOMICIDIO_DOLOSO", "dataOcorrencia": "29/11/2015", "examesRequisitados": "IC-IML", "idDelegacia": "50308", "numero": "13822", "dataElaboracao": "29/11/2015", "tipoLocal": "Via p\u00fablica", "lat": -23.6570813, "horaComunicacao": "08:41", "tipoBoletim": "Principal", "circunscricao": "01\u00ba D.P. ARA\u00c7ATUBA", "dependencia": "DEL.SEC.ARA\u00c7ATUBA PLANT\u00c3O"}