{"horaElaboracao": "21:07", "turnoOcorrencia": "A NOITE", "partesEnvolvidas": [{"naturalidade": "ASSIS -SP", "estadoCivil": "Solteiro", "naturezasEnvolvidas": "Morte suspeita", "tipoEnvolvimento": "V\u00edtima", "nome": "GABRIEL HENRIQUE DE ALMEIDA", "instrucao": "1 Grau completo", "nacionalidade": "BRASILEIRA", "sexo": "Masculino", "idade": "26", "rg": "44476864-SP", "dataNascimento": "17/03/1989", "cutis": "Branca"}], "idBO": "2015-80506-1630", "naturezas": [{"especie": "\u00d3bito", "descricao": "Morte suspeita"}], "flagrante": "N\u00e3o", "lon": -46.4617131, "dataComunicacao": "01/08/2015", "solucao": "APRECIA\u00c7\u00c3O DO DELEGADO TITULAR", "local": "RIO RODOVIA SP 270, 1 - ZONA RURAL - CEP: 19800000 - ASSIS - SP", "categoria": "MORTE_SUBITA_NATURAL", "dataOcorrencia": "01/08/2015", "examesRequisitados": "IC-IML", "idDelegacia": "80506", "numero": "1630", "dataElaboracao": "01/08/2015", "tipoLocal": "Rodovia/Estrada", "lat": -23.559813, "horaComunicacao": "21:03", "tipoBoletim": "Principal", "circunscricao": "01\u00ba D.P. ASSIS", "dependencia": "DEL.SEC.ASSIS PLANT\u00c3O"}