{"horaElaboracao": "10:57", "turnoOcorrencia": "PELA MANH\u00c3", "partesEnvolvidas": [{"idade": "87", "naturezasEnvolvidas": "Morte natural", "dataNascimento": "26/11/1928", "cutis": "Branca", "sexo": "Feminino"}], "idBO": "2015-10370-2464", "naturezas": [{"especie": "\u00d3bito", "descricao": "Morte natural"}], "flagrante": "N\u00e3o", "lon": -46.6449685, "dataComunicacao": "07/12/2015", "solucao": "AGUARDANDO LAUDOS", "local": "AVENIDA FRANCISCO DE PAULA QUINTANILHA R, 860 - JABAQUARA - CEP: 04330020 - S.PAULO - SP", "categoria": "MORTE_SUBITA_NATURAL", "dataOcorrencia": "02/12/2015", "examesRequisitados": "IML", "idDelegacia": "10370", "numero": "2464", "dataElaboracao": "07/12/2015", "tipoLocal": "Sa\u00fade", "lat": -23.6536939, "horaComunicacao": "10:38", "tipoBoletim": "Principal", "circunscricao": "97\u00ba D.P. AMERICANOPOLIS", "dependencia": "97\u00ba D.P. AMERICANOPOLIS"}