{"categoria": "MORTE_SUBITA_NATURAL", "dependencia": "44\u00ba D.P. GUAIANAZES", "naturezas": [{"especie": "\u00d3bito", "descricao": "Morte suspeita"}], "tipoLocal": "Sa\u00fade", "partesEnvolvidas": [{"tipoEnvolvimento": "V\u00edtima", "nome": "DESCONHECIDO", "cutis": "Branca", "sexo": "Masculino", "idade": "0", "naturezasEnvolvidas": "Morte suspeita"}], "dataOcorrencia": "25/04/2015", "lon": -46.4054641, "idDelegacia": "20244", "horaElaboracao": "10:38", "flagrante": "N\u00e3o", "numero": "2072", "dataComunicacao": "29/04/2015", "dataElaboracao": "29/04/2015", "tipoBoletim": "Principal", "turnoOcorrencia": "DE MADRUGADA", "idBO": "2015-20244-2072", "solucao": "AGUARDANDO LAUDOS", "lat": -23.5529527, "horaComunicacao": "10:34", "local": "AVENIDA MIGUEL ACHIOLE DA FONSECA, 1092 - GUAIANASES - CEP: 08461110 - S.PAULO - SP", "circunscricao": "44\u00ba D.P. GUAIANAZES"}