{"horaElaboracao": "12:38", "turnoOcorrencia": "PELA MANH\u00c3", "partesEnvolvidas": [{"tipoEnvolvimento": "V\u00edtima", "nome": "LINALDO QUEIROZ DO NASCIMENTO", "cutis": "Outros", "sexo": "Masculino", "idade": "0", "naturezasEnvolvidas": "Morte suspeita"}], "idBO": "2015-40232-29", "naturezas": [{"especie": "\u00d3bito", "descricao": "Morte suspeita"}], "flagrante": "N\u00e3o", "lon": -46.3558332, "dataComunicacao": "02/01/2015", "solucao": "BO PARA INVESTIGA\u00c7\u00c3O", "local": "RUA PEDRO BORGES GON\u00c7ALVES, 15 - JOSE MENINO - SANTOS - SP", "categoria": "MORTE_SUBITA_NATURAL", "dataOcorrencia": "02/01/2015", "examesRequisitados": "IML", "idDelegacia": "40232", "numero": "29", "dataElaboracao": "02/01/2015", "tipoLocal": "Resid\u00eancia", "lat": -23.9676497, "horaComunicacao": "12:25", "tipoBoletim": "Principal", "circunscricao": "07\u00ba D.P. SANTOS", "dependencia": "07\u00ba D.P. SANTOS"}