{"horaElaboracao": "10:07", "turnoOcorrencia": "EM HORA INCERTA", "partesEnvolvidas": [], "idBO": "2015-110708-3625", "naturezas": [{"especie": "T\u00edtulo I - Pessoa (arts. 121 a 154)", "descricao": "Les\u00e3o corporal (art. 129)"}], "flagrante": "N\u00e3o", "lon": -48.9757751, "dataComunicacao": "05/06/2015", "solucao": "ENCAMINHAMENTO DP \u00c1REA DO FATO", "local": "RUA BELEM, 519 - CENTRO - CATANDUVA - SP", "categoria": "MORTE_SUBITA_NATURAL", "dataOcorrencia": "21/05/2015", "examesRequisitados": "IC", "idDelegacia": "110708", "numero": "3625", "dataElaboracao": "05/06/2015", "tipoLocal": "Resid\u00eancia", "lat": -21.1406385, "horaComunicacao": "10:01", "tipoBoletim": "Principal", "circunscricao": "01\u00ba D.P. CATANDUVA", "dependencia": "DEL.SEC.CATANDUVA PLANT\u00c3O"}