{"horaElaboracao": "05:07", "turnoOcorrencia": "DE MADRUGADA", "partesEnvolvidas": [{"naturalidade": "S.JOSE DA BOA VISTA -PR", "estadoCivil": "Convivente", "naturezasEnvolvidas": "Morte suspeita", "tipoEnvolvimento": "V\u00edtima", "nome": "ANTONIO LOURIVAL DOS SANTOS", "instrucao": "1 Grau completo", "profissao": "LAVRADOR(A)", "nacionalidade": "BRASILEIRA", "sexo": "Masculino", "idade": "50", "rg": "26614742-SP", "dataNascimento": "01/09/1964", "cutis": "Parda"}], "idBO": "2015-70504-1012", "naturezas": [{"especie": "\u00d3bito", "descricao": "Morte suspeita"}], "flagrante": "N\u00e3o", "lon": -47.50304029999999, "dataComunicacao": "17/05/2015", "solucao": "BO PARA INVESTIGA\u00c7\u00c3O", "local": "RUA REGENTE FEIJO, 778 - CENTRO - CEP: 13360000 - CAPIVARI - SP", "categoria": "MORTE_SUBITA_NATURAL", "dataOcorrencia": "17/05/2015", "examesRequisitados": "IML", "idDelegacia": "70504", "numero": "1012", "dataElaboracao": "17/05/2015", "tipoLocal": "Sa\u00fade", "lat": -22.9951744, "horaComunicacao": "04:55", "tipoBoletim": "Principal", "circunscricao": "DEL.POL.CAPIVARI", "dependencia": "DEL.POL.CAPIVARI"}