{"horaElaboracao": "00:31", "turnoOcorrencia": "A NOITE", "partesEnvolvidas": [{"naturalidade": "S.PAULO -SP", "estadoCivil": "Solteiro", "naturezasEnvolvidas": "Morte suspeita", "tipoEnvolvimento": "V\u00edtima", "nome": "SERGIO CAIUBY NOVAES", "instrucao": "Superior completo", "profissao": "EMPRESARIO(A)", "nacionalidade": "BRASILEIRA", "sexo": "Masculino", "idade": "84", "rg": "1156970-SP", "dataNascimento": "06/01/1931", "cutis": "Branca"}], "idBO": "2015-10342-5050", "naturezas": [{"especie": "\u00d3bito", "descricao": "Morte suspeita"}], "flagrante": "N\u00e3o", "lon": -46.65561719999999, "dataComunicacao": "13/06/2015", "solucao": "ENCAMINHAMENTO DP \u00c1REA DO FATO", "local": "RUA PEIXOTO GOMIDE, 625 - BELA VISTA - CEP: 01409001 - S.PAULO - SP", "categoria": "MORTE_SUBITA_NATURAL", "dataOcorrencia": "12/06/2015", "examesRequisitados": "IML", "idDelegacia": "10342", "numero": "5050", "dataElaboracao": "13/06/2015", "tipoLocal": "Sa\u00fade", "lat": -23.5595774, "horaComunicacao": "00:27", "tipoBoletim": "Principal", "circunscricao": "04\u00ba D.P. CONSOLA\u00c7\u00c3O", "dependencia": "78\u00ba D.P. JARDINS"}