{"horaElaboracao": "18:17", "turnoOcorrencia": "A TARDE", "partesEnvolvidas": [{"naturalidade": "S\u00c3O PAULO -SP", "naturezasEnvolvidas": "Morte suspeita", "tipoEnvolvimento": "V\u00edtima", "nome": "BEATRIZ SOARES DOS SANTOS LINS", "nacionalidade": "BRASILEIRA", "sexo": "Feminino", "idade": "0", "dataNascimento": "05/08/2015", "cutis": "Branca"}], "idBO": "2015-20244-4203", "naturezas": [{"especie": "\u00d3bito", "descricao": "Morte suspeita"}], "flagrante": "N\u00e3o", "lon": -46.4054641, "dataComunicacao": "11/08/2015", "solucao": "AGUARDANDO LAUDOS", "local": "AVENIDA MIGUEL ACHIOLE DA FONSECA, 1092 - GUAIANASES - CEP: 08461110 - S.PAULO - SP", "categoria": "MORTE_SUBITA_NATURAL", "dataOcorrencia": "11/08/2015", "examesRequisitados": "IML", "idDelegacia": "20244", "numero": "4203", "dataElaboracao": "11/08/2015", "tipoLocal": "Sa\u00fade", "lat": -23.5529527, "horaComunicacao": "17:53", "tipoBoletim": "Principal", "circunscricao": "44\u00ba D.P. GUAIANAZES", "dependencia": "44\u00ba D.P. GUAIANAZES"}