{"horaElaboracao": "16:49", "turnoOcorrencia": "EM HORA INCERTA", "partesEnvolvidas": [{"naturalidade": "TANABI -SP", "estadoCivil": "Solteiro", "naturezasEnvolvidas": "Morte suspeita", "tipoEnvolvimento": "V\u00edtima", "nome": "MARI LOURDES MOURA BENICCHIO", "instrucao": "Superior completo", "nacionalidade": "BRASILEIRA", "sexo": "Feminino", "idade": "72", "rg": "3770671-SP", "dataNascimento": "07/11/1942", "cutis": "Branca"}], "idBO": "2015-10330-1605", "naturezas": [{"especie": "\u00d3bito", "descricao": "Morte suspeita"}], "flagrante": "N\u00e3o", "lon": -46.67900400000001, "dataComunicacao": "22/02/2015", "solucao": "BO PARA REGISTRO", "local": "RUA BERNARDINO DE CAMPOS, 731 - CAMPO BELO - CEP: 04620002 - S.PAULO - SP", "categoria": "MORTE_SUBITA_NATURAL", "dataOcorrencia": "22/02/2015", "examesRequisitados": "IC-IML", "idDelegacia": "10330", "numero": "1605", "dataElaboracao": "22/02/2015", "tipoLocal": "Resid\u00eancia", "lat": -23.6258649, "horaComunicacao": "16:43", "tipoBoletim": "Principal", "circunscricao": "27\u00ba D.P. IBIRAPUERA", "dependencia": "27\u00ba D.P. IBIRAPUERA"}