{"horaElaboracao": "14:03", "turnoOcorrencia": "A TARDE", "partesEnvolvidas": [{"naturalidade": "SAO PAULO", "naturezasEnvolvidas": "Homic\u00eddio simples (art. 121)", "tipoEnvolvimento": "V\u00edtima", "nome": "JOSUE FERRACINI", "profissao": "POLICIAL MILITAR", "nacionalidade": "BRASILEIRA", "sexo": "Masculino", "idade": "48", "rg": "19739467-SP", "dataNascimento": "05/05/1967", "cutis": "Branca"}], "idBO": "2015-20120-5760", "naturezas": [{"especie": "T\u00edtulo I - Pessoa (arts. 121 a 154)", "descricao": "Homic\u00eddio simples (art. 121)"}, {"especie": "T\u00edtulo XI - Administra\u00e7\u00e3o p\u00fablica (arts. 312 a 359-H)", "descricao": "Resist\u00eancia (art. 329)"}], "flagrante": "N\u00e3o", "lon": -46.62109299999999, "dataComunicacao": "24/05/2015", "solucao": "ENCAMINHAMENTO DP \u00c1REA DO FATO", "local": "RUA JOVITA, 306 - SANTANA - CEP: 02036001 - S.PAULO - SP", "categoria": "HOMICIDIO_DOLOSO", "dataOcorrencia": "24/05/2015", "examesRequisitados": "IC-IML", "idDelegacia": "20120", "numero": "5760", "dataElaboracao": "24/05/2015", "tipoLocal": "Via p\u00fablica", "lat": -23.5018514, "horaComunicacao": "14:01", "tipoBoletim": "Principal", "circunscricao": "09\u00ba D.P. - CARANDIRU", "dependencia": "20\u00ba D.P. AGUA FRIA"}