{"horaElaboracao": "18:03", "turnoOcorrencia": "A TARDE", "partesEnvolvidas": [{"naturalidade": "COARACI -BA", "estadoCivil": "Casado", "naturezasEnvolvidas": "Homic\u00eddio simples (art. 121)", "tipoEnvolvimento": "V\u00edtima", "nome": "ELIA MARIA MAIA RIBEIRO", "instrucao": "1 Grau completo", "profissao": "EMPREGADO DOMESTICO", "nacionalidade": "BRASILEIRA", "sexo": "Feminino", "idade": "51", "rg": "21534305-SP", "dataNascimento": "13/12/1963", "cutis": "Branca"}], "idBO": "2015-30304-567", "naturezas": [{"especie": "T\u00edtulo I - Pessoa (arts. 121 a 154)", "descricao": "Homic\u00eddio simples (art. 121)"}, {"especie": "T\u00edtulo I - Pessoa (arts. 121 a 154)", "descricao": "Homic\u00eddio simples (art. 121)"}], "flagrante": "N\u00e3o", "lon": -46.4061721, "dataComunicacao": "24/01/2015", "solucao": "ENCAMINHAMENTO DP \u00c1REA DO FATO", "local": "RUA UM, 35 - JARDIM MORADA FELIZ - ITAQUAQUECETUBA - SP", "categoria": "HOMICIDIO_DOLOSO", "dataOcorrencia": "24/01/2015", "examesRequisitados": "IC-IML", "idDelegacia": "30304", "numero": "567", "dataElaboracao": "24/01/2015", "tipoLocal": "Resid\u00eancia", "lat": -23.5777276, "horaComunicacao": "17:59", "tipoBoletim": "Principal", "circunscricao": "01\u00ba D.P. ITAQUAQUECETUBA", "dependencia": "DEL.POL.ITAQUAQUECETUBA"}