{"horaElaboracao": "20:49", "turnoOcorrencia": "A NOITE", "partesEnvolvidas": [{"naturalidade": "S.ANDRE -SP", "estadoCivil": "Solteiro", "naturezasEnvolvidas": "Morte suspeita", "tipoEnvolvimento": "V\u00edtima", "nome": "DIONE BREDA", "instrucao": "1 Grau completo", "nacionalidade": "BRASILEIRA", "sexo": "Masculino", "idade": "54", "rg": "13637668-SP", "dataNascimento": "15/03/1961", "cutis": "Branca"}], "idBO": "2015-30102-1482", "naturezas": [{"especie": "\u00d3bito", "descricao": "Morte suspeita"}], "flagrante": "N\u00e3o", "lon": -46.5166541, "dataComunicacao": "16/03/2015", "solucao": "ENCAMINHAMENTO DP \u00c1REA DO FATO", "local": "RUA ANHANDU, 108 - VILA LINDA - CEP: 09175650 - S.ANDRE - SP", "categoria": "MORTE_SUBITA_NATURAL", "dataOcorrencia": "16/03/2015", "examesRequisitados": "SVO", "idDelegacia": "30102", "numero": "1482", "dataElaboracao": "16/03/2015", "tipoLocal": "Resid\u00eancia", "lat": -23.6856325, "horaComunicacao": "20:45", "tipoBoletim": "Principal", "circunscricao": "03\u00ba D.P. SANTO ANDR\u00c9", "dependencia": "01\u00ba D.P. SANTO ANDR\u00c9"}