{"categoria": "MORTE_ACIDENTAL", "dependencia": "14\u00ba D.P. PINHEIROS", "naturezas": [{"especie": "\u00d3bito", "descricao": "Morte suspeita"}], "tipoLocal": "Sa\u00fade", "partesEnvolvidas": [{"naturalidade": "SEABRA", "estadoCivil": "Solteiro", "naturezasEnvolvidas": "Morte suspeita", "tipoEnvolvimento": "V\u00edtima", "nome": "MARINALDO MENDES", "instrucao": "1 Grau completo", "profissao": "AJUDANTE GERAL", "nacionalidade": "BRASILEIRA", "sexo": "Masculino", "idade": "28", "rg": "1449056393-BA", "dataNascimento": "26/03/1987", "cutis": "Branca"}], "dataOcorrencia": "30/03/2015", "lon": -46.6704365, "idDelegacia": "10314", "horaElaboracao": "13:48", "flagrante": "N\u00e3o", "numero": "2816", "dataComunicacao": "01/04/2015", "dataElaboracao": "01/04/2015", "tipoBoletim": "Principal", "turnoOcorrencia": "A TARDE", "idBO": "2015-10314-2816", "solucao": "ENCAMINHAMENTO DP \u00c1REA DO FATO", "lat": -23.5567923, "horaComunicacao": "13:37", "local": "AVENIDA DOUTOR ENEAS CARVALHO DE AGUIAR, 255 - JARDIM PAULISTA - CEP: 05403000 - S.PAULO - SP", "circunscricao": "14\u00ba D.P. PINHEIROS"}