{"horaElaboracao": "17:35", "turnoOcorrencia": "A TARDE", "partesEnvolvidas": [{"naturalidade": "JABOTICABAL -SP", "estadoCivil": "Solteiro", "naturezasEnvolvidas": "Morte suspeita", "tipoEnvolvimento": "V\u00edtima", "nome": "BRUNO COSTA VAZ DE SOUZA", "instrucao": "1 Grau completo", "nacionalidade": "BRASILEIRA", "sexo": "Masculino", "idade": "16", "rg": "58777768-SP", "dataNascimento": "01/02/1998", "cutis": "Preta"}], "idBO": "2015-100601-15", "naturezas": [{"especie": "\u00d3bito", "descricao": "Morte suspeita"}], "flagrante": "N\u00e3o", "lon": -46.7678014, "dataComunicacao": "12/01/2015", "solucao": "AGUARDANDO LAUDOS", "local": "RUA GILBERTO TRISOGLIO, 80 - JD MARIANA - CEP: 14870000 - JABOTICABAL - SP", "categoria": "MORTE_SUBITA_NATURAL", "dataOcorrencia": "12/01/2015", "examesRequisitados": "IC-IML", "idDelegacia": "100601", "numero": "15", "dataElaboracao": "12/01/2015", "tipoLocal": "Resid\u00eancia", "lat": -23.6807439, "horaComunicacao": "17:26", "tipoBoletim": "Principal", "circunscricao": "01\u00ba D.P. JABOTICABAL", "dependencia": "01\u00ba D.P. JABOTICABAL"}