{"horaElaboracao": "19:51", "turnoOcorrencia": "A NOITE", "partesEnvolvidas": [{"naturalidade": "RIBEIRAO PRETO -SP", "estadoCivil": "Solteiro", "naturezasEnvolvidas": "Morte suspeita", "tipoEnvolvimento": "V\u00edtima", "nome": "TIAGO CASEMIRO PHELIPPE", "instrucao": "2 Grau completo", "nacionalidade": "BRASILEIRA", "sexo": "Masculino", "idade": "31", "rg": "41800910-SP", "dataNascimento": "26/11/1983", "cutis": "Preta"}], "idBO": "2015-100919-521", "naturezas": [{"especie": "\u00d3bito", "descricao": "Morte suspeita"}], "flagrante": "N\u00e3o", "lon": -47.8083031, "dataComunicacao": "07/01/2015", "solucao": "ENCAMINHAMENTO DP \u00c1REA DO FATO", "local": "RUA BERNARDINO DE CAMPOS, 1000 - CENTRO - RIBEIRAO PRETO - SP", "categoria": "MORTE_ACIDENTAL", "dataOcorrencia": "07/01/2015", "examesRequisitados": "IML", "idDelegacia": "100919", "numero": "521", "dataElaboracao": "07/01/2015", "tipoLocal": "Sa\u00fade", "lat": -21.1853018, "horaComunicacao": "19:37", "tipoBoletim": "Principal", "circunscricao": "01\u00ba D.P. RIBEIRAO PRETO", "dependencia": "CENTRAL POL. JUD. RIB. PRETO"}