{"horaElaboracao": "14:54", "turnoOcorrencia": "PELA MANH\u00c3", "partesEnvolvidas": [{"naturalidade": "SAO PAULO/SP", "naturezasEnvolvidas": "Morte suspeita", "tipoEnvolvimento": "V\u00edtima", "nome": "GUSTAVO LEIDON SAMPAIO MATOS", "nacionalidade": "BRASILEIRA", "sexo": "Masculino", "idade": "0", "dataNascimento": "15/06/2015", "cutis": "Branca"}], "idBO": "2015-20250-9671", "naturezas": [{"especie": "\u00d3bito", "descricao": "Morte suspeita"}], "flagrante": "N\u00e3o", "lon": -46.4034702, "dataComunicacao": "06/09/2015", "solucao": "AGUARDANDO LAUDOS", "local": "RUA CABO JOSE TEIXEIRA, 189 - LAJEADO - CEP: 08451010 - S.PAULO - SP", "categoria": "MORTE_SUBITA_NATURAL", "dataOcorrencia": "06/09/2015", "examesRequisitados": "IML", "idDelegacia": "20250", "numero": "9671", "dataElaboracao": "06/09/2015", "tipoLocal": "Sa\u00fade", "lat": -23.5384166, "horaComunicacao": "14:43", "tipoBoletim": "Principal", "circunscricao": "68\u00ba D.P. LAGEADO", "dependencia": "50\u00ba D.P. ITAIM PAULISTA"}