{"horaElaboracao": "01:56", "turnoOcorrencia": "A NOITE", "partesEnvolvidas": [{"naturalidade": "S.PAULO -SP", "estadoCivil": "Casado", "naturezasEnvolvidas": "Homic\u00eddio simples (art. 121)", "tipoEnvolvimento": "V\u00edtima", "nome": "EDSON ELIAS DE SOUZA", "instrucao": "2 Grau completo", "profissao": "VENDEDOR(A)", "nacionalidade": "BRASILEIRA", "sexo": "Masculino", "idade": "32", "rg": "43240328-SP", "dataNascimento": "26/02/1983", "cutis": "Branca"}], "idBO": "2015-10374-10340", "naturezas": [{"especie": "T\u00edtulo I - Pessoa (arts. 121 a 154)", "descricao": "Homic\u00eddio simples (art. 121)"}, {"especie": "T\u00edtulo I - Pessoa (arts. 121 a 154)", "descricao": "Homic\u00eddio simples (art. 121)"}], "flagrante": "N\u00e3o", "lon": -46.7049824, "dataComunicacao": "12/11/2015", "solucao": "ENCAMINHAMENTO DP \u00c1REA DO FATO", "local": "RUA LUIGI CARUSO, 59 - PARELHEIROS - CEP: 04884080 - S.PAULO - SP", "categoria": "HOMICIDIO_DOLOSO", "dataOcorrencia": "11/11/2015", "examesRequisitados": "IC-IML", "idDelegacia": "10374", "numero": "10340", "dataElaboracao": "12/11/2015", "tipoLocal": "Via p\u00fablica", "lat": -23.8175802, "horaComunicacao": "01:54", "tipoBoletim": "Principal", "circunscricao": "25\u00ba D.P. PARELHEIROS", "dependencia": "101\u00ba D.P. JDIM IMBUIAS"}