{"horaElaboracao": "08:31", "turnoOcorrencia": "DE MADRUGADA", "partesEnvolvidas": [{"naturalidade": "S.PAULO -SP", "estadoCivil": "Solteiro", "naturezasEnvolvidas": "Morte suspeita", "tipoEnvolvimento": "V\u00edtima", "nome": "DANILO BRAGA PEREIRA CHIBA", "instrucao": "1 Grau completo", "profissao": "DESEMPREGADO(A)", "nacionalidade": "BRASILEIRA", "sexo": "Masculino", "idade": "24", "rg": "47183214-SP", "dataNascimento": "26/02/1991", "cutis": "Branca"}], "idBO": "2015-30404-1601", "naturezas": [{"especie": "\u00d3bito", "descricao": "Morte suspeita"}], "flagrante": "N\u00e3o", "lon": -46.8071191, "dataComunicacao": "04/05/2015", "solucao": "ENCAMINHAMENTO DP \u00c1REA DO FATO", "local": "RUA S\u00c3O LUCAS, 19 - PIRAJUSSARA - CEP: 06814310 - EMBU - SP", "categoria": "MORTE_SUBITA_NATURAL", "dataOcorrencia": "04/05/2015", "examesRequisitados": "IML", "idDelegacia": "30404", "numero": "1601", "dataElaboracao": "04/05/2015", "tipoLocal": "Sa\u00fade", "lat": -23.6588851, "horaComunicacao": "08:25", "tipoBoletim": "Principal", "circunscricao": "01\u00ba D.P. EMBU DAS ARTES", "dependencia": "DEL.POL.EMBU DAS ARTES"}