{"categoria": "MORTE_SUBITA_NATURAL", "dependencia": "DEL.POL.PLANT\u00c3O VOTORANTIM", "naturezas": [{"especie": "\u00d3bito", "descricao": "Morte suspeita"}], "tipoLocal": "Via p\u00fablica", "partesEnvolvidas": [{"naturalidade": "RIBEIRAO DO PINHAL -PR", "estadoCivil": "Solteiro", "naturezasEnvolvidas": "Morte suspeita", "tipoEnvolvimento": "V\u00edtima", "nome": "DELOIR MESSIAS", "instrucao": "1 Grau completo", "profissao": "SERVENTE", "sexo": "Masculino", "idade": "57", "rg": "16565125-SP", "dataNascimento": "01/05/1958", "cutis": "Branca"}], "dataOcorrencia": "22/05/2015", "lon": -47.4404668, "idDelegacia": "120611", "horaElaboracao": "22:37", "flagrante": "N\u00e3o", "numero": "1179", "dataComunicacao": "22/05/2015", "dataElaboracao": "22/05/2015", "tipoBoletim": "Principal", "turnoOcorrencia": "A NOITE", "idBO": "2015-120611-1179", "solucao": "ENCAMINHAMENTO DP \u00c1REA DO FATO", "lat": -23.5279582, "horaComunicacao": "22:34", "local": "AVENIDA OT\u00c1VIO AUGUSTO RANGEL, 849 - AREA RURAL - CEP: 18112055 - VOTORANTIM - SP", "circunscricao": "02\u00ba D.P. VOTORANTIM"}