{"horaElaboracao": "09:18", "turnoOcorrencia": "PELA MANH\u00c3", "partesEnvolvidas": [{"naturalidade": "PONTAL -SP", "estadoCivil": "Convivente", "naturezasEnvolvidas": "Morte suspeita", "tipoEnvolvimento": "V\u00edtima", "nome": "ZURLANDIS RODRIGUES PINHEIRO", "instrucao": "1 Grau completo", "profissao": "PEDREIRO", "nacionalidade": "BRASILEIRA", "sexo": "Masculino", "idade": "45", "rg": "22361247-SP", "dataNascimento": "04/07/1970", "cutis": "Parda"}], "idBO": "2015-100437-1720", "naturezas": [{"especie": "\u00d3bito", "descricao": "Morte suspeita"}], "flagrante": "N\u00e3o", "lon": -48.2157498, "dataComunicacao": "06/12/2015", "solucao": "BO PARA REGISTRO", "local": "RUA IGUA\u00c7U, 510 - JARDIM SANTO ANTONIO - CEP: 14750000 - PITANGUEIRAS - SP", "categoria": "MORTE_SUBITA_NATURAL", "dataOcorrencia": "06/12/2015", "examesRequisitados": "IML", "idDelegacia": "100437", "numero": "1720", "dataElaboracao": "06/12/2015", "tipoLocal": "Sa\u00fade", "lat": -21.0132033, "horaComunicacao": "09:15", "tipoBoletim": "Principal", "circunscricao": "DEL.POL.PITANGUEIRAS", "dependencia": "DEL.POL.PITANGUEIRAS"}