{"horaElaboracao": "11:44", "turnoOcorrencia": "PELA MANH\u00c3", "partesEnvolvidas": [{"naturalidade": "BOTUCATU -SP", "estadoCivil": "Casado", "naturezasEnvolvidas": "Morte suspeita", "tipoEnvolvimento": "V\u00edtima", "nome": "JOAO AGAPITO", "instrucao": "1 Grau completo", "nacionalidade": "BRASILEIRA", "sexo": "Masculino", "idade": "94", "rg": "12286071-SP", "dataNascimento": "27/05/1921", "cutis": "Branca"}], "idBO": "2015-120215-1040", "naturezas": [{"especie": "\u00d3bito", "descricao": "Morte suspeita"}], "flagrante": "N\u00e3o", "lon": -48.491389, "dataComunicacao": "26/11/2015", "solucao": "APRECIA\u00c7\u00c3O DO DELEGADO TITULAR", "local": "DISTRITO RUBI\u00c3O JUNIOR - RUBI\u00c3O JUNIOR - BOTUCATU - SP", "categoria": "MORTE_ACIDENTAL", "dataOcorrencia": "26/11/2015", "examesRequisitados": "IML", "idDelegacia": "120215", "numero": "1040", "dataElaboracao": "26/11/2015", "tipoLocal": "Sa\u00fade", "lat": -22.898056, "horaComunicacao": "11:35", "tipoBoletim": "Principal", "circunscricao": "02\u00ba D.P. BOTUCATU", "dependencia": "02\u00ba D.P. BOTUCATU"}