{"categoria": "MORTE_ACIDENTAL", "dependencia": "98\u00ba D.P. JARDIM MIRIAM", "naturezas": [{"especie": "\u00d3bito", "descricao": "Morte suspeita"}], "tipoLocal": "Via p\u00fablica", "partesEnvolvidas": [{"naturalidade": "BOM JESUS DA LAPA -BA", "estadoCivil": "Solteiro", "naturezasEnvolvidas": "Morte suspeita", "tipoEnvolvimento": "V\u00edtima", "nome": "MARLENO RESENDE PINTO", "instrucao": "1 Grau completo", "profissao": "PINTOR DE PAREDES", "nacionalidade": "BRASILEIRA", "sexo": "Masculino", "idade": "37", "rg": "28309848-SP", "dataNascimento": "19/12/1977", "cutis": "Parda"}], "dataOcorrencia": "16/07/2015", "lon": -46.6566541, "idDelegacia": "10371", "horaElaboracao": "00:15", "flagrante": "N\u00e3o", "numero": "5656", "dataComunicacao": "17/07/2015", "dataElaboracao": "17/07/2015", "tipoBoletim": "Principal", "turnoOcorrencia": "A NOITE", "idBO": "2015-10371-5656", "solucao": "APRECIA\u00c7\u00c3O DO DELEGADO TITULAR", "lat": -23.6708586, "horaComunicacao": "00:09", "local": "SEM TIPO MARIA TERESA, 196 - CIDADE ADEMAR - CEP: 04421220 - S.PAULO - SP", "circunscricao": "98\u00ba D.P. JARDIM MIRIAM"}