{"horaElaboracao": "02:36", "turnoOcorrencia": "A NOITE", "partesEnvolvidas": [{"naturalidade": "MOGI DAS CRUZES -SP", "estadoCivil": "Casado", "naturezasEnvolvidas": "Morte suspeita", "tipoEnvolvimento": "V\u00edtima", "nome": "ANTONIO LUIZ DE SOUZA", "instrucao": "1 Grau completo", "profissao": "MOTORISTA", "sexo": "Masculino", "idade": "61", "rg": "21942089-SP", "dataNascimento": "05/07/1954", "cutis": "Branca"}], "idBO": "2015-30307-4054", "naturezas": [{"especie": "\u00d3bito", "descricao": "Morte suspeita"}], "flagrante": "N\u00e3o", "lon": -46.6656936, "dataComunicacao": "20/09/2015", "solucao": "APRECIA\u00c7\u00c3O DO DELEGADO TITULAR", "local": "RUA SAO GERALDO, 76 - PQ S\u00c3O MARTINHO - CEP: 08763170 - MOGI DAS CRUZES - SP", "categoria": "MORTE_SUBITA_NATURAL", "dataOcorrencia": "19/09/2015", "examesRequisitados": "IML", "idDelegacia": "30307", "numero": "4054", "dataElaboracao": "20/09/2015", "tipoLocal": "Resid\u00eancia", "lat": -23.5330366, "horaComunicacao": "02:34", "tipoBoletim": "Principal", "circunscricao": "04\u00ba D.P. MOGI DAS CRUZES", "dependencia": "02\u00ba D.P. MOGI DAS CRUZES"}