{"categoria": "MORTE_ACIDENTAL", "dependencia": "CENTRAL POL. JUD. JA\u00da", "naturezas": [{"especie": "\u00d3bito", "descricao": "Morte suspeita"}], "tipoLocal": "Sa\u00fade", "partesEnvolvidas": [{"naturalidade": "NAO INFORMADA(MOT=ACERVO)", "naturezasEnvolvidas": "Morte suspeita", "tipoEnvolvimento": "V\u00edtima", "nome": "SEBASTIAO SALVIANO DA SILVEIRA", "nacionalidade": "BRASILEIRA", "cutis": "Branca", "idade": "56", "rg": "12950674-SP", "dataNascimento": "18/11/1958"}], "dataOcorrencia": "09/01/2015", "lon": -48.56201979999999, "idDelegacia": "60406", "horaElaboracao": "11:33", "flagrante": "N\u00e3o", "numero": "190", "dataComunicacao": "09/01/2015", "dataElaboracao": "09/01/2015", "tipoBoletim": "Principal", "turnoOcorrencia": "PELA MANH\u00c3", "idBO": "2015-60406-190", "solucao": "BO PARA REGISTRO", "lat": -22.2915477, "horaComunicacao": "11:28", "local": "RUA RIACHUELO, 1073 - CENTRO - JAU - SP", "circunscricao": "01\u00ba D.P. JA\u00da"}