{"horaElaboracao": "21:43", "turnoOcorrencia": "A NOITE", "partesEnvolvidas": [{"naturalidade": "GALIA -SP", "estadoCivil": "Casado", "naturezasEnvolvidas": "Morte suspeita", "tipoEnvolvimento": "V\u00edtima", "nome": "VALDECY NOGUEIRA", "instrucao": "2 Grau completo", "profissao": "VIGILANTE", "nacionalidade": "BRASILEIRA", "sexo": "Masculino", "idade": "51", "rg": "14249284-SP", "dataNascimento": "23/11/1963", "cutis": "Branca"}], "idBO": "2015-70526-1462", "naturezas": [{"especie": "\u00d3bito", "descricao": "Morte suspeita"}], "flagrante": "N\u00e3o", "lon": -46.6723669, "dataComunicacao": "06/09/2015", "solucao": "APRECIA\u00c7\u00c3O DO DELEGADO TITULAR", "local": "RUA FRAN\u00c7A, 2 - CAPIM FINO - CEP: 13520000 - S.PEDRO - SP", "categoria": "MORTE_SUBITA_NATURAL", "dataOcorrencia": "06/09/2015", "examesRequisitados": "IC-IML", "idDelegacia": "70526", "numero": "1462", "dataElaboracao": "06/09/2015", "tipoLocal": "Resid\u00eancia", "lat": -23.5749083, "horaComunicacao": "21:40", "tipoBoletim": "Principal", "circunscricao": "DEL.POL.S.PEDRO", "dependencia": "DEL.POL.S.PEDRO"}