{"categoria": "MORTE_SUBITA_NATURAL", "dependencia": "03\u00ba D.P. SANTOS", "naturezas": [{"especie": "\u00d3bito", "descricao": "Morte suspeita"}], "tipoLocal": "Resid\u00eancia", "partesEnvolvidas": [{"naturalidade": "NAO INFORMADA(MOT=ACERVO)", "estadoCivil": "Solteiro", "naturezasEnvolvidas": "Morte suspeita", "tipoEnvolvimento": "V\u00edtima", "nome": "MARLENE GENARO SOARES", "profissao": "PRENDAS DOMESTICAS", "nacionalidade": "BRASILEIRA", "sexo": "Feminino", "idade": "80", "rg": "7877330-SP", "dataNascimento": "10/05/1934", "cutis": "Branca"}], "dataOcorrencia": "04/04/2015", "lon": -46.3226227, "idDelegacia": "40213", "horaElaboracao": "09:45", "flagrante": "N\u00e3o", "numero": "995", "dataComunicacao": "04/04/2015", "dataElaboracao": "04/04/2015", "tipoBoletim": "Principal", "turnoOcorrencia": "PELA MANH\u00c3", "idBO": "2015-40213-995", "solucao": "ENCAMINHAMENTO DP \u00c1REA DO FATO", "lat": -23.9402761, "horaComunicacao": "09:38", "local": "RUA SETE DE SETEMBRO, 294 - VILA NOVA - CEP: 11013350 - SANTOS - SP", "circunscricao": "04\u00ba D.P. SANTOS"}