{"horaElaboracao": "06:22", "turnoOcorrencia": "DE MADRUGADA", "partesEnvolvidas": [{"naturalidade": "ARARAQUARA", "naturezasEnvolvidas": "Homic\u00eddio qualificado (art. 121, \u00a72o.)", "tipoEnvolvimento": "V\u00edtima", "nome": "CRISTIAN LUCAS DA SILVA", "nacionalidade": "BRASILEIRA", "sexo": "Masculino", "idade": "22", "dataNascimento": "10/06/1993", "cutis": "Parda"}], "idBO": "2015-100911-3467", "naturezas": [{"especie": "T\u00edtulo I - Pessoa (arts. 121 a 154)", "descricao": "Homic\u00eddio qualificado (art. 121, \u00a72o.)"}], "flagrante": "N\u00e3o", "lon": -47.902669, "dataComunicacao": "10/10/2015", "solucao": "APRECIA\u00c7\u00c3O DO DELEGADO TITULAR", "local": "AVENIDA DONATO PEDRINO, 848 - CIDADE ARACY - CEP: 13573310 - S.CARLOS - SP", "categoria": "HOMICIDIO_DOLOSO", "dataOcorrencia": "10/10/2015", "examesRequisitados": "IC-IML", "idDelegacia": "100911", "numero": "3467", "dataElaboracao": "10/10/2015", "tipoLocal": "Via p\u00fablica", "lat": -22.0559772, "horaComunicacao": "06:08", "tipoBoletim": "Principal", "circunscricao": "02\u00ba D.P. S\u00c3O CARLOS", "dependencia": "DEL.SEC.S\u00c3O CARLOS PLANT\u00c3O"}