{"horaElaboracao": "02:23", "turnoOcorrencia": "DE MADRUGADA", "partesEnvolvidas": [{"naturalidade": "GUARULHOS/SP", "estadoCivil": "Solteiro", "naturezasEnvolvidas": "Homic\u00eddio simples (art. 121)", "tipoEnvolvimento": "V\u00edtima", "nome": "LEONARDO TENORIO DA SILVA", "instrucao": "1 Grau incompleto", "profissao": "DESEMPREGADO(A)", "sexo": "Masculino", "idade": "16", "dataNascimento": "06/05/1999", "cutis": "Branca"}], "idBO": "2015-30212-4782", "naturezas": [{"especie": "T\u00edtulo I - Pessoa (arts. 121 a 154)", "descricao": "Homic\u00eddio simples (art. 121)"}], "flagrante": "N\u00e3o", "lon": -46.4631809, "dataComunicacao": "12/07/2015", "solucao": "ENCAMINHAMENTO DP \u00c1REA DO FATO", "local": "RUA COL\u00d4NIA LEOPOLDINA, 208 - CUMBICA - CEP: 07220040 - GUARULHOS - SP", "categoria": "HOMICIDIO_DOLOSO", "dataOcorrencia": "12/07/2015", "examesRequisitados": "IC-IML", "idDelegacia": "30212", "numero": "4782", "dataElaboracao": "12/07/2015", "tipoLocal": "Via p\u00fablica", "lat": -23.4712317, "horaComunicacao": "02:22", "tipoBoletim": "Principal", "circunscricao": "08\u00ba D.P. GUARULHOS", "dependencia": "04\u00ba D.P. GUARULHOS"}