{"horaElaboracao": "01:42", "turnoOcorrencia": "A NOITE", "partesEnvolvidas": [{"naturalidade": "DOIS CORREGOS -SP", "estadoCivil": "Solteiro", "naturezasEnvolvidas": "Homic\u00eddio qualificado (art. 121, \u00a72o.)", "tipoEnvolvimento": "V\u00edtima", "nome": "ANTONIO AUGUSTO DE PADUA", "instrucao": "1 Grau completo", "profissao": "VENDEDOR(A)", "cutis": "Branca", "idade": "43", "rg": "25117363-SP", "dataNascimento": "06/12/1971"}], "idBO": "2015-60206-616", "nomeDelegaciaBoPrincipal": "DEL.POL.DOIS CORREGOS", "naturezas": [{"especie": "T\u00edtulo I - Pessoa (arts. 121 a 154)", "descricao": "Homic\u00eddio qualificado (art. 121, \u00a72o.)"}], "flagrante": "N\u00e3o", "lon": -46.4259122, "dataComunicacao": "21/06/2015", "solucao": "BO PARA ADENDO", "numeroBoPrincipal": "615", "categoria": "HOMICIDIO_DOLOSO", "dataOcorrencia": "20/06/2015", "idDelegacia": "60206", "numero": "616", "tipoBoletim": "Complementar", "dataElaboracao": "21/06/2015", "tipoLocal": "Via p\u00fablica", "lat": -23.5438471, "horaComunicacao": "01:37", "anoBoPrincipal": "2015", "circunscricao": "DEL.POL.DOIS CORREGOS", "local": "RUA RUA CLODOALDO BERNAVA, 730 - EUGENIO FRANCISCONE - CEP: 17300000 - DOIS CORREGOS - SP", "dependencia": "DEL.POL.DOIS CORREGOS"}