{"horaElaboracao": "03:04", "turnoOcorrencia": "A NOITE", "partesEnvolvidas": [{"naturalidade": "ANDRADAS -MG", "estadoCivil": "Viuvo", "naturezasEnvolvidas": "Morte suspeita", "tipoEnvolvimento": "V\u00edtima", "nome": "PERCILIA FAVA FEITOZA", "profissao": "APOSENTADO(A)", "nacionalidade": "BRASILEIRA", "sexo": "Feminino", "idade": "81", "rg": "21320258-SP", "dataNascimento": "23/10/1934", "cutis": "Branca"}], "idBO": "2015-30306-5468", "naturezas": [{"especie": "\u00d3bito", "descricao": "Morte suspeita"}], "flagrante": "N\u00e3o", "lon": -46.1937414, "dataComunicacao": "11/12/2015", "solucao": "APRECIA\u00c7\u00c3O DO DELEGADO TITULAR", "local": "RUA MANUEL DE OLIVEIRA - VL MOGILAR - CEP: 08773130 - MOGI DAS CRUZES - SP", "categoria": "MORTE_SUBITA_NATURAL", "dataOcorrencia": "10/12/2015", "examesRequisitados": "SVO", "idDelegacia": "30306", "numero": "5468", "dataElaboracao": "11/12/2015", "tipoLocal": "Sa\u00fade", "lat": -23.509526, "horaComunicacao": "03:02", "tipoBoletim": "Principal", "circunscricao": "01\u00ba D.P. MOGI DAS CRUZES", "dependencia": "01\u00ba D.P. MOGI DAS CRUZES"}