{"horaElaboracao": "13:18", "turnoOcorrencia": "A TARDE", "partesEnvolvidas": [{"naturalidade": "EST DO R GRANDE DO NORTE", "estadoCivil": "Casado", "naturezasEnvolvidas": "Homic\u00eddio simples (art. 121)", "tipoEnvolvimento": "V\u00edtima", "nome": "RONALDO GALVAO DA SILVA", "instrucao": "1 Grau completo", "profissao": "CARPINTEIRO(A)", "nacionalidade": "BRASILEIRA", "sexo": "Masculino", "idade": "43", "rg": "22135188-SP", "dataNascimento": "28/05/1972", "cutis": "Branca"}], "idBO": "2015-30401-5470", "naturezas": [{"especie": "T\u00edtulo I - Pessoa (arts. 121 a 154)", "descricao": "Homic\u00eddio simples (art. 121)"}], "flagrante": "N\u00e3o", "lon": -46.8956321, "dataComunicacao": "10/09/2015", "solucao": "APRECIA\u00c7\u00c3O DO DELEGADO TITULAR", "local": "AVENIDA CAPIT\u00c3O FRANCISCO CESAR, 1730 - ENGENHO NOVO - BARUERI - SP", "categoria": "HOMICIDIO_DOLOSO", "dataOcorrencia": "10/09/2015", "examesRequisitados": "IML", "idDelegacia": "30401", "numero": "5470", "dataElaboracao": "10/09/2015", "tipoLocal": "Via p\u00fablica", "lat": -23.4863862, "horaComunicacao": "13:14", "tipoBoletim": "Principal", "circunscricao": "DEL.POL.BARUERI", "dependencia": "DEL.POL.BARUERI"}