{"horaElaboracao": "14:35", "turnoOcorrencia": "PELA MANH\u00c3", "partesEnvolvidas": [{"naturalidade": "CORREGO NOVO -MG", "estadoCivil": "Casado", "naturezasEnvolvidas": "Morte suspeita", "tipoEnvolvimento": "V\u00edtima", "nome": "JOSE EVANGELISTA SOBRINHO", "instrucao": "1 Grau completo", "cutis": "Branca", "sexo": "Masculino", "idade": "56", "rg": "28260664-SP", "dataNascimento": "19/05/1958"}], "idBO": "2015-30304-2788", "naturezas": [{"especie": "\u00d3bito", "descricao": "Morte suspeita"}], "flagrante": "N\u00e3o", "lon": -46.3451434, "dataComunicacao": "23/04/2015", "solucao": "APRECIA\u00c7\u00c3O DO DELEGADO TITULAR", "local": "RUA RIO NEGRO, 48 - JD NOVA ITAQUA - CEP: 08599280 - ITAQUAQUECETUBA - SP", "categoria": "MORTE_SUBITA_NATURAL", "dataOcorrencia": "22/04/2015", "examesRequisitados": "IML", "idDelegacia": "30304", "numero": "2788", "dataElaboracao": "23/04/2015", "tipoLocal": "Sa\u00fade", "lat": -23.472385, "horaComunicacao": "14:33", "tipoBoletim": "Principal", "circunscricao": "DEL.POL.ITAQUAQUECETUBA", "dependencia": "DEL.POL.ITAQUAQUECETUBA"}