{"horaElaboracao": "19:17", "turnoOcorrencia": "A TARDE", "partesEnvolvidas": [{"naturalidade": "SERTANOPOLIS -PR", "estadoCivil": "Casado", "naturezasEnvolvidas": "Morte suspeita", "tipoEnvolvimento": "V\u00edtima", "nome": "ARTUR ANTUNES", "instrucao": "1 Grau completo", "nacionalidade": "BRASILEIRA", "sexo": "Masculino", "idade": "71", "rg": "12334272-SP", "dataNascimento": "25/08/1943", "cutis": "Parda"}], "idBO": "2015-120309-230", "naturezas": [{"especie": "\u00d3bito", "descricao": "Morte suspeita"}], "flagrante": "N\u00e3o", "lon": -48.87748029999999, "dataComunicacao": "14/06/2015", "solucao": "APRECIA\u00c7\u00c3O DO DELEGADO TITULAR", "local": "ESTRADA RANCHO DAS PIAVAS - FAXINAL - CEP: 18225000 - SARAPUI - SP", "categoria": "MORTE_ACIDENTAL", "dataOcorrencia": "14/06/2015", "examesRequisitados": "IC-IML", "idDelegacia": "120309", "numero": "230", "dataElaboracao": "14/06/2015", "tipoLocal": "Via p\u00fablica", "lat": -24.0130055, "horaComunicacao": "19:16", "tipoBoletim": "Principal", "circunscricao": "DEL.POL.SARAPUI", "dependencia": "DEL.POL.SARAPUI"}