{"horaElaboracao": "00:09", "turnoOcorrencia": "A NOITE", "partesEnvolvidas": [{"naturalidade": "GUARULHOS/SP", "estadoCivil": "Casado", "naturezasEnvolvidas": "Roubo (art. 157)", "tipoEnvolvimento": "V\u00edtima", "nome": "JOSUE MESSIAS CAETANO", "instrucao": "1 Grau completo", "profissao": "MOTORISTA", "nacionalidade": "BRASILEIRA", "sexo": "Masculino", "idade": "54", "rg": "14354576-SP", "dataNascimento": "28/03/1961", "cutis": "Branca"}], "idBO": "2015-30304-3957", "naturezas": [{"especie": "T\u00edtulo II - Patrim\u00f4nio (arts. 155 a 183)", "desdobramentos": "\u00a73o. Se da viol\u00eancia resulta morte:", "descricao": "Roubo (art. 157)"}], "flagrante": "N\u00e3o", "lon": -46.3428531, "dataComunicacao": "09/06/2015", "solucao": "BO PARA INQU\u00c9RITO", "local": "RODOVIA RODOAN\u00c9L M\u00c1RIO COVAS, KM 122,7 - CAMPO DA VENDA - ITAQUAQUECETUBA - SP", "categoria": "LATROCINIO", "dataOcorrencia": "08/06/2015", "examesRequisitados": "IC-IML", "idDelegacia": "30304", "numero": "3957", "dataElaboracao": "09/06/2015", "tipoLocal": "Rodovia/Estrada", "lat": -23.4639517, "horaComunicacao": "00:05", "tipoBoletim": "Principal", "circunscricao": "DEL.POL.ITAQUAQUECETUBA", "dependencia": "DEL.POL.ITAQUAQUECETUBA"}