{"horaElaboracao": "23:55", "turnoOcorrencia": "A NOITE", "partesEnvolvidas": [{"naturalidade": "COTIA- SP", "naturezasEnvolvidas": "Morte suspeita", "tipoEnvolvimento": "V\u00edtima", "nome": "BERNARDO ROSA LOPES", "cutis": "Parda", "sexo": "Masculino", "idade": "0", "dataNascimento": "25/10/2014"}], "idBO": "2015-30406-4195", "naturezas": [{"especie": "\u00d3bito", "descricao": "Morte suspeita"}], "flagrante": "N\u00e3o", "lon": -46.8839887, "dataComunicacao": "13/09/2015", "solucao": "ENCAMINHAMENTO DP \u00c1REA DO FATO", "local": "RUA JO\u00c3O ANT\u00d4NIO P\u00cdRES, 85 - VILA BELISSARIO - CEP: 06715705 - COTIA - SP", "categoria": "MORTE_SUBITA_NATURAL", "dataOcorrencia": "13/09/2015", "examesRequisitados": "IML", "idDelegacia": "30406", "numero": "4195", "dataElaboracao": "13/09/2015", "tipoLocal": "Sa\u00fade", "lat": -23.6089365, "horaComunicacao": "23:31", "tipoBoletim": "Principal", "circunscricao": "02\u00ba D.P. COTIA", "dependencia": "DEL.POL.ITAPECERICA DA SERRA"}