{"horaElaboracao": "17:18", "turnoOcorrencia": "A TARDE", "partesEnvolvidas": [{"naturalidade": "ITABIRA -MG", "estadoCivil": "Solteiro", "naturezasEnvolvidas": "Morte suspeita", "tipoEnvolvimento": "V\u00edtima", "nome": "ARISTOTELES ALVES DA COSTA", "instrucao": "1 Grau incompleto", "profissao": "APOSENTADO(A)", "nacionalidade": "BRASILEIRA", "sexo": "Masculino", "idade": "85", "rg": "6339210-SP", "dataNascimento": "05/08/1929", "cutis": "Branca"}], "idBO": "2015-10226-890", "naturezas": [{"especie": "\u00d3bito", "descricao": "Morte suspeita"}], "flagrante": "N\u00e3o", "lon": -46.6449685, "dataComunicacao": "01/02/2015", "solucao": "ENCAMINHAMENTO DP \u00c1REA DO FATO", "local": "AVENIDA FRANCISCO DE PAULA QUINTANILHA R, 860 - JABAQUARA - S.PAULO - SP", "categoria": "MORTE_SUBITA_NATURAL", "dataOcorrencia": "01/02/2015", "examesRequisitados": "IML", "idDelegacia": "10226", "numero": "890", "dataElaboracao": "01/02/2015", "tipoLocal": "Sa\u00fade", "lat": -23.6536939, "horaComunicacao": "17:12", "tipoBoletim": "Principal", "circunscricao": "97\u00ba D.P. AMERICANOPOLIS", "dependencia": "26\u00ba D.P. SACOMA"}