{"horaElaboracao": "05:58", "turnoOcorrencia": "DE MADRUGADA", "partesEnvolvidas": [{"naturalidade": "S.JOSE DOS CAMPOS -SP", "estadoCivil": "Solteiro", "naturezasEnvolvidas": "Morte suspeita", "tipoEnvolvimento": "V\u00edtima", "nome": "ANA CAROLINE GONCALVES PEREIRA", "instrucao": "2 Grau incompleto", "profissao": "ESTUDANTE", "nacionalidade": "BRASILEIRA", "sexo": "Feminino", "idade": "16", "rg": "38403229-SP", "dataNascimento": "26/12/1998", "cutis": "Branca"}], "idBO": "2015-130310-2679", "naturezas": [{"especie": "\u00d3bito", "descricao": "Morte suspeita"}], "flagrante": "N\u00e3o", "lon": -45.8154751, "dataComunicacao": "16/05/2015", "solucao": "APRECIA\u00c7\u00c3O DO DELEGADO TITULAR", "local": "AVENIDA JOSE FRANCISCO MARCONDES, 267 - JARDIM S\u00c3O VICENTE - CEP: 12224350 - S.JOSE DOS CAMPOS - SP", "categoria": "MORTE_SUBITA_NATURAL", "dataOcorrencia": "16/05/2015", "examesRequisitados": "IML", "idDelegacia": "130310", "numero": "2679", "dataElaboracao": "16/05/2015", "tipoLocal": "Resid\u00eancia", "lat": -23.1718318, "horaComunicacao": "05:55", "tipoBoletim": "Principal", "circunscricao": "06\u00ba D.P. S.JOSE DOS CAMPOS", "dependencia": "01\u00ba D.P. S.JOSE DOS CAMPOS"}