{"horaElaboracao": "14:19", "turnoOcorrencia": "PELA MANH\u00c3", "partesEnvolvidas": [{"naturalidade": "S.JOSE DO RIO PRETO -SP", "estadoCivil": "Solteiro", "naturezasEnvolvidas": "Morte suspeita", "tipoEnvolvimento": "V\u00edtima", "nome": "JULIO CESAR DE SOUZA FREITAS", "instrucao": "1 Grau completo", "profissao": "SERVENTE", "sexo": "Masculino", "idade": "55", "rg": "14058226-SP", "dataNascimento": "24/10/1959", "cutis": "Branca"}], "idBO": "2015-30309-3118", "naturezas": [{"especie": "\u00d3bito", "descricao": "Morte suspeita"}], "flagrante": "N\u00e3o", "lon": -46.2930404, "dataComunicacao": "27/05/2015", "solucao": "APRECIA\u00c7\u00c3O DO DELEGADO TITULAR", "local": "RUA MIGUEL LOPES DE OLIVEIRA, 262 - JD CACIQUE - CEP: 08616790 - SUZANO - SP", "categoria": "MORTE_SUBITA_NATURAL", "dataOcorrencia": "27/05/2015", "examesRequisitados": "IC-IML", "idDelegacia": "30309", "numero": "3118", "dataElaboracao": "27/05/2015", "tipoLocal": "Resid\u00eancia", "lat": -23.5617192, "horaComunicacao": "13:45", "tipoBoletim": "Principal", "circunscricao": "DEL.POL.SUZANO", "dependencia": "DEL.POL.SUZANO"}