{"horaElaboracao": "02:41", "turnoOcorrencia": "A NOITE", "partesEnvolvidas": [{"naturalidade": "S.PAULO -SP", "naturezasEnvolvidas": "Morte suspeita", "tipoEnvolvimento": "V\u00edtima", "nome": "ALEX SANDER GABRIEL DA CONCEICAO FERREIRA", "nacionalidade": "BRASILEIRA", "sexo": "Masculino", "idade": "18", "rg": "38220276-SP", "dataNascimento": "15/08/1997", "cutis": "Branca"}], "idBO": "2015-20113-7829", "naturezas": [{"especie": "\u00d3bito", "descricao": "Morte suspeita"}], "flagrante": "N\u00e3o", "lon": -46.6705191, "dataComunicacao": "22/08/2015", "solucao": "ENCAMINHAMENTO DP \u00c1REA DO FATO", "local": "AVENIDA DEPUTADO EMILIO CARLOS, 3000 - LIMAO - CEP: 02721200 - S.PAULO - SP", "categoria": "MORTE_SUBITA_NATURAL", "dataOcorrencia": "21/08/2015", "examesRequisitados": "IML", "idDelegacia": "20113", "numero": "7829", "dataElaboracao": "22/08/2015", "tipoLocal": "Sa\u00fade", "lat": -23.476433, "horaComunicacao": "02:39", "tipoBoletim": "Principal", "circunscricao": "40\u00ba D.P. VILA STA MARIA", "dependencia": "13\u00ba D.P. CASA VERDE"}