{"horaElaboracao": "13:39", "turnoOcorrencia": "A TARDE", "partesEnvolvidas": [{"naturalidade": "AREIA -PB", "estadoCivil": "Casado", "naturezasEnvolvidas": "Morte suspeita", "tipoEnvolvimento": "V\u00edtima", "nome": "DAMIANA EMILIA DA CONCEICAO FREITAS", "instrucao": "1 Grau completo", "nacionalidade": "BRASILEIRA", "sexo": "Feminino", "idade": "72", "rg": "11252357-SP", "dataNascimento": "15/11/1942", "cutis": "Parda"}], "idBO": "2015-30404-3853", "naturezas": [{"especie": "\u00d3bito", "descricao": "Morte suspeita"}], "flagrante": "N\u00e3o", "lon": -46.84749180000001, "dataComunicacao": "08/11/2015", "solucao": "APRECIA\u00c7\u00c3O DO DELEGADO TITULAR", "local": "AVENIDA EL\u00cdAS YAZBEK, 1415 - CENTRO - CEP: 06803000 - EMBU - SP", "categoria": "MORTE_ACIDENTAL", "dataOcorrencia": "08/11/2015", "examesRequisitados": "IML", "idDelegacia": "30404", "numero": "3853", "dataElaboracao": "08/11/2015", "tipoLocal": "Sa\u00fade", "lat": -23.6490942, "horaComunicacao": "13:37", "tipoBoletim": "Principal", "circunscricao": "DEL.POL.EMBU DAS ARTES", "dependencia": "DEL.POL.EMBU DAS ARTES"}