{"horaElaboracao": "08:16", "turnoOcorrencia": "DE MADRUGADA", "partesEnvolvidas": [{"naturalidade": "S.PAULO -SP", "estadoCivil": "Solteiro", "naturezasEnvolvidas": "Homic\u00eddio simples (art. 121)", "tipoEnvolvimento": "V\u00edtima", "nome": "ANTONIO MARCOS DE JESUS MARQUI", "instrucao": "2 Grau completo", "profissao": "VIGILANTE", "nacionalidade": "BRASILEIRA", "sexo": "Masculino", "idade": "34", "rg": "35780675-SP", "dataNascimento": "02/09/1980", "cutis": "Branca"}], "idBO": "2015-10371-5346", "naturezas": [{"especie": "T\u00edtulo I - Pessoa (arts. 121 a 154)", "descricao": "Homic\u00eddio simples (art. 121)"}], "flagrante": "N\u00e3o", "lon": -46.67198399999999, "dataComunicacao": "04/07/2015", "solucao": "ENCAMINHAMENTO DP \u00c1REA DO FATO", "local": "RUA JOAO BARROSO, 358 - PEDREIRA - CEP: 04459270 - S.PAULO - SP", "categoria": "HOMICIDIO_DOLOSO", "dataOcorrencia": "04/07/2015", "examesRequisitados": "IML", "idDelegacia": "10371", "numero": "5346", "dataElaboracao": "04/07/2015", "tipoLocal": "Sa\u00fade", "lat": -23.6944064, "horaComunicacao": "08:10", "tipoBoletim": "Principal", "circunscricao": "80\u00ba D.P. VILA JOANIZA", "dependencia": "98\u00ba D.P. JARDIM MIRIAM"}