{"categoria": "MORTE_ACIDENTAL", "dependencia": "DEL.POL.MAIRINQUE", "naturezas": [{"especie": "\u00d3bito", "descricao": "Morte suspeita"}], "tipoLocal": "Unidade rural", "partesEnvolvidas": [{"naturalidade": "GIRAU DO PONCIANO -AL", "estadoCivil": "Solteiro", "naturezasEnvolvidas": "Morte suspeita", "tipoEnvolvimento": "V\u00edtima", "nome": "PAULO HENRIQUE DA SILVA", "instrucao": "1 Grau completo", "profissao": "VENDEDOR(A)", "nacionalidade": "BRASILEIRA", "sexo": "Masculino", "idade": "22", "rg": "44991789-SP", "dataNascimento": "23/10/1992", "cutis": "Branca"}], "dataOcorrencia": "14/01/2015", "lon": -46.7078047, "idDelegacia": "120508", "horaElaboracao": "20:33", "flagrante": "N\u00e3o", "numero": "105", "dataComunicacao": "14/01/2015", "dataElaboracao": "14/01/2015", "tipoBoletim": "Principal", "turnoOcorrencia": "A NOITE", "idBO": "2015-120508-105", "solucao": "APRECIA\u00c7\u00c3O DO DELEGADO TITULAR", "lat": -23.6844764, "horaComunicacao": "20:30", "local": "AVENIDA DOS LAGOS - SAO JOSE - CEP: 18120000 - MAIRINQUE - SP", "circunscricao": "DEL.POL.MAIRINQUE"}