{"horaElaboracao": "13:15", "turnoOcorrencia": "PELA MANH\u00c3", "partesEnvolvidas": [{"naturalidade": "IGNORADA", "estadoCivil": "Ignorado", "naturezasEnvolvidas": "Morte suspeita", "tipoEnvolvimento": "V\u00edtima", "nome": "VALERIANO FILHO NETO", "nacionalidade": "BRASILEIRA", "sexo": "Masculino", "idade": "78", "dataNascimento": "10/02/1937", "cutis": "Branca"}], "idBO": "2015-10344-3680", "naturezas": [{"especie": "\u00d3bito", "descricao": "Morte suspeita"}], "flagrante": "N\u00e3o", "lon": -46.67755330000001, "dataComunicacao": "24/11/2015", "solucao": "AGUARDANDO LAUDOS", "local": "RUA JOAO FRANCISCO DE MOURA, 251 - CAMPO GRANDE - CEP: 04455170 - S.PAULO - SP", "categoria": "MORTE_SUBITA_NATURAL", "dataOcorrencia": "24/11/2015", "examesRequisitados": "IML", "idDelegacia": "10344", "numero": "3680", "dataElaboracao": "24/11/2015", "tipoLocal": "Sa\u00fade", "lat": -23.6815258, "horaComunicacao": "13:04", "tipoBoletim": "Principal", "circunscricao": "80\u00ba D.P. VILA JOANIZA", "dependencia": "80\u00ba D.P. VILA JOANIZA"}