{"horaElaboracao": "07:13", "turnoOcorrencia": "PELA MANH\u00c3", "partesEnvolvidas": [{"naturalidade": "NAO INFORMADA(MOT=ACERVO)", "estadoCivil": "Casado", "naturezasEnvolvidas": "Morte suspeita", "tipoEnvolvimento": "V\u00edtima", "nome": "JOAO MARCOS ANDRE", "profissao": "AUXILIAR DE ESCRIT\u00d3RIO", "nacionalidade": "BRASILEIRA", "sexo": "Masculino", "idade": "53", "rg": "13215947-SP", "dataNascimento": "12/11/1961", "cutis": "Branca"}], "idBO": "2015-110429-2597", "naturezas": [{"especie": "\u00d3bito", "descricao": "Morte suspeita"}], "flagrante": "N\u00e3o", "lon": -49.37476660000001, "dataComunicacao": "28/02/2015", "solucao": "ENCAMINHAMENTO DP \u00c1REA DO FATO", "local": "RUA ARGEMIRO RODRIGUES GOULARTE, 2303 - JARDIM TANGARA - CEP: 15084220 - S.JOSE DO RIO PRETO - SP", "categoria": "MORTE_SUBITA_NATURAL", "dataOcorrencia": "28/02/2015", "examesRequisitados": "IML", "idDelegacia": "110429", "numero": "2597", "dataElaboracao": "28/02/2015", "tipoLocal": "Resid\u00eancia", "lat": -20.839516, "horaComunicacao": "07:08", "tipoBoletim": "Principal", "circunscricao": "05\u00ba D.P. S.JOSE RIO PRETO", "dependencia": "DEL.SEC.S.J RIO PRETO PLANT\u00c3O"}