{"horaElaboracao": "09:27", "turnoOcorrencia": "DE MADRUGADA", "partesEnvolvidas": [{"tipoEnvolvimento": "V\u00edtima", "nome": "EDUARDO NASCIMENTO SILVA", "cutis": "Branca", "sexo": "Masculino", "idade": "0", "naturezasEnvolvidas": "Morte suspeita"}], "idBO": "2015-30124-1308", "naturezas": [{"especie": "\u00d3bito", "descricao": "Morte suspeita"}], "flagrante": "N\u00e3o", "lon": -46.460906, "dataComunicacao": "25/02/2015", "solucao": "APRECIA\u00c7\u00c3O DO DELEGADO TITULAR", "local": "RUA DOM JOS\u00c9 G\u00c1SPAR, 1374 - V ASSIS BRASIL - CEP: 09370670 - MAUA - SP", "categoria": "MORTE_SUBITA_NATURAL", "dataOcorrencia": "25/02/2015", "examesRequisitados": "IML", "idDelegacia": "30124", "numero": "1308", "dataElaboracao": "25/02/2015", "tipoLocal": "Sa\u00fade", "lat": -23.6810448, "horaComunicacao": "09:15", "tipoBoletim": "Principal", "circunscricao": "01\u00ba D.P. MAUA", "dependencia": "01\u00ba D.P. MAUA"}