{"categoria": "MORTE_SUBITA_NATURAL", "dependencia": "63\u00ba D.P. VILA JACUI", "naturezas": [{"especie": "\u00d3bito", "descricao": "Morte suspeita"}], "tipoLocal": "Sa\u00fade", "partesEnvolvidas": [{"naturalidade": "S.PAULO -SP", "estadoCivil": "Casado", "naturezasEnvolvidas": "Morte suspeita", "tipoEnvolvimento": "V\u00edtima", "nome": "EDSON GOMES LIMA", "instrucao": "2 Grau completo", "profissao": "DESEMPREGADO(A)", "nacionalidade": "BRASILEIRA", "sexo": "Masculino", "idade": "45", "rg": "19195294-SP", "dataNascimento": "08/11/1969", "cutis": "Parda"}], "dataOcorrencia": "11/04/2015", "lon": -46.4448734, "idDelegacia": "10326", "horaElaboracao": "08:56", "flagrante": "N\u00e3o", "numero": "3463", "dataComunicacao": "11/04/2015", "dataElaboracao": "11/04/2015", "tipoBoletim": "Principal", "turnoOcorrencia": "DE MADRUGADA", "idBO": "2015-10326-3463", "solucao": "ENCAMINHAMENTO DP \u00c1REA DO FATO", "lat": -23.5308899, "horaComunicacao": "08:54", "local": "RUA AUGUSTO CARLOS BAUMAN, 1074 - ITAQUERA - CEP: 08210590 - S.PAULO - SP", "circunscricao": "32\u00ba D.P. ITAQUERA"}