{"horaElaboracao": "12:29", "turnoOcorrencia": "A TARDE", "partesEnvolvidas": [{"naturalidade": "CAMPINAS -SP", "estadoCivil": "Divorciado", "naturezasEnvolvidas": "Morte suspeita, Tombamento", "tipoEnvolvimento": "V\u00edtima", "nome": "JAIR ANENIAS FRANCO DE OLIVEIRA", "nacionalidade": "BRASILEIRA", "sexo": "Masculino", "idade": "53", "rg": "14641801-SP", "dataNascimento": "12/03/1962", "cutis": "Branca"}], "idBO": "2015-70014-9869", "naturezas": [{"especie": "\u00d3bito", "descricao": "Morte suspeita"}, {"especie": "Acidente de tr\u00e2nsito", "descricao": "Tombamento"}], "flagrante": "N\u00e3o", "lon": -47.0265136, "dataComunicacao": "22/10/2015", "solucao": "APRECIA\u00c7\u00c3O DO DELEGADO TITULAR", "local": "AVENIDA DOUTOR BERNADO KAPLAN, 249 - JD BOA ESPERAN\u00c7A - CEP: 13091410 - CAMPINAS - SP", "categoria": "MORTE_ACIDENTAL", "dataOcorrencia": "08/10/2015", "examesRequisitados": "IML", "idDelegacia": "70014", "numero": "9869", "dataElaboracao": "22/10/2015", "tipoLocal": "Via p\u00fablica", "lat": -22.8805198, "horaComunicacao": "12:06", "tipoBoletim": "Principal", "circunscricao": "04\u00ba D.P. CAMPINAS", "dependencia": "PLANT\u00c3O - 04 DP CAMPINAS"}