{"horaElaboracao": "20:54", "turnoOcorrencia": "A NOITE", "partesEnvolvidas": [{"naturalidade": "S.PAULO -SP", "estadoCivil": "Viuvo", "naturezasEnvolvidas": "Morte suspeita", "tipoEnvolvimento": "V\u00edtima", "nome": "ORLANDO PICHONERI", "instrucao": "1 Grau completo", "nacionalidade": "BRASILEIRA", "sexo": "Masculino", "idade": "71", "rg": "3665670-SP", "dataNascimento": "20/07/1943", "cutis": "Branca"}], "idBO": "2015-10353-2359", "naturezas": [{"especie": "\u00d3bito", "descricao": "Morte suspeita"}], "flagrante": "N\u00e3o", "lon": -46.5096809, "dataComunicacao": "01/04/2015", "solucao": "ENCAMINHAMENTO DP \u00c1REA DO FATO", "local": "RUA UACUMA, 44 - CIDADE LIDER - CEP: 03575000 - S.PAULO - SP", "categoria": "MORTE_SUBITA_NATURAL", "dataOcorrencia": "01/04/2015", "examesRequisitados": "IC-IML", "idDelegacia": "10353", "numero": "2359", "dataElaboracao": "01/04/2015", "tipoLocal": "Resid\u00eancia", "lat": -23.5578045, "horaComunicacao": "20:52", "tipoBoletim": "Principal", "circunscricao": "66\u00ba D.P. JDIM ARICANDUVA", "dependencia": "53\u00ba D.P. PARQUE DO CARMO"}