{"horaElaboracao": "21:56", "turnoOcorrencia": "A TARDE", "partesEnvolvidas": [{"naturalidade": "TATUI -SP", "estadoCivil": "Casado", "naturezasEnvolvidas": "Morte suspeita", "tipoEnvolvimento": "V\u00edtima", "nome": "JOAO DONIZETHI DE SOUZA", "nacionalidade": "BRASILEIRA", "sexo": "Masculino", "idade": "55", "rg": "14441739-SP", "dataNascimento": "08/03/1960", "cutis": "Branca"}], "idBO": "2015-120500-5329", "naturezas": [{"especie": "\u00d3bito", "descricao": "Morte suspeita"}], "flagrante": "N\u00e3o", "lon": -47.4099556, "dataComunicacao": "27/05/2015", "solucao": "ENCAMINHAMENTO DP \u00c1REA DO FATO", "local": "RUA CL\u00c1UDIO MANOEL DA COSTA, 564 - VILA SAUDE - CEP: 18030083 - SOROCABA - SP", "categoria": "MORTE_SUBITA_NATURAL", "dataOcorrencia": "27/05/2015", "examesRequisitados": "IML", "idDelegacia": "120500", "numero": "5329", "dataElaboracao": "27/05/2015", "tipoLocal": "Sa\u00fade", "lat": -22.7693755, "horaComunicacao": "21:46", "tipoBoletim": "Principal", "circunscricao": "03\u00ba D.P. SOROCABA", "dependencia": "DEL.SEC.SOROCABA"}