{"horaElaboracao": "21:00", "turnoOcorrencia": "A NOITE", "partesEnvolvidas": [{"naturalidade": "GUAIRA -SP", "estadoCivil": "Solteiro", "naturezasEnvolvidas": "Morte natural", "tipoEnvolvimento": "V\u00edtima", "nome": "SILVIO DELFIM DOS SANTOS", "instrucao": "1 Grau completo", "profissao": "AJUDANTE GERAL", "nacionalidade": "BRASILEIRA", "sexo": "Masculino", "idade": "43", "rg": "26435840-SP", "dataNascimento": "04/08/1972", "cutis": "Branca"}], "idBO": "2015-100915-1322", "naturezas": [{"especie": "\u00d3bito", "descricao": "Morte natural"}], "flagrante": "N\u00e3o", "lon": -48.58503150000001, "dataComunicacao": "19/09/2015", "solucao": "APRECIA\u00c7\u00c3O DO DELEGADO TITULAR", "local": "RUA ZERO QUATORZE, 505 - REINALDO ST\u00c9IN - CEP: 14790000 - GUAIRA - SP", "categoria": "MORTE_SUBITA_NATURAL", "dataOcorrencia": "19/09/2015", "examesRequisitados": "SVO", "idDelegacia": "100915", "numero": "1322", "dataElaboracao": "19/09/2015", "tipoLocal": "Resid\u00eancia", "lat": -20.546984, "horaComunicacao": "20:48", "tipoBoletim": "Principal", "circunscricao": "01\u00ba D.P. GUAIRA", "dependencia": "DEL.POL.PLANT\u00c3O GUAIRA"}