{"horaElaboracao": "12:11", "turnoOcorrencia": "PELA MANH\u00c3", "partesEnvolvidas": [{"naturalidade": "S.PAULO -SP", "estadoCivil": "Divorciado", "naturezasEnvolvidas": "Morte suspeita", "tipoEnvolvimento": "V\u00edtima", "nome": "ANTONIO CARLOS DE OLIVEIRA", "instrucao": "1 Grau completo", "nacionalidade": "BRASILEIRA", "sexo": "Masculino", "idade": "62", "rg": "6262097-SP", "dataNascimento": "10/02/1953", "cutis": "Branca"}], "idBO": "2015-10363-1800", "naturezas": [{"especie": "\u00d3bito", "descricao": "Morte suspeita"}], "flagrante": "N\u00e3o", "lon": -46.6072681, "dataComunicacao": "18/09/2015", "solucao": "AGUARDANDO LAUDOS", "local": "RUA JULIO FELIPE GUEDES, 200 - SACOMA - CEP: 04174040 - S.PAULO - SP", "categoria": "MORTE_SUBITA_NATURAL", "dataOcorrencia": "18/09/2015", "examesRequisitados": "IML", "idDelegacia": "10363", "numero": "1800", "dataElaboracao": "18/09/2015", "tipoLocal": "Sa\u00fade", "lat": -23.6337175, "horaComunicacao": "12:03", "tipoBoletim": "Principal", "circunscricao": "83\u00ba D.P. PARQUE BRISTOL", "dependencia": "83\u00ba D.P. PARQUE BRISTOL"}