{"horaElaboracao": "23:22", "turnoOcorrencia": "A TARDE", "partesEnvolvidas": [{"naturalidade": "S.PAULO -SP", "estadoCivil": "Solteiro", "naturezasEnvolvidas": "Homic\u00eddio simples (art. 121)", "tipoEnvolvimento": "V\u00edtima", "nome": "GUILHERME NARCISIO PEREIRA", "instrucao": "1 Grau completo", "nacionalidade": "BRASILEIRA", "sexo": "Masculino", "idade": "23", "rg": "36495741-SP", "dataNascimento": "11/11/1991", "cutis": "Parda"}], "idBO": "2015-10247-8871", "naturezas": [{"especie": "T\u00edtulo I - Pessoa (arts. 121 a 154)", "descricao": "Homic\u00eddio simples (art. 121)"}], "flagrante": "N\u00e3o", "lon": -46.5709063, "dataComunicacao": "18/09/2015", "solucao": "ENCAMINHAMENTO DP \u00c1REA DO FATO", "local": "RUA SANTA CATARINA, 25 - - S.PAULO - SP", "categoria": "HOMICIDIO_DOLOSO", "dataOcorrencia": "18/09/2015", "examesRequisitados": "IC-IML", "idDelegacia": "10247", "numero": "8871", "dataElaboracao": "18/09/2015", "tipoLocal": "Via p\u00fablica", "lat": -23.5308731, "horaComunicacao": "23:10", "tipoBoletim": "Principal", "circunscricao": "100\u00ba D.P. JDIM HERCULANO", "dependencia": "47\u00ba D.P. CAPAO REDONDO"}