{"horaElaboracao": "19:31", "turnoOcorrencia": "A TARDE", "partesEnvolvidas": [{"naturalidade": "TAPIRA/PR", "estadoCivil": "Casado", "naturezasEnvolvidas": "Morte suspeita", "tipoEnvolvimento": "V\u00edtima", "nome": "JOSE MENDONCA DE SOUZA", "instrucao": "1 Grau completo", "profissao": "EMPRESARIO(A)", "sexo": "Masculino", "idade": "44", "rg": "35519338-SP", "dataNascimento": "10/10/1971", "cutis": "Branca"}], "idBO": "2015-70318-3993", "naturezas": [{"especie": "\u00d3bito", "descricao": "Morte suspeita"}], "flagrante": "N\u00e3o", "lon": -46.5805607, "dataComunicacao": "24/10/2015", "solucao": "APRECIA\u00c7\u00c3O DO DELEGADO TITULAR", "local": "LADEIRA RECANTO III, 3 - JD. DOS PINHEIROS - NOVA ODESSA - SP", "categoria": "MORTE_ACIDENTAL", "dataOcorrencia": "24/10/2015", "examesRequisitados": "IML", "idDelegacia": "70318", "numero": "3993", "dataElaboracao": "24/10/2015", "tipoLocal": "Unidade rural", "lat": -23.4337441, "horaComunicacao": "19:28", "tipoBoletim": "Principal", "circunscricao": "DEL.POL.NOVA ODESSA", "dependencia": "DEL.POL.NOVA ODESSA"}