{"horaElaboracao": "22:18", "turnoOcorrencia": "A TARDE", "partesEnvolvidas": [{"naturalidade": "CASTELO DO PIAUI/PI", "estadoCivil": "Convivente", "naturezasEnvolvidas": "Morte suspeita", "tipoEnvolvimento": "V\u00edtima", "nome": "JOAO PEDRO RODRIGUES PORTELA", "instrucao": "1 Grau completo", "profissao": "PEDREIRO", "nacionalidade": "BRASILEIRA", "sexo": "Masculino", "idade": "46", "rg": "24373185-SP", "dataNascimento": "14/08/1968", "cutis": "Branca"}], "idBO": "2015-30304-3768", "naturezas": [{"especie": "\u00d3bito", "descricao": "Morte suspeita"}], "flagrante": "N\u00e3o", "lon": -46.3560801, "dataComunicacao": "29/05/2015", "solucao": "APRECIA\u00c7\u00c3O DO DELEGADO TITULAR", "local": "RUA T\u00cdLIA, 147 - JD ADRANA - CEP: 08582137 - ITAQUAQUECETUBA - SP", "categoria": "MORTE_ACIDENTAL", "dataOcorrencia": "29/05/2015", "examesRequisitados": "IML", "idDelegacia": "30304", "numero": "3768", "dataElaboracao": "29/05/2015", "tipoLocal": "Area n\u00e3o ocupada", "lat": -23.4505612, "horaComunicacao": "22:15", "tipoBoletim": "Principal", "circunscricao": "01\u00ba D.P. ITAQUAQUECETUBA", "dependencia": "DEL.POL.ITAQUAQUECETUBA"}