{"horaElaboracao": "19:38", "turnoOcorrencia": "A TARDE", "partesEnvolvidas": [{"naturalidade": "PILOES -PB", "estadoCivil": "Casado", "naturezasEnvolvidas": "Morte suspeita", "tipoEnvolvimento": "V\u00edtima", "nome": "SEBASTIAO BATISTA DA SILVA", "instrucao": "2 Grau completo", "nacionalidade": "BRASILEIRA", "sexo": "Masculino", "idade": "58", "rg": "10886196-SP", "dataNascimento": "14/04/1957", "cutis": "Branca"}], "idBO": "2015-10101-2478", "naturezas": [{"especie": "\u00d3bito", "descricao": "Morte suspeita"}], "flagrante": "N\u00e3o", "lon": -46.6350059, "dataComunicacao": "15/04/2015", "solucao": "AGUARDANDO LAUDOS", "local": "RUA GALVAO BUENO, 257 - LIBERDADE - CEP: 01506000 - S.PAULO - SP", "categoria": "MORTE_SUBITA_NATURAL", "dataOcorrencia": "15/04/2015", "examesRequisitados": "IML", "idDelegacia": "10101", "numero": "2478", "dataElaboracao": "15/04/2015", "tipoLocal": "Sa\u00fade", "lat": -23.5578957, "horaComunicacao": "19:32", "tipoBoletim": "Principal", "circunscricao": "01\u00ba D.P. SE", "dependencia": "01\u00ba D.P. SE"}