{"horaElaboracao": "06:57", "turnoOcorrencia": "DE MADRUGADA", "partesEnvolvidas": [{"naturalidade": "S.PAULO -SP", "estadoCivil": "Solteiro", "naturezasEnvolvidas": "Morte suspeita", "tipoEnvolvimento": "V\u00edtima", "nome": "CARLOS EDUARDO DA SILVA", "instrucao": "2 Grau completo", "profissao": "FUNCION.PUBLICO MUNICIPAL", "nacionalidade": "BRASILEIRA", "sexo": "Masculino", "idade": "30", "rg": "33024114-SP", "dataNascimento": "11/08/1984", "cutis": "Branca"}], "idBO": "2015-10336-3424", "naturezas": [{"especie": "\u00d3bito", "descricao": "Morte suspeita"}], "flagrante": "N\u00e3o", "lon": -46.5819311, "dataComunicacao": "08/04/2015", "solucao": "APRECIA\u00c7\u00c3O DO DELEGADO TITULAR", "local": "RUA MICHEL OUCHANA, 94 - JACANA - CEP: 02276140 - S.PAULO - SP", "categoria": "MORTE_SUBITA_NATURAL", "dataOcorrencia": "08/04/2015", "examesRequisitados": "IML", "idDelegacia": "10336", "numero": "3424", "dataElaboracao": "08/04/2015", "tipoLocal": "Sa\u00fade", "lat": -23.4601608, "horaComunicacao": "06:55", "tipoBoletim": "Principal", "circunscricao": "73\u00ba D.P. JACANA", "dependencia": "73\u00ba D.P. JACANA"}