{"horaElaboracao": "16:19", "turnoOcorrencia": "A TARDE", "partesEnvolvidas": [{"naturalidade": "S.PAULO -SP", "estadoCivil": "Casado", "naturezasEnvolvidas": "Morte suspeita", "tipoEnvolvimento": "V\u00edtima", "nome": "LUIZ ALBERTO DA SILVA MORAIS", "instrucao": "2 Grau completo", "profissao": "FUNCION.PUBLICO MUNICIPAL", "nacionalidade": "BRASILEIRA", "sexo": "Masculino", "idade": "28", "rg": "43590344-SP", "dataNascimento": "01/05/1987", "cutis": "Parda"}], "idBO": "2015-40302-2931", "naturezas": [{"especie": "\u00d3bito", "descricao": "Morte suspeita"}], "flagrante": "N\u00e3o", "lon": -46.20619569999999, "dataComunicacao": "19/12/2015", "solucao": "APRECIA\u00c7\u00c3O DO DELEGADO TITULAR", "local": "PRAIA PEREQUE, 137 - PEREQUE - ILHABELA - SP", "categoria": "MORTE_SUBITA_NATURAL", "dataOcorrencia": "19/12/2015", "examesRequisitados": "IML", "idDelegacia": "40302", "numero": "2931", "dataElaboracao": "19/12/2015", "tipoLocal": "Lazer e recrea\u00e7\u00e3o", "lat": -23.9853884, "horaComunicacao": "16:16", "tipoBoletim": "Principal", "circunscricao": "DEL.POL.ILHABELA", "dependencia": "DEL.POL.ILHABELA"}