{"horaElaboracao": "21:47", "turnoOcorrencia": "A TARDE", "partesEnvolvidas": [{"idade": "0", "naturezasEnvolvidas": "Morte suspeita", "cutis": "Preta", "sexo": "Masculino"}], "idBO": "2015-10247-2518", "naturezas": [{"especie": "\u00d3bito", "descricao": "Morte suspeita"}], "flagrante": "N\u00e3o", "lon": -46.7813677, "dataComunicacao": "11/03/2015", "solucao": "ENCAMINHAMENTO DP \u00c1REA DO FATO", "local": "RUA DOS PINHEIROS - PARQUE DAS CEREJEIRAS - CEP: 04966050 - S.PAULO - SP", "categoria": "CADAVER_SEM_LESOES", "dataOcorrencia": "11/03/2015", "examesRequisitados": "IC-IML", "idDelegacia": "10247", "numero": "2518", "dataElaboracao": "11/03/2015", "tipoLocal": "Area n\u00e3o ocupada", "lat": -23.7259959, "horaComunicacao": "21:41", "tipoBoletim": "Principal", "circunscricao": "100\u00ba D.P. JDIM HERCULANO", "dependencia": "47\u00ba D.P. CAPAO REDONDO"}