{"horaElaboracao": "04:14", "turnoOcorrencia": "A NOITE", "partesEnvolvidas": [{"naturalidade": "S.ANDRE -SP", "estadoCivil": "Solteiro", "naturezasEnvolvidas": "Homic\u00eddio simples (art. 121)", "tipoEnvolvimento": "V\u00edtima", "nome": "GILBERTO CARDOSO DA SILVA", "profissao": "AJUDANTE", "nacionalidade": "BRASILEIRA", "sexo": "Masculino", "idade": "34", "rg": "29708675-SP", "dataNascimento": "15/05/1981", "cutis": "Parda"}], "idBO": "2015-30309-6610", "naturezas": [{"especie": "T\u00edtulo I - Pessoa (arts. 121 a 154)", "descricao": "Homic\u00eddio simples (art. 121)"}], "flagrante": "N\u00e3o", "lon": -46.3174441, "dataComunicacao": "28/11/2015", "solucao": "ENCAMINHAMENTO DP \u00c1REA DO FATO", "local": "RUA DAS BROMELIAS, 352 - JARDIM IKEDA - SUZANO - SP", "categoria": "HOMICIDIO_DOLOSO", "dataOcorrencia": "27/11/2015", "examesRequisitados": "IC-IML", "idDelegacia": "30309", "numero": "6610", "dataElaboracao": "28/11/2015", "tipoLocal": "Via p\u00fablica", "lat": -23.6233834, "horaComunicacao": "04:05", "tipoBoletim": "Principal", "circunscricao": "01\u00ba D.P. SUZANO", "dependencia": "DEL.POL.SUZANO"}