{"horaElaboracao": "00:20", "turnoOcorrencia": "A NOITE", "partesEnvolvidas": [{"naturalidade": "LAVRAS DA MANGABEIRA -CE", "estadoCivil": "Casado", "naturezasEnvolvidas": "Homic\u00eddio simples (art. 121)", "tipoEnvolvimento": "V\u00edtima", "nome": "ARI CLEMENTINO PEDROZA", "instrucao": "1 Grau completo", "profissao": "AJUDANTE", "sexo": "Masculino", "idade": "53", "rg": "21516473-SP", "dataNascimento": "09/10/1961", "cutis": "Branca"}], "idBO": "2015-30212-3304", "naturezas": [{"especie": "T\u00edtulo I - Pessoa (arts. 121 a 154)", "descricao": "Homic\u00eddio simples (art. 121)"}], "flagrante": "N\u00e3o", "lon": -46.4132778, "dataComunicacao": "07/05/2015", "solucao": "APRECIA\u00c7\u00c3O DO DELEGADO TITULAR", "local": "RUA ANT\u00d4NIO EL\u00cdAS RODRIGUES, 41 - PIMENTAS - CEP: 07260260 - GUARULHOS - SP", "categoria": "HOMICIDIO_DOLOSO", "dataOcorrencia": "06/05/2015", "examesRequisitados": "IC-IML", "idDelegacia": "30212", "numero": "3304", "dataElaboracao": "07/05/2015", "tipoLocal": "Via p\u00fablica", "lat": -23.4498592, "horaComunicacao": "00:15", "tipoBoletim": "Principal", "circunscricao": "04\u00ba D.P. GUARULHOS", "dependencia": "04\u00ba D.P. GUARULHOS"}