{"horaElaboracao": "14:34", "turnoOcorrencia": "PELA MANH\u00c3", "partesEnvolvidas": [{"naturalidade": "BARUERI -SP", "estadoCivil": "Solteiro", "naturezasEnvolvidas": "Homic\u00eddio qualificado (art. 121, \u00a72o.)", "tipoEnvolvimento": "V\u00edtima", "nome": "ALEXSANDRO SILVA DE JESUS", "instrucao": "1 Grau completo", "profissao": "SERVENTE", "sexo": "Masculino", "idade": "35", "rg": "35457255-SP", "dataNascimento": "02/05/1979", "cutis": "Branca"}], "idBO": "2015-30118-514", "nomeDelegaciaBoPrincipal": "DEL.POL.RIO GRANDE DA SERRA", "naturezas": [{"especie": "T\u00edtulo I - Pessoa (arts. 121 a 154)", "descricao": "Homic\u00eddio qualificado (art. 121, \u00a72o.)"}], "flagrante": "N\u00e3o", "lon": -46.3959494, "dataComunicacao": "08/04/2015", "solucao": "BO PARA ADENDO", "numeroBoPrincipal": "492", "categoria": "HOMICIDIO_DOLOSO", "dataOcorrencia": "06/04/2015", "examesRequisitados": "IC-IML", "idDelegacia": "30118", "numero": "514", "tipoBoletim": "Complementar", "dataElaboracao": "08/04/2015", "tipoLocal": "Via p\u00fablica", "lat": -23.7564601, "horaComunicacao": "14:32", "anoBoPrincipal": "2015", "circunscricao": "DEL.POL.RIO GRANDE DA SERRA", "local": "RUA SAO MATEUS - STA TERESA - RIO GRANDE DA SERRA - SP", "dependencia": "DEL.POL.RIO GRANDE DA SERRA"}