{"categoria": "MORTE_SUBITA_NATURAL", "dependencia": "01\u00ba D.P. MOGI DAS CRUZES", "naturezas": [{"especie": "\u00d3bito", "descricao": "Morte natural"}], "tipoLocal": "Sa\u00fade", "partesEnvolvidas": [{"naturalidade": "S\u00c3O PAULO/SP", "estadoCivil": "Solteiro", "naturezasEnvolvidas": "Morte natural", "tipoEnvolvimento": "V\u00edtima", "nome": "CATARINA LIMA NASCIMENTO", "instrucao": "Analfabeto", "nacionalidade": "BRASILEIRA", "sexo": "Feminino", "idade": "0", "dataNascimento": "15/05/2015", "cutis": "Branca"}], "dataOcorrencia": "31/07/2015", "lon": -46.1937414, "idDelegacia": "30306", "horaElaboracao": "16:48", "flagrante": "N\u00e3o", "numero": "3431", "dataComunicacao": "31/07/2015", "dataElaboracao": "31/07/2015", "tipoBoletim": "Principal", "turnoOcorrencia": "DE MADRUGADA", "idBO": "2015-30306-3431", "solucao": "APRECIA\u00c7\u00c3O DO DELEGADO TITULAR", "lat": -23.509526, "horaComunicacao": "16:40", "local": "RUA MANUEL DE OLIVEIRA - VL MOGILAR - CEP: 08773130 - MOGI DAS CRUZES - SP", "circunscricao": "01\u00ba D.P. MOGI DAS CRUZES"}