{"categoria": "MORTE_SUBITA_NATURAL", "dependencia": "07\u00ba D.P. SANTOS", "naturezas": [{"especie": "\u00d3bito", "descricao": "Morte suspeita"}], "tipoLocal": "Entidade assistencial", "partesEnvolvidas": [{"naturalidade": "NAO INFORMADA(MOT=ACERVO)", "estadoCivil": "Viuvo", "naturezasEnvolvidas": "Morte suspeita", "tipoEnvolvimento": "V\u00edtima", "nome": "MARIA HELENA DE GOIS THEODORO FERREIRA", "instrucao": "1 Grau incompleto", "profissao": "AUXILIAR DE ENFERMAGEN", "nacionalidade": "BRASILEIRA", "sexo": "Feminino", "idade": "66", "rg": "7340093-SP", "dataNascimento": "18/12/1948", "cutis": "Branca"}], "dataOcorrencia": "20/04/2015", "lon": -46.3356575, "idDelegacia": "40232", "horaElaboracao": "04:43", "flagrante": "N\u00e3o", "numero": "1346", "dataComunicacao": "20/04/2015", "dataElaboracao": "20/04/2015", "tipoBoletim": "Principal", "turnoOcorrencia": "DE MADRUGADA", "idBO": "2015-40232-1346", "solucao": "ENCAMINHAMENTO DP \u00c1REA DO FATO", "lat": -23.9466149, "horaComunicacao": "04:32", "local": "AVENIDA CLAUDIO LUIZ DA COSTA, 50 - JABAQUARA - SANTOS - SP", "circunscricao": "02\u00ba D.P. SANTOS"}