{"horaElaboracao": "14:24", "turnoOcorrencia": "PELA MANH\u00c3", "partesEnvolvidas": [{"naturalidade": "ALPINOPOLIS -MG", "estadoCivil": "Casado", "naturezasEnvolvidas": "Homic\u00eddio simples (art. 121)", "tipoEnvolvimento": "V\u00edtima", "nome": "MARIA CRISTINA DE MORAES BRITO", "instrucao": "1 Grau completo", "nacionalidade": "BRASILEIRA", "sexo": "Feminino", "idade": "50", "rg": "21965598-SP", "dataNascimento": "03/06/1964", "cutis": "Branca"}], "idBO": "2015-100327-225", "naturezas": [{"especie": "T\u00edtulo I - Pessoa (arts. 121 a 154)", "descricao": "Homic\u00eddio simples (art. 121)"}], "flagrante": "N\u00e3o", "lon": -47.4229979, "dataComunicacao": "02/02/2015", "solucao": "APRECIA\u00c7\u00c3O DO DELEGADO TITULAR", "local": "RUA MARIA ODETE VEIGA PINHEIRO, 1340 - JARDIM PORTINARI - FRANCA - SP", "categoria": "HOMICIDIO_DOLOSO", "dataOcorrencia": "02/02/2015", "examesRequisitados": "IC-IML", "idDelegacia": "100327", "numero": "225", "dataElaboracao": "02/02/2015", "tipoLocal": "Resid\u00eancia", "lat": -20.4999071, "horaComunicacao": "14:02", "tipoBoletim": "Principal", "circunscricao": "05\u00ba D.P. FRANCA", "dependencia": "05\u00ba D.P. FRANCA"}