{"horaElaboracao": "18:13", "turnoOcorrencia": "A TARDE", "partesEnvolvidas": [{"naturalidade": "CAMPO LIMPO PAULISTA -SP", "estadoCivil": "Solteiro", "naturezasEnvolvidas": "Homic\u00eddio qualificado (art. 121, \u00a72o.)", "tipoEnvolvimento": "V\u00edtima", "nome": "JOAO HENRIQUE BAIA", "instrucao": "1 Grau completo", "profissao": "ESTUDANTE", "sexo": "Masculino", "idade": "25", "rg": "46805164-SP", "dataNascimento": "08/12/1989", "cutis": "Branca"}], "idBO": "2015-70402-3778", "naturezas": [{"especie": "T\u00edtulo I - Pessoa (arts. 121 a 154)", "descricao": "Homic\u00eddio qualificado (art. 121, \u00a72o.)"}], "flagrante": "N\u00e3o", "lon": -46.7600603, "dataComunicacao": "13/11/2015", "solucao": "BO PARA INVESTIGA\u00c7\u00c3O", "local": "RUA DEZOITO - S\u00c3O JOSE II - CAMPO LIMPO PAULISTA - SP", "categoria": "HOMICIDIO_DOLOSO", "dataOcorrencia": "13/11/2015", "examesRequisitados": "IC-IML", "idDelegacia": "70402", "numero": "3778", "dataElaboracao": "13/11/2015", "tipoLocal": "Via p\u00fablica", "lat": -23.2102872, "horaComunicacao": "18:01", "tipoBoletim": "Principal", "circunscricao": "DEL.POL.CAMPO LIMPO PAULISTA", "dependencia": "DEL.POL.CAMPO LIMPO PAULISTA"}