{"horaElaboracao": "01:37", "turnoOcorrencia": "DE MADRUGADA", "partesEnvolvidas": [{"naturalidade": "S.PAULO -SP", "estadoCivil": "Solteiro", "naturezasEnvolvidas": "Homic\u00eddio qualificado (art. 121, \u00a72o.)", "tipoEnvolvimento": "V\u00edtima", "nome": "DIENE RIBEIRO FERREIRA", "instrucao": "2 Grau completo", "profissao": "AJUDANTE GERAL", "nacionalidade": "BRASILEIRA", "sexo": "Feminino", "idade": "33", "rg": "40257056-SP", "dataNascimento": "26/02/1982", "cutis": "Parda"}], "idBO": "2015-30406-4064", "naturezas": [{"especie": "T\u00edtulo I - Pessoa (arts. 121 a 154)", "descricao": "Homic\u00eddio qualificado (art. 121, \u00a72o.)"}], "flagrante": "Sim", "lon": -46.8580771, "dataComunicacao": "04/09/2015", "solucao": "BO PARA FLAGRANTE", "local": "RUA FARIA LEMOS, 45 - DELFIM VERDE - CEP: 06871060 - ITAPECERICA DA SERRA - SP", "categoria": "HOMICIDIO_DOLOSO", "dataOcorrencia": "04/09/2015", "examesRequisitados": "IC-IML", "idDelegacia": "30406", "numero": "4064", "dataElaboracao": "04/09/2015", "tipoLocal": "Resid\u00eancia", "lat": -23.7211821, "horaComunicacao": "01:35", "tipoBoletim": "Principal", "circunscricao": "DEL.POL.ITAPECERICA DA SERRA", "dependencia": "DEL.POL.ITAPECERICA DA SERRA"}