{"categoria": "MORTE_SUBITA_NATURAL", "dependencia": "07\u00ba D.P. CAMPINAS", "naturezas": [{"especie": "\u00d3bito", "descricao": "Morte suspeita"}], "tipoLocal": "Via p\u00fablica", "partesEnvolvidas": [{"naturalidade": "SEVERINIA -SP", "estadoCivil": "Casado", "naturezasEnvolvidas": "Morte suspeita", "tipoEnvolvimento": "V\u00edtima", "nome": "GERALDINO RODRIGUES DE CASTRO", "instrucao": "2 Grau completo", "nacionalidade": "BRASILEIRA", "sexo": "Masculino", "idade": "82", "rg": "8267780-SP", "dataNascimento": "20/06/1933", "cutis": "Branca"}], "dataOcorrencia": "12/07/2015", "lon": -47.0284822, "idDelegacia": "70325", "horaElaboracao": "09:19", "flagrante": "N\u00e3o", "numero": "1454", "dataComunicacao": "16/07/2015", "dataElaboracao": "16/07/2015", "tipoBoletim": "Principal", "turnoOcorrencia": "EM HORA INCERTA", "idBO": "2015-70325-1454", "solucao": "APRECIA\u00c7\u00c3O DO DELEGADO TITULAR", "lat": -22.9230559, "horaComunicacao": "09:13", "local": "RUA PRAIA DA TIJUCA, 6 - JD STA EUDOXIA - CEP: 13100790 - CAMPINAS - SP", "circunscricao": "10\u00ba D.P. CAMPINAS"}