{"categoria": "MORTE_SUBITA_NATURAL", "dependencia": "DEL.POL.CUBAT\u00c3O", "naturezas": [{"especie": "\u00d3bito", "descricao": "Morte suspeita"}], "tipoLocal": "Resid\u00eancia", "partesEnvolvidas": [{"naturalidade": "CUBATAO -SP", "estadoCivil": "Solteiro", "naturezasEnvolvidas": "Morte suspeita", "tipoEnvolvimento": "V\u00edtima", "nome": "RICARDO DOS SANTOS CARMO", "instrucao": "Analfabeto", "nacionalidade": "BRASILEIRA", "sexo": "Masculino", "idade": "24", "rg": "39143171-SP", "dataNascimento": "15/02/1991", "cutis": "Parda"}], "dataOcorrencia": "25/10/2015", "lon": -46.52866239999999, "idDelegacia": "40202", "horaElaboracao": "01:51", "flagrante": "N\u00e3o", "numero": "1951", "dataComunicacao": "26/10/2015", "dataElaboracao": "26/10/2015", "tipoBoletim": "Principal", "turnoOcorrencia": "A NOITE", "idBO": "2015-40202-1951", "solucao": "BO PARA REGISTRO", "lat": -23.5554338, "horaComunicacao": "01:47", "local": "RUA SANTA PAULA, 175 - ILHA BELA - CUBATAO - SP", "circunscricao": "03\u00ba D.P. CUBAT\u00c3O"}