{"horaElaboracao": "09:21", "turnoOcorrencia": "PELA MANH\u00c3", "partesEnvolvidas": [{"naturalidade": "MAIRIPORA -SP", "estadoCivil": "Solteiro", "naturezasEnvolvidas": "Morte suspeita", "tipoEnvolvimento": "V\u00edtima", "nome": "DONIZETI CARLOS SECRETO", "instrucao": "2 Grau completo", "nacionalidade": "BRASILEIRA", "sexo": "Masculino", "idade": "57", "rg": "13131937-SP", "dataNascimento": "18/03/1958", "cutis": "Branca"}], "idBO": "2015-30210-2072", "naturezas": [{"especie": "\u00d3bito", "descricao": "Morte suspeita"}], "flagrante": "N\u00e3o", "lon": -46.5836374, "dataComunicacao": "20/06/2015", "solucao": "APRECIA\u00c7\u00c3O DO DELEGADO TITULAR", "local": "RUA ALZIRA FERREIRA CAMPOS, 109 - JD FERN\u00c3O DIAS - MAIRIPORA - SP", "categoria": "MORTE_SUBITA_NATURAL", "dataOcorrencia": "20/06/2015", "examesRequisitados": "IC-IML", "idDelegacia": "30210", "numero": "2072", "dataElaboracao": "20/06/2015", "tipoLocal": "Resid\u00eancia", "lat": -23.326395, "horaComunicacao": "09:18", "tipoBoletim": "Principal", "circunscricao": "DEL.POL.MAIRIPOR\u00c3", "dependencia": "DEL.POL.MAIRIPOR\u00c3"}