{"horaElaboracao": "08:15", "turnoOcorrencia": "A TARDE", "partesEnvolvidas": [{"naturalidade": "PINDAMONHANGABA-SP", "naturezasEnvolvidas": "Morte suspeita", "tipoEnvolvimento": "V\u00edtima", "nome": "REC\u00c9M NASCIDO", "nacionalidade": "BRASILEIRA", "sexo": "Feminino", "idade": "0", "dataNascimento": "09/07/2015", "cutis": "Outros"}], "idBO": "2015-130517-1544", "naturezas": [{"especie": "\u00d3bito", "descricao": "Morte suspeita"}], "flagrante": "N\u00e3o", "lon": -45.4584674, "dataComunicacao": "10/07/2015", "solucao": "ENCAMINHAMENTO DP \u00c1REA DO FATO", "local": "RUA MAJOR JOSE DOS SANTOS MOREIRA - SAO BENEDITO - CEP: 12410050 - PINDAMONHANGABA - SP", "categoria": "MORTE_SUBITA_NATURAL", "dataOcorrencia": "09/07/2015", "examesRequisitados": "IML", "idDelegacia": "130517", "numero": "1544", "dataElaboracao": "10/07/2015", "tipoLocal": "Sa\u00fade", "lat": -22.9308351, "horaComunicacao": "08:13", "tipoBoletim": "Principal", "circunscricao": "DEL.POL.PINDAMONHANGABA", "dependencia": "DEL.POL.PLANT\u00c3O PINDA"}