{"horaElaboracao": "01:28", "turnoOcorrencia": "A NOITE", "partesEnvolvidas": [{"naturalidade": "S.MANUEL -SP", "naturezasEnvolvidas": "Morte suspeita", "tipoEnvolvimento": "V\u00edtima", "nome": "ALEXSANDRO SOUZA DE ALMEIDA", "cutis": "Outros", "sexo": "Masculino", "idade": "22", "rg": "61873939-SP", "dataNascimento": "03/10/1993"}], "idBO": "2015-60103-187", "naturezas": [{"especie": "\u00d3bito", "descricao": "Morte suspeita"}], "flagrante": "N\u00e3o", "lon": -49.3523347, "dataComunicacao": "23/10/2015", "solucao": "AGUARDANDO LAUDOS", "local": "RODOVIA ARCIRIO RIGOTO, KM, 2 - - BALBINOS - SP", "categoria": "MORTE_SUBITA_NATURAL", "dataOcorrencia": "22/10/2015", "examesRequisitados": "IML", "idDelegacia": "60103", "numero": "187", "dataElaboracao": "23/10/2015", "tipoLocal": "Estabelecimento prisional", "lat": -21.9112665, "horaComunicacao": "01:20", "tipoBoletim": "Principal", "circunscricao": "DEL.POL.BALBINOS", "dependencia": "DEL.POL.BALBINOS"}