{"horaElaboracao": "05:17", "turnoOcorrencia": "DE MADRUGADA", "partesEnvolvidas": [{"naturalidade": "S.BERNARDO DO CAMPO -SP", "estadoCivil": "Solteiro", "naturezasEnvolvidas": "Capotamento, Morte suspeita", "tipoEnvolvimento": "V\u00edtima", "nome": "DOUGLAS DOS SANTOS MARINHO", "instrucao": "2 Grau completo", "nacionalidade": "BRASILEIRA", "sexo": "Masculino", "idade": "20", "rg": "43363904-SP", "dataNascimento": "21/04/1994", "cutis": "Branca"}], "idBO": "2015-30110-308", "naturezas": [{"especie": "Acidente de tr\u00e2nsito", "descricao": "Capotamento"}, {"especie": "\u00d3bito", "descricao": "Morte suspeita"}], "flagrante": "N\u00e3o", "lon": -46.5205216, "dataComunicacao": "24/01/2015", "solucao": "ENCAMINHAMENTO DP \u00c1REA DO FATO", "local": "RODOVIA SP 150, 18 - JORDAN\u00d3POLIS - S.BERNARDO DO CAMPO - SP", "categoria": "MORTE_ACIDENTAL", "dataOcorrencia": "24/01/2015", "examesRequisitados": "IC-IML", "idDelegacia": "30110", "numero": "308", "dataElaboracao": "24/01/2015", "tipoLocal": "Rodovia/Estrada", "lat": -23.7884419, "horaComunicacao": "05:15", "tipoBoletim": "Principal", "circunscricao": "05\u00ba D.P. S.BERNARDO DO CAMPO", "dependencia": "02\u00ba D.P. S.BERNARDO DO CAMPO"}