{"horaElaboracao": "11:45", "turnoOcorrencia": "PELA MANH\u00c3", "partesEnvolvidas": [{"naturalidade": "S.PAULO -SP", "estadoCivil": "Solteiro", "naturezasEnvolvidas": "Morte suspeita", "tipoEnvolvimento": "V\u00edtima", "nome": "VITOR HUGO DUARTE BENTO", "instrucao": "1 Grau completo", "nacionalidade": "BRASILEIRA", "sexo": "Masculino", "idade": "18", "rg": "37201449-SP", "dataNascimento": "23/11/1996", "cutis": "Branca"}], "idBO": "2015-10329-2502", "naturezas": [{"especie": "\u00d3bito", "descricao": "Morte suspeita"}], "flagrante": "N\u00e3o", "lon": -46.4918047, "dataComunicacao": "04/08/2015", "solucao": "APRECIA\u00c7\u00c3O DO DELEGADO TITULAR", "local": "AVENIDA OSVALDO VALLE CORDEIRO, 245 - CIDADE LIDER - CEP: 03584000 - S.PAULO - SP", "categoria": "MORTE_SUBITA_NATURAL", "dataOcorrencia": "04/08/2015", "examesRequisitados": "IML", "idDelegacia": "10329", "numero": "2502", "dataElaboracao": "04/08/2015", "tipoLocal": "Sa\u00fade", "lat": -23.5566963, "horaComunicacao": "11:42", "tipoBoletim": "Principal", "circunscricao": "66\u00ba D.P. JDIM ARICANDUVA", "dependencia": "66\u00ba D.P. JDIM ARICANDUVA"}