{"horaElaboracao": "05:54", "turnoOcorrencia": "DE MADRUGADA", "partesEnvolvidas": [{"naturalidade": "MONGAGUA -SP", "estadoCivil": "Solteiro", "naturezasEnvolvidas": "Roubo (art. 157), Homic\u00eddio simples (art. 121)", "tipoEnvolvimento": "Autor/Vitima", "nome": "WESLEY GONCALVES SOUZA PAIVA", "instrucao": "1 Grau completo", "nacionalidade": "BRASILEIRA", "sexo": "Masculino", "idade": "18", "rg": "57724660-SP", "dataNascimento": "21/05/1996", "cutis": "Parda"}, {"naturalidade": "MONGAGUA -SP", "estadoCivil": "Solteiro", "naturezasEnvolvidas": "Homic\u00eddio simples (art. 121), A.I.-Roubo (art. 157)", "tipoEnvolvimento": "V\u00edtima", "nome": "GABRIEL MOREIRA DUARTE DA SILVA", "instrucao": "1 Grau completo", "nacionalidade": "BRASILEIRA", "sexo": "Masculino", "idade": "17", "rg": "44246581-SP", "dataNascimento": "18/03/1997", "cutis": "Branca"}], "idBO": "2015-40207-1078", "naturezas": [{"especie": "T\u00edtulo II - Patrim\u00f4nio (arts. 155 a 183)", "descricao": "Roubo (art. 157)"}, {"especie": "T\u00edtulo I - Pessoa (arts. 121 a 154)", "desdobramentos": "Morte decorrente de interven\u00e7\u00e3o policial (RES. SSP 05 - 07/01/2013)", "descricao": "Homic\u00eddio simples (art. 121)"}, {"especie": "Ato infracional", "descricao": "A.I.-Roubo (art. 157)"}], "flagrante": "N\u00e3o", "lon": -46.6927827, "dataComunicacao": "15/03/2015", "solucao": "ENCAMINHAMENTO DP \u00c1REA DO FATO", "local": "AVENIDA DOM PEDRO I, 111 - BALNE\u00c1RIO ITAGUA\u00cd - CEP: 11730000 - MONGAGUA - SP", "categoria": "OPOSICAO_POLICIAL", "dataOcorrencia": "15/03/2015", "examesRequisitados": "IC-IML", "idDelegacia": "40207", "numero": "1078", "dataElaboracao": "15/03/2015", "tipoLocal": "Via p\u00fablica", "lat": -24.1312981, "horaComunicacao": "05:49", "tipoBoletim": "Principal", "circunscricao": "02\u00ba D.P. MONGAGUA", "dependencia": "DEL.POL.MONGAGUA"}