{"horaElaboracao": "19:39", "turnoOcorrencia": "A TARDE", "partesEnvolvidas": [{"idade": "0", "naturezasEnvolvidas": "Homic\u00eddio simples (art. 121)", "cutis": "Branca", "sexo": "Feminino"}], "idBO": "2015-100301-39", "naturezas": [{"especie": "T\u00edtulo I - Pessoa (arts. 121 a 154)", "descricao": "Homic\u00eddio simples (art. 121)"}], "flagrante": "N\u00e3o", "lon": -46.6939839, "dataComunicacao": "12/02/2015", "solucao": "BO PARA INVESTIGA\u00c7\u00c3O", "local": "RODOVIA JOS\u00c9 SCHAVOTELO, 800 M - ACESSO - ZONA RURAL - CEP: 14550000 - ARAMINA - SP", "categoria": "HOMICIDIO_DOLOSO", "dataOcorrencia": "12/02/2015", "examesRequisitados": "IC-IML", "idDelegacia": "100301", "numero": "39", "dataElaboracao": "12/02/2015", "tipoLocal": "Via p\u00fablica", "lat": -23.6046273, "horaComunicacao": "19:35", "tipoBoletim": "Principal", "circunscricao": "DEL.POL.ARAMINA", "dependencia": "DEL.POL.ARAMINA"}