{"horaElaboracao": "18:30", "turnoOcorrencia": "A TARDE", "partesEnvolvidas": [{"naturalidade": "ROSARIO DO CATETE -SE", "naturezasEnvolvidas": "Morte suspeita", "tipoEnvolvimento": "V\u00edtima", "nome": "SEBASTIAO DE JESUS", "nacionalidade": "BRASILEIRA", "sexo": "Masculino", "idade": "61", "rg": "8565680-SP", "dataNascimento": "05/09/1953", "cutis": "Parda"}], "idBO": "2015-30129-1720", "naturezas": [{"especie": "\u00d3bito", "descricao": "Morte suspeita"}], "flagrante": "N\u00e3o", "lon": -46.6142014, "dataComunicacao": "07/07/2015", "solucao": "APRECIA\u00c7\u00c3O DO DELEGADO TITULAR", "local": "AVENIDA JOS\u00c9 BONIF\u00c1CIO, 1641 - SERRARIA - CEP: 09960120 - DIADEMA - SP", "categoria": "MORTE_ACIDENTAL", "dataOcorrencia": "07/07/2015", "examesRequisitados": "IML", "idDelegacia": "30129", "numero": "1720", "dataElaboracao": "07/07/2015", "tipoLocal": "Servi\u00e7os e bens p\u00fablicos", "lat": -23.695068, "horaComunicacao": "18:24", "tipoBoletim": "Principal", "circunscricao": "04\u00ba D.P. DIADEMA", "dependencia": "04\u00ba D.P. DIADEMA"}