{"horaElaboracao": "09:50", "turnoOcorrencia": "PELA MANH\u00c3", "partesEnvolvidas": [{"naturalidade": "CARPINA -PE", "estadoCivil": "Solteiro", "naturezasEnvolvidas": "Morte suspeita", "tipoEnvolvimento": "V\u00edtima", "nome": "ESMAEL GONCALVES DOS SANTOS", "instrucao": "1 Grau completo", "profissao": "PEDREIRO", "nacionalidade": "BRASILEIRA", "sexo": "Masculino", "idade": "35", "rg": "35532291-SP", "dataNascimento": "25/12/1979", "cutis": "Parda"}], "idBO": "2015-130415-464", "naturezas": [{"especie": "\u00d3bito", "descricao": "Morte suspeita"}], "flagrante": "N\u00e3o", "lon": -45.890923, "dataComunicacao": "04/03/2015", "solucao": "BO PARA INVESTIGA\u00c7\u00c3O", "local": "AVENIDA DR. ADHEMAR DE BARROS - VILA ABERN\u00c9SSIA - CEP: 12460000 - CAMPOS DO JORDAO - SP", "categoria": "SUICIDIO_DUVIDOSO", "dataOcorrencia": "04/03/2015", "examesRequisitados": "IML", "idDelegacia": "130415", "numero": "464", "dataElaboracao": "04/03/2015", "tipoLocal": "Reparti\u00e7\u00e3o P\u00fablica", "lat": -23.1963862, "horaComunicacao": "09:42", "tipoBoletim": "Principal", "circunscricao": "01\u00ba D.P. CAMPOS DO JORD\u00c3O", "dependencia": "DEL.POL.CAMPOS DO JORD\u00c3O"}