{"horaElaboracao": "01:22", "turnoOcorrencia": "A NOITE", "partesEnvolvidas": [{"naturalidade": "CAJAZEIRAS", "estadoCivil": "Solteiro", "naturezasEnvolvidas": "Homic\u00eddio simples (art. 121)", "tipoEnvolvimento": "V\u00edtima", "nome": "MARIA AUXILIADORA PEREIRA FERNANDES", "nacionalidade": "BRASILEIRA", "sexo": "Feminino", "idade": "37", "rg": "36336795-SP", "dataNascimento": "19/01/1977", "cutis": "Parda"}], "idBO": "2015-30105-282", "naturezas": [{"especie": "T\u00edtulo I - Pessoa (arts. 121 a 154)", "descricao": "Homic\u00eddio simples (art. 121)"}], "flagrante": "N\u00e3o", "lon": -46.5090671, "dataComunicacao": "14/01/2015", "solucao": "APRECIA\u00c7\u00c3O DO DELEGADO TITULAR", "local": "RUA DO LAGO - VILA JO\u00c3O RAMALHO - S.ANDRE - SP", "categoria": "HOMICIDIO_DOLOSO", "dataOcorrencia": "13/01/2015", "examesRequisitados": "IC-IML", "idDelegacia": "30105", "numero": "282", "dataElaboracao": "14/01/2015", "tipoLocal": "Favela", "lat": -23.718346, "horaComunicacao": "01:18", "tipoBoletim": "Principal", "circunscricao": "06\u00ba D.P. SANTO ANDR\u00c9", "dependencia": "04\u00ba D.P. SANTO ANDR\u00c9"}