{"horaElaboracao": "04:50", "turnoOcorrencia": "DE MADRUGADA", "partesEnvolvidas": [{"naturalidade": "SANTOS -SP", "estadoCivil": "Solteiro", "naturezasEnvolvidas": "Morte suspeita", "tipoEnvolvimento": "V\u00edtima", "nome": "ESTELA COVALIS DA SILVA", "instrucao": "1 Grau completo", "profissao": "APOSENTADO(A)", "nacionalidade": "BRASILEIRA", "sexo": "Feminino", "idade": "69", "rg": "4689862-SP", "dataNascimento": "30/11/1945", "cutis": "Branca"}], "idBO": "2015-10314-2287", "naturezas": [{"especie": "\u00d3bito", "descricao": "Morte suspeita"}], "flagrante": "N\u00e3o", "lon": -46.7397992, "dataComunicacao": "16/03/2015", "solucao": "ENCAMINHAMENTO DP \u00c1REA DO FATO", "local": "RUA ADOLFO DE SOUZA CARNEIRO, 335 - SAO DOMINGOS - CEP: 05128150 - S.PAULO - SP", "categoria": "MORTE_SUBITA_NATURAL", "dataOcorrencia": "16/03/2015", "examesRequisitados": "IML", "idDelegacia": "10314", "numero": "2287", "dataElaboracao": "16/03/2015", "tipoLocal": "Sa\u00fade", "lat": -23.4921522, "horaComunicacao": "04:41", "tipoBoletim": "Principal", "circunscricao": "33\u00ba D.P. PIRITUBA", "dependencia": "14\u00ba D.P. PINHEIROS"}