{"horaElaboracao": "13:24", "turnoOcorrencia": "PELA MANH\u00c3", "partesEnvolvidas": [{"naturalidade": "S\u00c3O PAULO", "estadoCivil": "Solteiro", "naturezasEnvolvidas": "Morte suspeita", "tipoEnvolvimento": "V\u00edtima", "nome": "HENRIQUE LIMA ALMEIDA", "instrucao": "Analfabeto", "nacionalidade": "BRASILEIRA", "sexo": "Masculino", "idade": "0", "dataNascimento": "06/06/2015", "cutis": "Branca"}], "idBO": "2015-10309-2008", "naturezas": [{"especie": "\u00d3bito", "descricao": "Morte suspeita"}], "flagrante": "N\u00e3o", "lon": -46.4427137, "dataComunicacao": "15/07/2015", "solucao": "APRECIA\u00c7\u00c3O DO DELEGADO TITULAR", "local": "RUA MIGUEL FERREIRA DE MELO, 497 - SAO RAFAEL - CEP: 08390000 - S.PAULO - SP", "categoria": "MORTE_SUBITA_NATURAL", "dataOcorrencia": "15/07/2015", "examesRequisitados": "IML", "idDelegacia": "10309", "numero": "2008", "dataElaboracao": "15/07/2015", "tipoLocal": "Sa\u00fade", "lat": -23.6326282, "horaComunicacao": "13:16", "tipoBoletim": "Principal", "circunscricao": "55\u00ba D.P. PARQUE S.RAFAEL", "dependencia": "55\u00ba D.P. PARQUE S.RAFAEL"}