{"categoria": "MORTE_SUBITA_NATURAL", "dependencia": "CENTRAL POL. JUD. RIB. PRETO", "naturezas": [{"especie": "\u00d3bito", "descricao": "Morte suspeita"}], "tipoLocal": "Resid\u00eancia", "partesEnvolvidas": [{"naturalidade": "S.PAULO -SP", "estadoCivil": "Solteiro", "naturezasEnvolvidas": "Morte suspeita", "tipoEnvolvimento": "V\u00edtima", "nome": "MARIO DE CARVALHO E SILVA", "instrucao": "1 Grau completo", "profissao": "PINTOR(A)", "sexo": "Masculino", "idade": "48", "rg": "15522612-SP", "dataNascimento": "06/04/1967", "cutis": "Branca"}], "dataOcorrencia": "19/05/2015", "lon": -47.8029616, "idDelegacia": "100919", "horaElaboracao": "15:26", "flagrante": "N\u00e3o", "numero": "11177", "dataComunicacao": "19/05/2015", "dataElaboracao": "19/05/2015", "tipoBoletim": "Principal", "turnoOcorrencia": "A TARDE", "idBO": "2015-100919-11177", "solucao": "APRECIA\u00c7\u00c3O DO DELEGADO TITULAR", "lat": -21.155516, "horaComunicacao": "15:01", "local": "RUA FL\u00c1VIO UCH\u00d4A, 555 - CAMPOS ELISEOS - CEP: 14080430 - RIBEIRAO PRETO - SP", "circunscricao": "02\u00ba D.P. RIBEIRAO PRETO"}