{"horaElaboracao": "10:33", "turnoOcorrencia": "PELA MANH\u00c3", "partesEnvolvidas": [{"naturalidade": "CANTANHEDE", "estadoCivil": "Viuvo", "naturezasEnvolvidas": "Morte suspeita", "tipoEnvolvimento": "V\u00edtima", "nome": "EUGENIA DA CONCEI\u00c7\u00c3O FERNANDES", "nacionalidade": "PORTUGUESA", "sexo": "Feminino", "idade": "89", "rg": "049407-SP", "dataNascimento": "03/03/1925", "cutis": "Branca"}], "idBO": "2015-40203-6", "naturezas": [{"especie": "\u00d3bito", "descricao": "Morte suspeita"}], "flagrante": "N\u00e3o", "lon": -46.283614, "dataComunicacao": "01/01/2015", "solucao": "ENCAMINHAMENTO DP \u00c1REA DO FATO", "local": "RUA MAT\u00c3O, 71 - VILA AUREA - GUARUJA - SP", "categoria": "MORTE_SUBITA_NATURAL", "dataOcorrencia": "01/01/2015", "examesRequisitados": "IML", "idDelegacia": "40203", "numero": "6", "dataElaboracao": "01/01/2015", "tipoLocal": "Sa\u00fade", "lat": -23.9416816, "horaComunicacao": "10:31", "tipoBoletim": "Principal", "circunscricao": "02\u00ba D.P. GUARUJA", "dependencia": "DEL.POL.GUARUJA"}