{"horaElaboracao": "19:47", "turnoOcorrencia": "A TARDE", "partesEnvolvidas": [{"naturalidade": "SANTOS -SP", "estadoCivil": "Separado", "naturezasEnvolvidas": "Morte suspeita", "tipoEnvolvimento": "V\u00edtima", "nome": "JEAN MICHELE DUARTE BARSOTTI DE FREITAS", "instrucao": "2 Grau completo", "profissao": "INSTRUTOR(A)", "nacionalidade": "BRASILEIRA", "sexo": "Masculino", "idade": "38", "rg": "24393022-SP", "dataNascimento": "17/09/1976", "cutis": "Branca"}], "idBO": "2015-70923-25", "naturezas": [{"especie": "\u00d3bito", "descricao": "Morte suspeita"}], "flagrante": "N\u00e3o", "lon": -47.4002343, "dataComunicacao": "01/01/2015", "solucao": "ENCAMINHAMENTO DP \u00c1REA DO FATO", "local": "AVENIDA ANT\u00d4NIO OMETO - VILA KUHL - LIMEIRA - SP", "categoria": "MORTE_SUBITA_NATURAL", "dataOcorrencia": "01/01/2015", "examesRequisitados": "IML", "idDelegacia": "70923", "numero": "25", "dataElaboracao": "01/01/2015", "tipoLocal": "Sa\u00fade", "lat": -22.5773683, "horaComunicacao": "19:37", "tipoBoletim": "Principal", "circunscricao": "01\u00ba D.P. LIMEIRA", "dependencia": "DEL.SEC.LIMEIRA PLANT\u00c3O"}