{"horaElaboracao": "04:45", "turnoOcorrencia": "DE MADRUGADA", "partesEnvolvidas": [{"naturalidade": "JABORANDI -SP", "estadoCivil": "Viuvo", "naturezasEnvolvidas": "Morte natural", "tipoEnvolvimento": "V\u00edtima", "nome": "JOSE ASSEF", "instrucao": "1 Grau completo", "profissao": "APOSENTADO(A)", "nacionalidade": "BRASILEIRA", "sexo": "Masculino", "idade": "80", "rg": "3943211-SP", "dataNascimento": "04/08/1934", "cutis": "Branca"}], "idBO": "2015-10333-3563", "naturezas": [{"especie": "\u00d3bito", "descricao": "Morte natural"}], "flagrante": "N\u00e3o", "lon": -46.72849009999999, "dataComunicacao": "14/06/2015", "solucao": "ENCAMINHAMENTO DP \u00c1REA DO FATO", "local": "AVENIDA MENOTTI LAUDISIO, 100 - PIRITUBA - CEP: 02945000 - S.PAULO - SP", "categoria": "MORTE_SUBITA_NATURAL", "dataOcorrencia": "14/06/2015", "examesRequisitados": "IML", "idDelegacia": "10333", "numero": "3563", "dataElaboracao": "14/06/2015", "tipoLocal": "Sa\u00fade", "lat": -23.4841062, "horaComunicacao": "04:44", "tipoBoletim": "Principal", "circunscricao": "87\u00ba D.P. V. P. BARRETO", "dependencia": "33\u00ba D.P. PIRITUBA"}