{"horaElaboracao": "17:27", "turnoOcorrencia": "PELA MANH\u00c3", "partesEnvolvidas": [{"naturalidade": "S.RITA PASSA QUATRO -SP", "estadoCivil": "Viuvo", "naturezasEnvolvidas": "Morte suspeita", "tipoEnvolvimento": "V\u00edtima", "nome": "LATIFI BITTAR ZAMAT", "profissao": "APOSENTADO(A)", "nacionalidade": "BRASILEIRA", "sexo": "Feminino", "idade": "86", "rg": "2331213-SP", "dataNascimento": "05/12/1928", "cutis": "Branca"}], "idBO": "2015-10342-5691", "naturezas": [{"especie": "\u00d3bito", "descricao": "Morte suspeita"}], "flagrante": "N\u00e3o", "lon": -46.6392554, "dataComunicacao": "04/07/2015", "solucao": "ENCAMINHAMENTO DP \u00c1REA DO FATO", "local": "RUA CASTRO ALVES, 60 - LIBERDADE - CEP: 01532001 - S.PAULO - SP", "categoria": "MORTE_SUBITA_NATURAL", "dataOcorrencia": "04/07/2015", "examesRequisitados": "IML", "idDelegacia": "10342", "numero": "5691", "dataElaboracao": "04/07/2015", "tipoLocal": "Sa\u00fade", "lat": -23.5668044, "horaComunicacao": "17:26", "tipoBoletim": "Principal", "circunscricao": "05\u00ba D.P. ACLIMACAO", "dependencia": "78\u00ba D.P. JARDINS"}