{"horaElaboracao": "00:13", "turnoOcorrencia": "A NOITE", "partesEnvolvidas": [], "idBO": "2015-70922-2057", "naturezas": [{"especie": "T\u00edtulo I - Pessoa (arts. 121 a 154)", "desdobramentos": "II - por motivo f\u00fatil", "descricao": "Homic\u00eddio qualificado (art. 121, \u00a72o.)"}, {"especie": "T\u00edtulo II - Patrim\u00f4nio (arts. 155 a 183)", "descricao": "Extors\u00e3o (art. 158)"}, {"especie": "T\u00edtulo VI - Dignidade Sexual (arts 213 a 234)", "descricao": "Rufianismo (art.230)"}, {"especie": "T\u00edtulo XI - Administra\u00e7\u00e3o p\u00fablica (arts. 312 a 359-H)", "descricao": "Contrabando ou descaminho (art. 334)"}, {"especie": "T\u00edtulo I - Pessoa (arts. 121 a 154)", "desdobramentos": "II - por motivo f\u00fatil", "descricao": "Homic\u00eddio qualificado (art. 121, \u00a72o.)"}, {"especie": "T\u00edtulo I - Pessoa (arts. 121 a 154)", "descricao": "Les\u00e3o corporal (art. 129)"}], "flagrante": "Sim", "lon": -47.648089, "dataComunicacao": "25/03/2015", "solucao": "BO PARA FLAGRANTE", "local": "AVENIDA JOS\u00c9 MICHELETI, 1145 - CENTRO - PIRACICABA - SP", "categoria": "HOMICIDIO_DOLOSO", "dataOcorrencia": "24/03/2015", "examesRequisitados": "IC-IML", "idDelegacia": "70922", "numero": "2057", "dataElaboracao": "25/03/2015", "tipoLocal": "Restaurante e afins", "lat": -22.7342299, "horaComunicacao": "00:10", "tipoBoletim": "Principal", "circunscricao": "02\u00ba D.P. PIRACICABA", "dependencia": "DEL.SEC.PIRACICABA PLANT\u00c3O"}