{"horaElaboracao": "00:24", "turnoOcorrencia": "A NOITE", "partesEnvolvidas": [{"naturalidade": "SIMPLICIO MENDES -PI", "estadoCivil": "Solteiro", "naturezasEnvolvidas": "Morte suspeita", "tipoEnvolvimento": "V\u00edtima", "nome": "GINAVANILDO DECIO REIS", "instrucao": "2 Grau completo", "profissao": "SEGURANCA", "nacionalidade": "BRASILEIRA", "sexo": "Masculino", "idade": "36", "rg": "38412028-SP", "dataNascimento": "30/04/1979", "cutis": "Branca"}], "idBO": "2015-30440-2392", "naturezas": [{"especie": "\u00d3bito", "descricao": "Morte suspeita"}], "flagrante": "N\u00e3o", "lon": -46.765214, "dataComunicacao": "12/05/2015", "solucao": "ENCAMINHAMENTO DP \u00c1REA DO FATO", "local": "RUA GERALDO DA CONCEI\u00c7\u00c3O, 63 - VILA MENCK - CEP: 06273190 - OSASCO - SP", "categoria": "MORTE_SUBITA_NATURAL", "dataOcorrencia": "11/05/2015", "examesRequisitados": "IC-IML", "idDelegacia": "30440", "numero": "2392", "dataElaboracao": "12/05/2015", "tipoLocal": "Via p\u00fablica", "lat": -23.4998968, "horaComunicacao": "00:18", "tipoBoletim": "Principal", "circunscricao": "07\u00ba D.P. OSASCO", "dependencia": "10\u00ba D.P. OSASCO"}