{"categoria": "HOMICIDIO_DOLOSO", "dependencia": "DEL.POL.COSM\u00d3POLIS", "naturezas": [{"especie": "T\u00edtulo I - Pessoa (arts. 121 a 154)", "descricao": "Homic\u00eddio qualificado (art. 121, \u00a72o.)"}], "tipoLocal": "Via p\u00fablica", "partesEnvolvidas": [{"naturalidade": "CAMPINAS -SP", "estadoCivil": "Solteiro", "naturezasEnvolvidas": "Homic\u00eddio qualificado (art. 121, \u00a72o.)", "tipoEnvolvimento": "V\u00edtima", "nome": "YOSHINORI TESHIMA FILHO", "instrucao": "1 Grau completo", "profissao": "AUTONOMO(A)", "sexo": "Masculino", "idade": "38", "rg": "29565761-SP", "dataNascimento": "08/09/1976", "cutis": "Branca"}], "dataOcorrencia": "15/07/2015", "lon": -47.192844, "idDelegacia": "70311", "horaElaboracao": "10:07", "flagrante": "N\u00e3o", "numero": "2888", "dataComunicacao": "15/07/2015", "dataElaboracao": "15/07/2015", "tipoBoletim": "Principal", "turnoOcorrencia": "PELA MANH\u00c3", "idBO": "2015-70311-2888", "solucao": "BO PARA INQU\u00c9RITO", "lat": -22.6329198, "horaComunicacao": "09:59", "local": "AVENIDA MARGINAL, 1329 - JARDIM DO SOL - CEP: 13150000 - COSMOPOLIS - SP", "circunscricao": "DEL.POL.COSM\u00d3POLIS"}