{"horaElaboracao": "16:07", "turnoOcorrencia": "A TARDE", "partesEnvolvidas": [{"tipoEnvolvimento": "V\u00edtima", "nome": "DESCONHECIDA", "cutis": "Branca", "sexo": "Feminino", "idade": "0", "naturezasEnvolvidas": "Morte suspeita"}], "idBO": "2015-50308-6841", "naturezas": [{"especie": "\u00d3bito", "descricao": "Morte suspeita"}], "flagrante": "N\u00e3o", "lon": -50.4256091, "dataComunicacao": "12/06/2015", "solucao": "BO PARA INVESTIGA\u00c7\u00c3O", "local": "RUA BAGUA\u00c7U, 1820 - PARQUE BAGUA\u00c7U - ARACATUBA - SP", "categoria": "MORTE_SUBITA_NATURAL", "dataOcorrencia": "12/06/2015", "examesRequisitados": "IC-IML", "idDelegacia": "50308", "numero": "6841", "dataElaboracao": "12/06/2015", "tipoLocal": "Unidade rural", "lat": -21.2251145, "horaComunicacao": "16:04", "tipoBoletim": "Principal", "circunscricao": "02\u00ba D.P. ARA\u00c7ATUBA", "dependencia": "DEL.SEC.ARA\u00c7ATUBA PLANT\u00c3O"}