{"horaElaboracao": "22:21", "turnoOcorrencia": "A NOITE", "partesEnvolvidas": [{"naturalidade": "MOTUCA -SP", "estadoCivil": "Separado", "naturezasEnvolvidas": "Morte suspeita", "tipoEnvolvimento": "V\u00edtima", "nome": "ANTONIO GOMES", "instrucao": "1 Grau completo", "nacionalidade": "BRASILEIRA", "sexo": "Masculino", "idade": "70", "rg": "5115123-SP", "dataNascimento": "13/10/1944", "cutis": "Branca"}], "idBO": "2015-70932-3234", "naturezas": [{"especie": "\u00d3bito", "descricao": "Morte suspeita"}], "flagrante": "N\u00e3o", "lon": -46.889454, "dataComunicacao": "11/06/2015", "solucao": "BO PARA REGISTRO", "local": "RUA S\u00c3O VICENTE DE PAULA, 223 - CENTRO - CEP: 13201625 - JUNDIAI - SP", "categoria": "MORTE_SUBITA_NATURAL", "dataOcorrencia": "11/06/2015", "examesRequisitados": "SVO", "idDelegacia": "70932", "numero": "3234", "dataElaboracao": "11/06/2015", "tipoLocal": "Sa\u00fade", "lat": -23.1838035, "horaComunicacao": "22:11", "tipoBoletim": "Principal", "circunscricao": "01\u00ba D.P. JUNDIAI", "dependencia": "DEL.SEC.JUNDIAI PLANT\u00c3O"}