{"horaElaboracao": "15:38", "turnoOcorrencia": "A TARDE", "partesEnvolvidas": [{"naturalidade": "S.PAULO -SP", "estadoCivil": "Solteiro", "naturezasEnvolvidas": "Homic\u00eddio simples (art. 121)", "tipoEnvolvimento": "V\u00edtima", "nome": "SAMUEL ROBERTO BREVE DOS SANTOS", "instrucao": "2 Grau completo", "nacionalidade": "BRASILEIRA", "sexo": "Masculino", "idade": "17", "rg": "38991768-SP", "dataNascimento": "28/02/1998", "cutis": "Preta"}], "idBO": "2015-200100-385", "naturezas": [{"especie": "Ato infracional", "descricao": "A.I.-Roubo (art. 157)"}, {"especie": "Ato infracional", "descricao": "Resist\u00eancia (art. 329)"}, {"especie": "T\u00edtulo I - Pessoa (arts. 121 a 154)", "desdobramentos": "Morte decorrente de interven\u00e7\u00e3o policial (RES. SSP 05 - 07/01/2013)", "descricao": "Homic\u00eddio simples (art. 121)"}, {"especie": "T\u00edtulo I - Pessoa (arts. 121 a 154)", "desdobramentos": "Les\u00e3o corporal decorrente de interven\u00e7\u00e3o policial (RES. SSP 05 - 07/01/2013)", "descricao": "Les\u00e3o corporal (art. 129)"}, {"especie": "Localiza\u00e7\u00e3o e/ou Devolu\u00e7\u00e3o", "descricao": "Localiza\u00e7\u00e3o/Apreens\u00e3o e Entrega de ve\u00edculo"}], "flagrante": "N\u00e3o", "lon": -46.67856760000001, "dataComunicacao": "11/05/2015", "solucao": "ENCAM FEBEM/V.INFAN.JUVENTUDE", "local": "RUA SILVERIO GONCALVES, 92 - LIMAO - CEP: 02754000 - S.PAULO - SP", "categoria": "OPOSICAO_POLICIAL", "dataOcorrencia": "11/05/2015", "examesRequisitados": "IC-IML", "idDelegacia": "200100", "numero": "385", "dataElaboracao": "11/05/2015", "tipoLocal": "Via p\u00fablica", "lat": -23.4918909, "horaComunicacao": "15:33", "tipoBoletim": "Principal", "circunscricao": "40\u00ba D.P. VILA STA MARIA", "dependencia": "DHPP DIV. HOMICIDIOS"}