{"horaElaboracao": "23:35", "turnoOcorrencia": "A NOITE", "partesEnvolvidas": [{"naturalidade": "LIMEIRA -SP", "estadoCivil": "Solteiro", "naturezasEnvolvidas": "Morte suspeita", "tipoEnvolvimento": "V\u00edtima", "nome": "REGINALDO PEREIRA DE SOUZA", "instrucao": "1 Grau completo", "nacionalidade": "BRASILEIRA", "sexo": "Masculino", "idade": "45", "rg": "25751581-SP", "dataNascimento": "29/05/1969", "cutis": "Parda"}], "idBO": "2015-70923-1236", "naturezas": [{"especie": "\u00d3bito", "descricao": "Morte suspeita"}], "flagrante": "N\u00e3o", "lon": -47.4004996, "dataComunicacao": "03/03/2015", "solucao": "APRECIA\u00c7\u00c3O DO DELEGADO TITULAR", "local": "AVENIDA ANT\u00d4NIO OMETO, 598 - VILA CLAUDIA - CEP: 13480470 - LIMEIRA - SP", "categoria": "MORTE_SUBITA_NATURAL", "dataOcorrencia": "03/03/2015", "examesRequisitados": "IML", "idDelegacia": "70923", "numero": "1236", "dataElaboracao": "03/03/2015", "tipoLocal": "Sa\u00fade", "lat": -22.5783379, "horaComunicacao": "23:31", "tipoBoletim": "Principal", "circunscricao": "01\u00ba D.P. LIMEIRA", "dependencia": "DEL.SEC.LIMEIRA PLANT\u00c3O"}