{"horaElaboracao": "11:43", "turnoOcorrencia": "PELA MANH\u00c3", "partesEnvolvidas": [{"naturalidade": "S.PAULO -SP", "estadoCivil": "Solteiro", "naturezasEnvolvidas": "Homic\u00eddio simples (art. 121)", "tipoEnvolvimento": "V\u00edtima", "nome": "RICARDO BATISTA DE CARVALHO", "instrucao": "1 Grau completo", "profissao": "MOTO-BOY", "nacionalidade": "BRASILEIRA", "sexo": "Masculino", "idade": "35", "rg": "30851527-SP", "dataNascimento": "09/11/1979", "cutis": "Branca"}], "idBO": "2015-20241-4771", "naturezas": [{"especie": "T\u00edtulo I - Pessoa (arts. 121 a 154)", "descricao": "Homic\u00eddio simples (art. 121)"}], "flagrante": "N\u00e3o", "lon": -46.5101802, "dataComunicacao": "18/09/2015", "solucao": "BO PARA INQU\u00c9RITO", "local": "RUA JOAO CERESINI, 218 - SAPOPEMBA - CEP: 03923160 - S.PAULO - SP", "categoria": "HOMICIDIO_DOLOSO", "dataOcorrencia": "18/09/2015", "examesRequisitados": "IC-IML", "idDelegacia": "20241", "numero": "4771", "dataElaboracao": "18/09/2015", "tipoLocal": "Via p\u00fablica", "lat": -23.5933519, "horaComunicacao": "11:39", "tipoBoletim": "Principal", "circunscricao": "41\u00ba D.P. VILA RICA", "dependencia": "41\u00ba D.P. VILA RICA"}