{"horaElaboracao": "12:14", "turnoOcorrencia": "PELA MANH\u00c3", "partesEnvolvidas": [{"naturalidade": "GUARUJA -SP", "estadoCivil": "Convivente", "naturezasEnvolvidas": "Morte suspeita", "tipoEnvolvimento": "V\u00edtima", "nome": "ROSANGELA CORREIA SOUZA", "instrucao": "1 Grau completo", "profissao": "PRENDAS DOMESTICAS", "nacionalidade": "BRASILEIRA", "sexo": "Feminino", "idade": "48", "rg": "22993590-SP", "dataNascimento": "17/03/1967", "cutis": "Parda"}], "idBO": "2015-30500-605", "naturezas": [{"especie": "\u00d3bito", "descricao": "Morte suspeita"}], "flagrante": "N\u00e3o", "lon": -46.34882289999999, "dataComunicacao": "15/05/2015", "solucao": "AGUARDANDO LAUDOS", "local": "AVENIDA \u00cdTALO ADAMI, 1886 - VL FERREIRA - CEP: 08573000 - ITAQUAQUECETUBA - SP", "categoria": "MORTE_SUBITA_NATURAL", "dataOcorrencia": "15/05/2015", "examesRequisitados": "IML", "idDelegacia": "30500", "numero": "605", "dataElaboracao": "15/05/2015", "tipoLocal": "Resid\u00eancia", "lat": -23.4966213, "horaComunicacao": "12:11", "tipoBoletim": "Principal", "circunscricao": "DEL.POL.ITAQUAQUECETUBA", "dependencia": "01\u00ba D.P. ITAQUAQUECETUBA"}