{"horaElaboracao": "17:24", "turnoOcorrencia": "PELA MANH\u00c3", "partesEnvolvidas": [{"naturalidade": "ITIRUCU -BA", "estadoCivil": "Solteiro", "naturezasEnvolvidas": "Homic\u00eddio simples (art. 121)", "tipoEnvolvimento": "V\u00edtima", "nome": "MARIA DA CONCEICAO SOUZA", "instrucao": "1 Grau incompleto", "nacionalidade": "BRASILEIRA", "sexo": "Feminino", "idade": "75", "rg": "4410365-SP", "dataNascimento": "20/09/1939", "cutis": "Branca"}], "idBO": "2015-200100-470", "nomeDelegaciaBoPrincipal": "27\u00ba D.P. IBIRAPUERA", "naturezas": [{"especie": "T\u00edtulo I - Pessoa (arts. 121 a 154)", "descricao": "Homic\u00eddio simples (art. 121)"}], "flagrante": "N\u00e3o", "lon": -46.6531509, "dataComunicacao": "11/06/2015", "solucao": "BO PARA INQU\u00c9RITO", "numeroBoPrincipal": "5255", "categoria": "HOMICIDIO_DOLOSO", "dataOcorrencia": "11/06/2015", "examesRequisitados": "IC-IML", "idDelegacia": "200100", "numero": "470", "tipoBoletim": "Complementar", "dataElaboracao": "11/06/2015", "tipoLocal": "Resid\u00eancia", "lat": -23.611443, "horaComunicacao": "17:22", "anoBoPrincipal": "2015", "circunscricao": "27\u00ba D.P. IBIRAPUERA", "local": "ALAMEDA DOS GUAIAZES, 539 - SAUDE - CEP: 04079011 - S.PAULO - SP", "dependencia": "DHPP DIV. HOMICIDIOS"}