{"horaElaboracao": "10:10", "turnoOcorrencia": "A TARDE", "partesEnvolvidas": [{"naturalidade": "BARBACENA", "estadoCivil": "Divorciado", "naturezasEnvolvidas": "Morte suspeita", "tipoEnvolvimento": "V\u00edtima", "nome": "EDMEIA APARECIDA RIBEIRO", "cutis": "Branca", "sexo": "Feminino", "idade": "59", "rg": "95998035-MG", "dataNascimento": "11/12/1955"}], "idBO": "2015-70014-5969", "naturezas": [{"especie": "\u00d3bito", "descricao": "Morte suspeita"}], "flagrante": "N\u00e3o", "lon": -47.0384111, "dataComunicacao": "24/06/2015", "solucao": "ENCAMINHAMENTO DP \u00c1REA DO FATO", "local": "RUA SERRA DOURADA, 258 - JD S FERNANDO - CEP: 13101314 - CAMPINAS - SP", "categoria": "MORTE_SUBITA_NATURAL", "dataOcorrencia": "23/06/2015", "examesRequisitados": "IML", "idDelegacia": "70014", "numero": "5969", "dataElaboracao": "24/06/2015", "tipoLocal": "Resid\u00eancia", "lat": -22.9157862, "horaComunicacao": "10:00", "tipoBoletim": "Principal", "circunscricao": "10\u00ba D.P. CAMPINAS", "dependencia": "PLANT\u00c3O - 04 DP CAMPINAS"}