{"categoria": "HOMICIDIO_DOLOSO", "dependencia": "98\u00ba D.P. JARDIM MIRIAM", "naturezas": [{"especie": "T\u00edtulo I - Pessoa (arts. 121 a 154)", "descricao": "Homic\u00eddio simples (art. 121)"}], "tipoLocal": "Via p\u00fablica", "partesEnvolvidas": [{"tipoEnvolvimento": "V\u00edtima", "nome": "DESCONHECIDA", "cutis": "Parda", "sexo": "Feminino", "idade": "0", "naturezasEnvolvidas": "Homic\u00eddio simples (art. 121)"}], "dataOcorrencia": "20/03/2015", "lon": -46.6211196, "idDelegacia": "10371", "horaElaboracao": "01:40", "flagrante": "N\u00e3o", "numero": "2562", "dataComunicacao": "20/03/2015", "dataElaboracao": "20/03/2015", "tipoBoletim": "Principal", "turnoOcorrencia": "DE MADRUGADA", "idBO": "2015-10371-2562", "solucao": "BO PARA INQU\u00c9RITO", "lat": -23.7081414, "horaComunicacao": "01:36", "local": "ESTRADA \u00c1GUA SANTA, 10 - PEDREIRA - S.PAULO - SP", "circunscricao": "98\u00ba D.P. JARDIM MIRIAM"}