{"horaElaboracao": "22:34", "turnoOcorrencia": "A NOITE", "partesEnvolvidas": [], "idBO": "2015-30103-7413", "naturezas": [{"especie": "\u00d3bito", "descricao": "Morte suspeita"}], "flagrante": "N\u00e3o", "lon": -46.499567, "dataComunicacao": "20/12/2015", "solucao": "ENCAMINHAMENTO DP \u00c1REA DO FATO", "local": "RUA AM\u00c9RICA DO SUL, 285 - PARQUE NOVO ORAT\u00d3RIO I - CEP: 09270410 - S.ANDRE - SP", "categoria": "SUICIDIO_DUVIDOSO", "dataOcorrencia": "20/12/2015", "examesRequisitados": "IML", "idDelegacia": "30103", "numero": "7413", "dataElaboracao": "20/12/2015", "tipoLocal": "Sa\u00fade", "lat": -23.6350829, "horaComunicacao": "22:25", "tipoBoletim": "Principal", "circunscricao": "05\u00ba D.P. SANTO ANDR\u00c9", "dependencia": "02\u00ba D.P. SANTO ANDR\u00c9"}