{"horaElaboracao": "01:37", "turnoOcorrencia": "A NOITE", "partesEnvolvidas": [{"naturalidade": "ARARAS -SP", "estadoCivil": "Solteiro", "naturezasEnvolvidas": "Morte suspeita", "tipoEnvolvimento": "V\u00edtima", "nome": "ANTONIO LUIZ DE ARAUJO", "instrucao": "2 Grau completo", "profissao": "PINTOR(A)", "sexo": "Masculino", "idade": "56", "rg": "15079305-SP", "dataNascimento": "30/08/1959", "cutis": "Parda"}], "idBO": "2015-10357-5751", "naturezas": [{"especie": "\u00d3bito", "descricao": "Morte suspeita"}], "flagrante": "N\u00e3o", "lon": -46.6652608, "dataComunicacao": "10/09/2015", "solucao": "ENCAMINHAMENTO DP \u00c1REA DO FATO", "local": "RUA RUBENS PORTA NOVA, 77 - BARRA FUNDA - CEP: 01141070 - S.PAULO - SP", "categoria": "CADAVER_SEM_LESOES", "dataOcorrencia": "09/09/2015", "examesRequisitados": "IC-IML", "idDelegacia": "10357", "numero": "5751", "dataElaboracao": "10/09/2015", "tipoLocal": "Resid\u00eancia", "lat": -23.5200335, "horaComunicacao": "01:34", "tipoBoletim": "Principal", "circunscricao": "23\u00ba D.P. PERDIZES", "dependencia": "91\u00ba D.P. CEASA"}