{"horaElaboracao": "14:40", "turnoOcorrencia": "PELA MANH\u00c3", "partesEnvolvidas": [{"naturalidade": "S.PAULO -SP", "estadoCivil": "Solteiro", "naturezasEnvolvidas": "Morte suspeita", "tipoEnvolvimento": "V\u00edtima", "nome": "LEANDRO DA SILVA TORRES", "instrucao": "1 Grau completo", "nacionalidade": "BRASILEIRA", "sexo": "Masculino", "idade": "34", "rg": "34632431-SP", "dataNascimento": "12/09/1980", "cutis": "Parda"}], "idBO": "2015-10337-2067", "naturezas": [{"especie": "\u00d3bito", "descricao": "Morte suspeita"}], "flagrante": "N\u00e3o", "lon": -46.6951697, "dataComunicacao": "05/06/2015", "solucao": "APRECIA\u00c7\u00c3O DO DELEGADO TITULAR", "local": "RUA GREGORIO POMAR, 213 - BRASILANDIA - CEP: 02879050 - S.PAULO - SP", "categoria": "MORTE_SUBITA_NATURAL", "dataOcorrencia": "05/06/2015", "examesRequisitados": "IML", "idDelegacia": "10337", "numero": "2067", "dataElaboracao": "05/06/2015", "tipoLocal": "Resid\u00eancia", "lat": -23.4499302, "horaComunicacao": "14:32", "tipoBoletim": "Principal", "circunscricao": "74\u00ba D.P. PARADA TAIPAS", "dependencia": "74\u00ba D.P. PARADA TAIPAS"}