{"horaElaboracao": "00:29", "turnoOcorrencia": "EM HORA INCERTA", "partesEnvolvidas": [{"naturalidade": "MONTE APRAZIVEL -SP", "estadoCivil": "Solteiro", "naturezasEnvolvidas": "Morte suspeita", "tipoEnvolvimento": "V\u00edtima", "nome": "ROGERIO RODRIGUES DE LIMA", "instrucao": "1 Grau completo", "profissao": "LAVRADOR(A)", "sexo": "Masculino", "idade": "34", "rg": "35378240-SP", "dataNascimento": "06/09/1980", "cutis": "Branca"}], "idBO": "2015-110517-215", "naturezas": [{"especie": "\u00d3bito", "descricao": "Morte suspeita"}], "flagrante": "N\u00e3o", "lon": -49.9634492, "dataComunicacao": "09/04/2015", "solucao": "APRECIA\u00c7\u00c3O DO DELEGADO TITULAR", "local": "RUA CARMO BUISSA - SANTOS REIS - CEP: 15270000 - MACAUBAL - SP", "categoria": "MORTE_SUBITA_NATURAL", "dataOcorrencia": "09/04/2015", "examesRequisitados": "IC-IML", "idDelegacia": "110517", "numero": "215", "dataElaboracao": "09/04/2015", "tipoLocal": "Via p\u00fablica", "lat": -20.8041653, "horaComunicacao": "00:26", "tipoBoletim": "Principal", "circunscricao": "DEL.POL.MACAUBAL", "dependencia": "DEL.POL.MACAUBAL"}