{"horaElaboracao": "09:04", "turnoOcorrencia": "PELA MANH\u00c3", "partesEnvolvidas": [{"naturalidade": "S.PAULO -SP", "estadoCivil": "Convivente", "naturezasEnvolvidas": "Morte suspeita", "tipoEnvolvimento": "V\u00edtima", "nome": "THIAGO PIVA DA SILVA", "instrucao": "1 Grau completo", "profissao": "FRENTISTA", "sexo": "Masculino", "idade": "30", "rg": "44143217-SP", "dataNascimento": "11/08/1984", "cutis": "Branca"}], "idBO": "2015-20221-226", "naturezas": [{"especie": "\u00d3bito", "descricao": "Morte suspeita"}], "flagrante": "N\u00e3o", "lon": -46.5023972, "dataComunicacao": "20/01/2015", "solucao": "AGUARDANDO LAUDOS", "local": "RUA ALVES MALDONADO, 128 - VILA MATILDE - S.PAULO - SP", "categoria": "MORTE_SUBITA_NATURAL", "dataOcorrencia": "20/01/2015", "examesRequisitados": "IML", "idDelegacia": "20221", "numero": "226", "dataElaboracao": "20/01/2015", "tipoLocal": "Sa\u00fade", "lat": -23.543047, "horaComunicacao": "08:49", "tipoBoletim": "Principal", "circunscricao": "21\u00ba D.P. VILA MATILDE", "dependencia": "21\u00ba D.P. VILA MATILDE"}