{"horaElaboracao": "15:43", "turnoOcorrencia": "PELA MANH\u00c3", "partesEnvolvidas": [{"naturalidade": "S.PAULO -SP", "estadoCivil": "Solteiro", "naturezasEnvolvidas": "Roubo (art. 157), Homic\u00eddio simples (art. 121)", "tipoEnvolvimento": "V\u00edtima", "nome": "JOSE VINICIUS MUNIZ PINHEIRO", "instrucao": "1 Grau completo", "nacionalidade": "BRASILEIRA", "sexo": "Masculino", "idade": "16", "rg": "37130539-SP", "dataNascimento": "05/06/1998", "cutis": "Parda"}], "idBO": "2015-200100-377", "naturezas": [{"especie": "T\u00edtulo II - Patrim\u00f4nio (arts. 155 a 183)", "descricao": "Roubo (art. 157)"}, {"especie": "T\u00edtulo I - Pessoa (arts. 121 a 154)", "desdobramentos": "Morte decorrente de interven\u00e7\u00e3o policial (RES. SSP 05 - 07/01/2013)", "descricao": "Homic\u00eddio simples (art. 121)"}], "flagrante": "N\u00e3o", "lon": -46.76046669999999, "dataComunicacao": "09/05/2015", "solucao": "BO PARA INQU\u00c9RITO", "local": "RUA ALOIS HABA, 422 - JARDIM ANGELA - CEP: 04932380 - S.PAULO - SP", "categoria": "OPOSICAO_POLICIAL", "dataOcorrencia": "09/05/2015", "examesRequisitados": "IC-IML", "idDelegacia": "200100", "numero": "377", "dataElaboracao": "09/05/2015", "tipoLocal": "Via p\u00fablica", "lat": -23.6811872, "horaComunicacao": "15:41", "tipoBoletim": "Principal", "circunscricao": "100\u00ba D.P. JDIM HERCULANO", "dependencia": "DHPP DIV. HOMICIDIOS"}