{"categoria": "MORTE_SUBITA_NATURAL", "dependencia": "DEL.POL.ARARAS", "naturezas": [{"especie": "\u00d3bito", "descricao": "Morte suspeita"}], "tipoLocal": "Sa\u00fade", "partesEnvolvidas": [{"naturalidade": "CORNELIO PROCOPIO -PR", "estadoCivil": "Casado", "naturezasEnvolvidas": "Morte suspeita", "tipoEnvolvimento": "V\u00edtima", "nome": "MARIA DO SOCORRO DOURADO FABER", "instrucao": "1 Grau completo", "profissao": "PRENDAS DOMESTICAS", "nacionalidade": "BRASILEIRA", "sexo": "Feminino", "idade": "43", "rg": "25510351-SP", "dataNascimento": "26/05/1972", "cutis": "Branca"}], "dataOcorrencia": "06/10/2015", "lon": -47.3680381, "idDelegacia": "70805", "horaElaboracao": "18:47", "flagrante": "N\u00e3o", "numero": "6794", "dataComunicacao": "06/10/2015", "dataElaboracao": "06/10/2015", "tipoBoletim": "Principal", "turnoOcorrencia": "A TARDE", "idBO": "2015-70805-6794", "solucao": "BO PARA REGISTRO", "lat": -22.3627077, "horaComunicacao": "18:43", "local": "AVENIDA JOS\u00c9 MARQU\u00caS DA SILVA - JARDIM CAMPESTRE - CEP: 13607213 - ARARAS - SP", "circunscricao": "02\u00ba D.P. ARARAS"}