{"horaElaboracao": "04:50", "turnoOcorrencia": "DE MADRUGADA", "partesEnvolvidas": [{"naturalidade": "S.JOSE DOS CAMPOS -SP", "estadoCivil": "Viuvo", "naturezasEnvolvidas": "Morte suspeita", "tipoEnvolvimento": "V\u00edtima", "nome": "OTAVIA MARIA DE JESUS", "instrucao": "1 Grau completo", "nacionalidade": "BRASILEIRA", "sexo": "Feminino", "idade": "96", "rg": "20655356-SP", "dataNascimento": "18/11/1918", "cutis": "Branca"}], "idBO": "2015-130310-5023", "naturezas": [{"especie": "\u00d3bito", "descricao": "Morte suspeita"}], "flagrante": "N\u00e3o", "lon": -45.1819695, "dataComunicacao": "10/09/2015", "solucao": "BO PARA REGISTRO", "local": "RODOVIA PRESIDENTE DUTRA - - S.JOSE DOS CAMPOS - SP", "categoria": "MORTE_SUBITA_NATURAL", "dataOcorrencia": "10/09/2015", "examesRequisitados": "IML", "idDelegacia": "130310", "numero": "5023", "dataElaboracao": "10/09/2015", "tipoLocal": "Rodovia/Estrada", "lat": -22.8178244, "horaComunicacao": "04:43", "tipoBoletim": "Principal", "circunscricao": "01\u00ba D.P. S.JOSE DOS CAMPOS", "dependencia": "01\u00ba D.P. S.JOSE DOS CAMPOS"}