{"categoria": "MORTE_SUBITA_NATURAL", "dependencia": "08\u00ba D.P. BRAS", "naturezas": [{"especie": "\u00d3bito", "descricao": "Morte natural"}], "tipoLocal": "Hospedagem", "partesEnvolvidas": [{"naturalidade": "S.PAULO -SP", "estadoCivil": "Solteiro", "naturezasEnvolvidas": "Morte natural", "tipoEnvolvimento": "V\u00edtima", "nome": "VANESSA DE ALMEIDA", "instrucao": "2 Grau incompleto", "profissao": "AUXILIAR DE ENFERMAGEN", "nacionalidade": "BRASILEIRA", "sexo": "Feminino", "idade": "33", "rg": "28672389-SP", "dataNascimento": "11/01/1982", "cutis": "Branca"}], "dataOcorrencia": "05/09/2015", "lon": -46.6110621, "idDelegacia": "10108", "horaElaboracao": "12:52", "flagrante": "N\u00e3o", "numero": "6647", "dataComunicacao": "05/09/2015", "dataElaboracao": "05/09/2015", "tipoBoletim": "Principal", "turnoOcorrencia": "A TARDE", "idBO": "2015-10108-6647", "solucao": "ENCAMINHAMENTO DP \u00c1REA DO FATO", "lat": -23.574762, "horaComunicacao": "12:50", "local": "AVENIDA DOM PEDRO I, 1060 - IPIRANGA - CEP: 01552001 - S.PAULO - SP", "circunscricao": "06\u00ba D.P. CAMBUCI"}