{"horaElaboracao": "22:40", "turnoOcorrencia": "A NOITE", "partesEnvolvidas": [{"naturalidade": "CAMPINAS -SP", "estadoCivil": "Viuvo", "naturezasEnvolvidas": "Morte suspeita", "tipoEnvolvimento": "V\u00edtima", "nome": "ALAIDE ORTALE JORGE", "profissao": "APOSENTADO(A)", "nacionalidade": "BRASILEIRA", "sexo": "Feminino", "idade": "92", "rg": "2083120-SP", "dataNascimento": "05/12/1922", "cutis": "Branca"}], "idBO": "2015-70010-4146", "naturezas": [{"especie": "\u00d3bito", "descricao": "Morte suspeita"}], "flagrante": "N\u00e3o", "lon": -47.0656563, "dataComunicacao": "24/04/2015", "solucao": "BO PARA REGISTRO", "local": "RUA ALAOR MALTA GUIMAR\u00c3ES, 70 - BOTAFOGO - CEP: 13020081 - CAMPINAS - SP", "categoria": "MORTE_SUBITA_NATURAL", "dataOcorrencia": "24/04/2015", "examesRequisitados": "IML", "idDelegacia": "70010", "numero": "4146", "dataElaboracao": "24/04/2015", "tipoLocal": "Resid\u00eancia", "lat": -22.8985983, "horaComunicacao": "22:36", "tipoBoletim": "Principal", "circunscricao": "01\u00ba D.P. CAMPINAS", "dependencia": "PLANT\u00c3O - 01 DP CAMPINAS"}