{"horaElaboracao": "20:00", "turnoOcorrencia": "A TARDE", "partesEnvolvidas": [{"naturalidade": "ANADIAS-AL", "naturezasEnvolvidas": "Morte suspeita", "tipoEnvolvimento": "V\u00edtima", "nome": "MARIA BATISTA DO NASCIMENTO OLIVEIRA", "nacionalidade": "BRASILEIRA", "sexo": "Feminino", "idade": "93", "rg": "13840664-SP", "dataNascimento": "15/03/1922", "cutis": "Branca"}], "idBO": "2015-30105-4758", "naturezas": [{"especie": "\u00d3bito", "descricao": "Morte suspeita"}], "flagrante": "N\u00e3o", "lon": -46.5075127, "dataComunicacao": "08/09/2015", "solucao": "ENCAMINHAMENTO DP \u00c1REA DO FATO", "local": "RUA CALECUTE, 25 - VILA LUZITA - CEP: 09171120 - S.ANDRE - SP", "categoria": "MORTE_SUBITA_NATURAL", "dataOcorrencia": "08/09/2015", "examesRequisitados": "IML", "idDelegacia": "30105", "numero": "4758", "dataElaboracao": "08/09/2015", "tipoLocal": "Via p\u00fablica", "lat": -23.6993795, "horaComunicacao": "19:54", "tipoBoletim": "Principal", "circunscricao": "06\u00ba D.P. SANTO ANDR\u00c9", "dependencia": "04\u00ba D.P. SANTO ANDR\u00c9"}