{"horaElaboracao": "18:31", "turnoOcorrencia": "A TARDE", "partesEnvolvidas": [{"naturalidade": "NAO INFORMADA(MOT=ACERVO)", "naturezasEnvolvidas": "Morte natural", "tipoEnvolvimento": "V\u00edtima", "nome": "SYLVIA PASCHOALETTO CAMARGO", "nacionalidade": "BRASILEIRA", "sexo": "Feminino", "idade": "78", "rg": "18496496-SP", "dataNascimento": "29/06/1937", "cutis": "Branca"}], "idBO": "2015-20222-2676", "naturezas": [{"especie": "\u00d3bito", "descricao": "Morte natural"}], "flagrante": "N\u00e3o", "lon": -46.4321339, "dataComunicacao": "20/08/2015", "solucao": "AGUARDANDO LAUDOS", "local": "RUA RAFAEL LODUCA, 90 - SAO MIGUEL - CEP: 08245280 - S.PAULO - SP", "categoria": "MORTE_SUBITA_NATURAL", "dataOcorrencia": "20/08/2015", "examesRequisitados": "SVO", "idDelegacia": "20222", "numero": "2676", "dataElaboracao": "20/08/2015", "tipoLocal": "Resid\u00eancia", "lat": -23.5139537, "horaComunicacao": "18:22", "tipoBoletim": "Principal", "circunscricao": "32\u00ba D.P. ITAQUERA", "dependencia": "22\u00ba D.P. SAO MIGUEL PTA"}