{"categoria": "MORTE_SUBITA_NATURAL", "dependencia": "DEL.POL.PLANT\u00c3O INDAIATUBA", "naturezas": [{"especie": "\u00d3bito", "descricao": "Morte suspeita"}], "tipoLocal": "Sa\u00fade", "partesEnvolvidas": [{"naturalidade": "NAO INFORMADA(MOT=ACERVO)", "naturezasEnvolvidas": "Morte suspeita", "tipoEnvolvimento": "V\u00edtima", "nome": "MARIA APARECIDA CONCEICAO DA SILVA", "profissao": "AUXILIAR DE COZINHA", "nacionalidade": "BRASILEIRA", "sexo": "Feminino", "idade": "59", "rg": "13432464-SP", "dataNascimento": "27/02/1956", "cutis": "Branca"}], "dataOcorrencia": "05/06/2015", "lon": -47.2121827, "idDelegacia": "70931", "horaElaboracao": "17:04", "flagrante": "N\u00e3o", "numero": "3428", "dataComunicacao": "05/06/2015", "dataElaboracao": "05/06/2015", "tipoBoletim": "Principal", "turnoOcorrencia": "A TARDE", "idBO": "2015-70931-3428", "solucao": "APRECIA\u00c7\u00c3O DO DELEGADO TITULAR", "lat": -23.0924002, "horaComunicacao": "17:01", "local": "AVENIDA FRANCISCO DE PAULA LEITE, 399 - RURAL - INDAIATUBA - SP", "circunscricao": "01\u00ba D.P. INDAIATUBA"}