{"horaElaboracao": "02:44", "turnoOcorrencia": "A NOITE", "partesEnvolvidas": [{"naturalidade": "S.JOSE DOS CAMPOS -SP", "estadoCivil": "Convivente", "naturezasEnvolvidas": "Homic\u00eddio simples (art. 121)", "tipoEnvolvimento": "V\u00edtima", "nome": "CARLA CRISTINA LEME", "instrucao": "2 Grau completo", "profissao": "CAIXA", "nacionalidade": "BRASILEIRA", "sexo": "Feminino", "idade": "29", "rg": "41686056-SP", "dataNascimento": "02/01/1986", "cutis": "Branca"}], "idBO": "2015-130312-5447", "naturezas": [{"especie": "L 10826/03 - Estatuto do Desarmamento", "desdobramentos": "Nas mesmas penas incorrem quem (Par. \u00fanico)", "descricao": "Posse ou porte ilegal de arma de fogo de uso restrito (Art. 16)"}, {"especie": "L 10826/03 - Estatuto do Desarmamento", "descricao": "Porte ilegal de arma de fogo de uso permitido (Art. 14)"}, {"especie": "L 11343/06 - Entorpecentes", "descricao": "Drogas sem autoriza\u00e7\u00e3o ou em desacordo (Art.33, caput)"}, {"especie": "T\u00edtulo I - Pessoa (arts. 121 a 154)", "descricao": "Homic\u00eddio simples (art. 121)"}], "flagrante": "Sim", "lon": -45.7838477, "dataComunicacao": "26/08/2015", "solucao": "BO PARA FLAGRANTE", "local": "RUA DOS PINTORES, 173 - PARQUE NOVO HORIZONTE - CEP: 12225720 - S.JOSE DOS CAMPOS - SP", "categoria": "HOMICIDIO_DOLOSO", "dataOcorrencia": "25/08/2015", "examesRequisitados": "IC-IML", "idDelegacia": "130312", "numero": "5447", "dataElaboracao": "26/08/2015", "tipoLocal": "Resid\u00eancia", "lat": -23.1938488, "horaComunicacao": "02:42", "tipoBoletim": "Principal", "circunscricao": "06\u00ba D.P. S.JOSE DOS CAMPOS", "dependencia": "03\u00ba D.P. S.JOSE DOS CAMPOS"}