{"horaElaboracao": "22:08", "turnoOcorrencia": "A NOITE", "partesEnvolvidas": [{"naturalidade": "S.PAULO -SP", "estadoCivil": "Solteiro", "naturezasEnvolvidas": "Morte suspeita", "tipoEnvolvimento": "V\u00edtima", "nome": "JULIO CESAR MOTTA", "instrucao": "Superior completo", "profissao": "TECNICO(A)", "nacionalidade": "BRASILEIRA", "sexo": "Masculino", "idade": "57", "rg": "10371889-SP", "dataNascimento": "14/01/1958", "cutis": "Branca"}], "idBO": "2015-10108-5695", "naturezas": [{"especie": "\u00d3bito", "descricao": "Morte suspeita"}], "flagrante": "N\u00e3o", "lon": -46.6236614, "dataComunicacao": "29/07/2015", "solucao": "AGUARDANDO LAUDOS", "local": "RUA AZEVEDO JUNIOR, 143 - BRAS - CEP: 03040020 - S.PAULO - SP", "categoria": "MORTE_SUBITA_NATURAL", "dataOcorrencia": "29/07/2015", "examesRequisitados": "IML", "idDelegacia": "10108", "numero": "5695", "dataElaboracao": "29/07/2015", "tipoLocal": "Resid\u00eancia", "lat": -23.5506028, "horaComunicacao": "22:05", "tipoBoletim": "Principal", "circunscricao": "08\u00ba D.P. BRAS", "dependencia": "08\u00ba D.P. BRAS"}