{"horaElaboracao": "15:17", "turnoOcorrencia": "PELA MANH\u00c3", "partesEnvolvidas": [{"naturalidade": "SOROCABA -SP", "estadoCivil": "Solteiro", "naturezasEnvolvidas": "Homic\u00eddio simples (art. 121), Resist\u00eancia (art. 329)", "tipoEnvolvimento": "V\u00edtima", "nome": "ALEX FIGUEIREDO DA SILVA", "nacionalidade": "BRASILEIRA", "sexo": "Masculino", "idade": "24", "rg": "10450241-PR", "dataNascimento": "04/11/1990", "cutis": "Branca"}], "idBO": "2015-120607-2993", "naturezas": [{"especie": "T\u00edtulo I - Pessoa (arts. 121 a 154)", "desdobramentos": "Morte decorrente de interven\u00e7\u00e3o policial (RES. SSP 05 - 07/01/2013)", "descricao": "Homic\u00eddio simples (art. 121)"}, {"especie": "T\u00edtulo XI - Administra\u00e7\u00e3o p\u00fablica (arts. 312 a 359-H)", "descricao": "Resist\u00eancia (art. 329)"}], "flagrante": "N\u00e3o", "lon": -47.4646862, "dataComunicacao": "11/03/2015", "solucao": "ENCAMINHAMENTO DP \u00c1REA DO FATO", "local": "RUA ABNER PEDROSO DE ALC\u00c2NTARA, 1110 - JARDIM GUADALUPE - CEP: 18076482 - SOROCABA - SP", "categoria": "OPOSICAO_POLICIAL", "dataOcorrencia": "11/03/2015", "examesRequisitados": "IC-IML", "idDelegacia": "120607", "numero": "2993", "dataElaboracao": "11/03/2015", "tipoLocal": "Com\u00e9rcio e servi\u00e7os", "lat": -23.4648676, "horaComunicacao": "15:10", "tipoBoletim": "Principal", "circunscricao": "01\u00ba D.P. SOROCABA", "dependencia": "PLANT\u00c3O DE SOROCABA - Z. NORTE"}