{"horaElaboracao": "17:13", "turnoOcorrencia": "A TARDE", "partesEnvolvidas": [{"naturalidade": "S.PAULO -SP", "estadoCivil": "Solteiro", "naturezasEnvolvidas": "Morte suspeita", "tipoEnvolvimento": "V\u00edtima", "nome": "MARCIO FARIAS RIBEIRO", "instrucao": "1 Grau completo", "profissao": "SERVENTE", "sexo": "Masculino", "idade": "38", "rg": "28157888-SP", "dataNascimento": "18/01/1977", "cutis": "Parda"}], "idBO": "2015-40214-425", "naturezas": [{"especie": "\u00d3bito", "descricao": "Morte suspeita"}], "flagrante": "N\u00e3o", "lon": -46.3205592, "dataComunicacao": "24/04/2015", "solucao": "AGUARDANDO LAUDOS", "local": "RUA VEREADOR FREITAS GUIMAR\u00c3ES - VILA NOVA - CEP: 11013490 - SANTOS - SP", "categoria": "CADAVER_SEM_LESOES", "dataOcorrencia": "24/04/2015", "examesRequisitados": "SVO", "idDelegacia": "40214", "numero": "425", "dataElaboracao": "24/04/2015", "tipoLocal": "Via p\u00fablica", "lat": -23.9422918, "horaComunicacao": "17:08", "tipoBoletim": "Principal", "circunscricao": "04\u00ba D.P. SANTOS", "dependencia": "04\u00ba D.P. SANTOS"}