{"horaElaboracao": "11:52", "turnoOcorrencia": "PELA MANH\u00c3", "partesEnvolvidas": [{"naturalidade": "VARZEA PAULISTA -SP", "estadoCivil": "Solteiro", "naturezasEnvolvidas": "Homic\u00eddio qualificado (art. 121, \u00a72o.)", "tipoEnvolvimento": "V\u00edtima", "nome": "PETERSON LOPES CHAVES", "instrucao": "1 Grau completo", "profissao": "AJUDANTE", "nacionalidade": "BRASILEIRA", "sexo": "Masculino", "idade": "21", "rg": "41258690-SP", "dataNascimento": "27/04/1994", "cutis": "Parda"}], "idBO": "2015-70411-3222", "naturezas": [{"especie": "T\u00edtulo I - Pessoa (arts. 121 a 154)", "descricao": "Homic\u00eddio qualificado (art. 121, \u00a72o.)"}], "flagrante": "N\u00e3o", "lon": -46.81670219999999, "dataComunicacao": "15/07/2015", "solucao": "APRECIA\u00c7\u00c3O DO DELEGADO TITULAR", "local": "RUA RUA MONTES CLAROS, 30 - VILA REAL - VARZEA PAULISTA - SP", "categoria": "HOMICIDIO_DOLOSO", "dataOcorrencia": "15/07/2015", "examesRequisitados": "IML", "idDelegacia": "70411", "numero": "3222", "dataElaboracao": "15/07/2015", "tipoLocal": "Via p\u00fablica", "lat": -23.1929391, "horaComunicacao": "11:45", "tipoBoletim": "Principal", "circunscricao": "DEL.POL.VARZEA PAULISTA", "dependencia": "DEL.POL.VARZEA PAULISTA"}