{"horaElaboracao": "02:40", "turnoOcorrencia": "A NOITE", "partesEnvolvidas": [{"naturalidade": "MIRASSOL/SP", "estadoCivil": "Casado", "naturezasEnvolvidas": "Morte suspeita", "tipoEnvolvimento": "V\u00edtima", "nome": "OSVALDO VENDITE", "profissao": "APOSENTADO(A)", "nacionalidade": "BRASILEIRA", "sexo": "Masculino", "idade": "84", "rg": "1738471-SP", "dataNascimento": "01/11/1930", "cutis": "Branca"}], "idBO": "2015-110429-5331", "naturezas": [{"especie": "\u00d3bito", "descricao": "Morte suspeita"}], "flagrante": "N\u00e3o", "lon": -49.3972894, "dataComunicacao": "26/04/2015", "solucao": "ENCAMINHAMENTO DP \u00c1REA DO FATO", "local": "AVENIDA BRIGADEIRO FARIA LIMA, 5544 - VILA SAO JOAO - CEP: 15090000 - S.JOSE DO RIO PRETO - SP", "categoria": "MORTE_SUBITA_NATURAL", "dataOcorrencia": "25/04/2015", "examesRequisitados": "IML", "idDelegacia": "110429", "numero": "5331", "dataElaboracao": "26/04/2015", "tipoLocal": "Sa\u00fade", "lat": -20.8289992, "horaComunicacao": "02:35", "tipoBoletim": "Principal", "circunscricao": "05\u00ba D.P. S.JOSE RIO PRETO", "dependencia": "DEL.SEC.S.J RIO PRETO PLANT\u00c3O"}