{"horaElaboracao": "12:40", "turnoOcorrencia": "DE MADRUGADA", "partesEnvolvidas": [{"naturezasEnvolvidas": "Morte suspeita", "tipoEnvolvimento": "V\u00edtima", "nome": "HEITOR VINICIUS ALVES DE MATOS", "cutis": "Branca", "sexo": "Masculino", "idade": "0", "dataNascimento": "10/11/2015"}], "idBO": "2015-10362-10954", "naturezas": [{"especie": "\u00d3bito", "descricao": "Morte suspeita"}], "flagrante": "N\u00e3o", "lon": -46.4931612, "dataComunicacao": "26/12/2015", "solucao": "APRECIA\u00c7\u00c3O DO DELEGADO TITULAR", "local": "RUA MANUEL FRANCA DOS SANTOS, 174 - SAPOPEMBA - CEP: 03975130 - S.PAULO - SP", "categoria": "MORTE_SUBITA_NATURAL", "dataOcorrencia": "26/12/2015", "examesRequisitados": "IML", "idDelegacia": "10362", "numero": "10954", "dataElaboracao": "26/12/2015", "tipoLocal": "Sa\u00fade", "lat": -23.6105177, "horaComunicacao": "12:37", "tipoBoletim": "Principal", "circunscricao": "69\u00ba D.P. TEOTONIO VILELA", "dependencia": "69\u00ba D.P. TEOTONIO VILELA"}