{"horaElaboracao": "08:49", "turnoOcorrencia": "DE MADRUGADA", "partesEnvolvidas": [{"naturalidade": "S.PAULO -SP", "estadoCivil": "Solteiro", "naturezasEnvolvidas": "Morte suspeita", "tipoEnvolvimento": "V\u00edtima", "nome": "MURILO FARIAS DA SILVA", "instrucao": "1 Grau completo", "profissao": "PEDREIRO", "sexo": "Masculino", "idade": "20", "rg": "71352766-SP", "dataNascimento": "26/02/1995", "cutis": "Branca"}], "idBO": "2015-20128-5417", "naturezas": [{"especie": "\u00d3bito", "descricao": "Morte suspeita"}], "flagrante": "N\u00e3o", "lon": -46.6975934, "dataComunicacao": "21/12/2015", "solucao": "AGUARDANDO LAUDOS", "local": "AVENIDA MINISTRO PETRONIO PORTELA, 1642 - FREGUESIA DO O - CEP: 02959000 - S.PAULO - SP", "categoria": "MORTE_SUBITA_NATURAL", "dataOcorrencia": "21/12/2015", "examesRequisitados": "IML", "idDelegacia": "20128", "numero": "5417", "dataElaboracao": "21/12/2015", "tipoLocal": "Via p\u00fablica", "lat": -23.4879763, "horaComunicacao": "08:44", "tipoBoletim": "Principal", "circunscricao": "28\u00ba D.P. FREGUESIA DO O", "dependencia": "28\u00ba D.P. FREGUESIA DO O"}