{"categoria": "OPOSICAO_POLICIAL", "dependencia": "53\u00ba D.P. PARQUE DO CARMO", "naturezas": [{"especie": "T\u00edtulo XI - Administra\u00e7\u00e3o p\u00fablica (arts. 312 a 359-H)", "descricao": "Resist\u00eancia (art. 329)"}, {"especie": "Localiza\u00e7\u00e3o e/ou Devolu\u00e7\u00e3o", "descricao": "Localiza\u00e7\u00e3o/Apreens\u00e3o de ve\u00edculo"}], "tipoLocal": "Via p\u00fablica", "partesEnvolvidas": [], "dataOcorrencia": "14/05/2015", "lon": -46.4304545, "idDelegacia": "10353", "horaElaboracao": "07:07", "flagrante": "N\u00e3o", "numero": "3390", "dataComunicacao": "14/05/2015", "dataElaboracao": "14/05/2015", "tipoBoletim": "Principal", "turnoOcorrencia": "DE MADRUGADA", "idBO": "2015-10353-3390", "solucao": "APRECIA\u00c7\u00c3O DO DELEGADO TITULAR", "lat": -23.5767466, "horaComunicacao": "07:05", "local": "RUA ZITUO KARASAWA, 2003 - JOSE BONIFACIO - CEP: 08260120 - S.PAULO - SP", "circunscricao": "53\u00ba D.P. PARQUE DO CARMO"}