{"horaElaboracao": "01:58", "turnoOcorrencia": "A NOITE", "partesEnvolvidas": [{"naturalidade": "BARRA DA ESTIVA -BA", "estadoCivil": "Casado", "naturezasEnvolvidas": "Morte suspeita", "tipoEnvolvimento": "V\u00edtima", "nome": "DERMIVAL SILVA NOVAIS", "instrucao": "1 Grau completo", "profissao": "COPEIRO(A)", "nacionalidade": "BRASILEIRA", "sexo": "Masculino", "idade": "43", "rg": "54344343-SP", "dataNascimento": "15/09/1972", "cutis": "Outros"}], "idBO": "2015-30112-3931", "naturezas": [{"especie": "\u00d3bito", "descricao": "Morte suspeita"}], "flagrante": "N\u00e3o", "lon": -46.5566938, "dataComunicacao": "29/11/2015", "solucao": "ENCAMINHAMENTO DP \u00c1REA DO FATO", "local": "RUA AUR\u00c9LIA, 101 - VILA SANTA PAULA - CEP: 09551340 - S.CAETANO DO SUL - SP", "categoria": "MORTE_SUBITA_NATURAL", "dataOcorrencia": "28/11/2015", "examesRequisitados": "IML", "idDelegacia": "30112", "numero": "3931", "dataElaboracao": "29/11/2015", "tipoLocal": "Sa\u00fade", "lat": -23.6175291, "horaComunicacao": "01:57", "tipoBoletim": "Principal", "circunscricao": "01\u00ba D.P. S.CAETANO DO SUL", "dependencia": "DEL.POL.S.CAETANO DO SUL"}