{"horaElaboracao": "15:50", "turnoOcorrencia": "A TARDE", "partesEnvolvidas": [{"naturalidade": "MAIRIPORA -SP", "estadoCivil": "Viuvo", "naturezasEnvolvidas": "Morte suspeita", "tipoEnvolvimento": "V\u00edtima", "nome": "BENEDITO LINO", "instrucao": "1 Grau completo", "profissao": "APOSENTADO(A)", "nacionalidade": "BRASILEIRA", "sexo": "Masculino", "idade": "88", "rg": "2776487-SP", "dataNascimento": "05/09/1926", "cutis": "Branca"}], "idBO": "2015-10333-532", "naturezas": [{"especie": "\u00d3bito", "descricao": "Morte suspeita"}], "flagrante": "N\u00e3o", "lon": -46.72849009999999, "dataComunicacao": "25/01/2015", "solucao": "ENCAMINHAMENTO DP \u00c1REA DO FATO", "local": "AVENIDA MENOTTI LAUDISIO, 100 - PIRITUBA - S.PAULO - SP", "categoria": "MORTE_SUBITA_NATURAL", "dataOcorrencia": "25/01/2015", "examesRequisitados": "IML", "idDelegacia": "10333", "numero": "532", "dataElaboracao": "25/01/2015", "tipoLocal": "Sa\u00fade", "lat": -23.4841062, "horaComunicacao": "15:45", "tipoBoletim": "Principal", "circunscricao": "87\u00ba D.P. V. P. BARRETO", "dependencia": "33\u00ba D.P. PIRITUBA"}