{"horaElaboracao": "07:50", "turnoOcorrencia": "DE MADRUGADA", "partesEnvolvidas": [{"naturalidade": "PENAPOLIS -SP", "estadoCivil": "Solteiro", "naturezasEnvolvidas": "Morte suspeita", "tipoEnvolvimento": "V\u00edtima", "nome": "SAMUEL ALVES DA SILVA", "instrucao": "1 Grau completo", "nacionalidade": "BRASILEIRA", "cutis": "Parda", "idade": "27", "rg": "41912377-SP", "dataNascimento": "21/01/1987"}], "idBO": "2015-70923-279", "naturezas": [{"especie": "\u00d3bito", "descricao": "Morte suspeita"}], "flagrante": "N\u00e3o", "lon": -47.44490159999999, "dataComunicacao": "13/01/2015", "solucao": "APRECIA\u00c7\u00c3O DO DELEGADO TITULAR", "local": "RUA JAIME DE CASTRO RIBEIRO, 101 - PARQUE ABILIO PEDRO - LIMEIRA - SP", "categoria": "MORTE_SUBITA_NATURAL", "dataOcorrencia": "13/01/2015", "examesRequisitados": "IC-IML", "idDelegacia": "70923", "numero": "279", "dataElaboracao": "13/01/2015", "tipoLocal": "Resid\u00eancia", "lat": -22.5521711, "horaComunicacao": "07:45", "tipoBoletim": "Principal", "circunscricao": "02\u00ba D.P. LIMEIRA", "dependencia": "DEL.SEC.LIMEIRA PLANT\u00c3O"}