{"horaElaboracao": "17:59", "turnoOcorrencia": "PELA MANH\u00c3", "partesEnvolvidas": [{"idade": "0", "naturezasEnvolvidas": "Homic\u00eddio qualificado (art. 121, \u00a72o.)", "cutis": "Outros", "sexo": "Masculino"}], "idBO": "2015-120607-6092", "naturezas": [{"especie": "T\u00edtulo I - Pessoa (arts. 121 a 154)", "desdobramentos": "III - com emprego de meio insidioso ou cruel, ou de que resulte perigo comum", "descricao": "Homic\u00eddio qualificado (art. 121, \u00a72o.)"}], "flagrante": "N\u00e3o", "lon": -47.4781603, "dataComunicacao": "30/05/2015", "solucao": "ENCAMINHAMENTO DP \u00c1REA DO FATO", "local": "AVENIDA ITAVUVU, 8375 - VILA LEOPOLDINA - CEP: 18078005 - SOROCABA - SP", "categoria": "HOMICIDIO_DOLOSO", "dataOcorrencia": "30/05/2015", "examesRequisitados": "IC-IML", "idDelegacia": "120607", "numero": "6092", "dataElaboracao": "30/05/2015", "tipoLocal": "Unidade rural", "lat": -23.4675782, "horaComunicacao": "17:56", "tipoBoletim": "Principal", "circunscricao": "08\u00ba D.P. SOROCABA", "dependencia": "PLANT\u00c3O DE SOROCABA - Z. NORTE"}