{"horaElaboracao": "20:25", "turnoOcorrencia": "A TARDE", "partesEnvolvidas": [{"naturalidade": "COLATINA -ES", "estadoCivil": "Solteiro", "naturezasEnvolvidas": "Morte suspeita", "tipoEnvolvimento": "V\u00edtima", "nome": "TATIANA FALCAO DA PENHA", "instrucao": "1 Grau completo", "nacionalidade": "BRASILEIRA", "sexo": "Feminino", "idade": "39", "rg": "39294409-SP", "dataNascimento": "02/04/1976", "cutis": "Parda"}], "idBO": "2015-70319-2130", "naturezas": [{"especie": "\u00d3bito", "descricao": "Morte suspeita"}], "flagrante": "N\u00e3o", "lon": "", "dataComunicacao": "01/07/2015", "solucao": "ENCAMINHAMENTO DP \u00c1REA DO FATO", "local": "VIA PLN - JOANINI CALMO - FAZENDA PARAISO - CAMPINAS - SP", "categoria": "CADAVER_SEM_LESOES", "dataOcorrencia": "01/07/2015", "examesRequisitados": "IML", "idDelegacia": "70319", "numero": "2130", "dataElaboracao": "01/07/2015", "tipoLocal": "Unidade rural", "lat": "", "horaComunicacao": "20:09", "tipoBoletim": "Principal", "circunscricao": "07\u00ba D.P. CAMPINAS", "dependencia": "DEL.POL.PAULINIA"}