{"horaElaboracao": "19:14", "turnoOcorrencia": "A NOITE", "partesEnvolvidas": [{"naturalidade": "EST DE SAO PAULO", "estadoCivil": "Separado", "naturezasEnvolvidas": "Morte suspeita", "tipoEnvolvimento": "V\u00edtima", "nome": "WILSON MESSIAS JACOMINI", "instrucao": "1 Grau completo", "profissao": "APOSENTADO(A)", "nacionalidade": "BRASILEIRA", "sexo": "Masculino", "idade": "60", "rg": "7426009-SP", "dataNascimento": "28/01/1955", "cutis": "Branca"}], "idBO": "2015-40203-5632", "naturezas": [{"especie": "\u00d3bito", "descricao": "Morte suspeita"}], "flagrante": "N\u00e3o", "lon": -46.6298836, "dataComunicacao": "01/08/2015", "solucao": "AGUARDANDO LAUDOS", "local": "AVENIDA SANTOS DUMONT - LOT HERM\u00cdNIA P GONZALES - CEP: 11460002 - GUARUJA - SP", "categoria": "MORTE_SUBITA_NATURAL", "dataOcorrencia": "01/08/2015", "examesRequisitados": "IML", "idDelegacia": "40203", "numero": "5632", "dataElaboracao": "01/08/2015", "tipoLocal": "Sa\u00fade", "lat": -23.5165914, "horaComunicacao": "19:12", "tipoBoletim": "Principal", "circunscricao": "DEL.POL.GUARUJA", "dependencia": "DEL.POL.GUARUJA"}