{"horaElaboracao": "01:55", "turnoOcorrencia": "A NOITE", "partesEnvolvidas": [{"naturalidade": "S.PAULO -SP", "estadoCivil": "Solteiro", "naturezasEnvolvidas": "Morte suspeita", "tipoEnvolvimento": "V\u00edtima", "nome": "RENATA VIRGINIA DA SILVA STRAHLER", "instrucao": "Superior completo", "profissao": "PROFESSOR(A)", "nacionalidade": "BRASILEIRA", "sexo": "Feminino", "idade": "35", "rg": "22761614-SP", "dataNascimento": "16/05/1980", "cutis": "Branca"}], "idBO": "2015-30418-4459", "naturezas": [{"especie": "\u00d3bito", "descricao": "Morte suspeita"}], "flagrante": "N\u00e3o", "lon": -46.7767211, "dataComunicacao": "19/07/2015", "solucao": "AGUARDANDO LAUDOS", "local": "RUA PEDRO FIORETI, 48 - CENTRO - CEP: 06013080 - OSASCO - SP", "categoria": "MORTE_SUBITA_NATURAL", "dataOcorrencia": "18/07/2015", "examesRequisitados": "SVO", "idDelegacia": "30418", "numero": "4459", "dataElaboracao": "19/07/2015", "tipoLocal": "Sa\u00fade", "lat": -23.5324867, "horaComunicacao": "01:53", "tipoBoletim": "Principal", "circunscricao": "05\u00ba D.P. OSASCO", "dependencia": "05\u00ba D.P. OSASCO"}