{"horaElaboracao": "10:45", "turnoOcorrencia": "DE MADRUGADA", "partesEnvolvidas": [{"naturalidade": "MIGUEL CALMON", "estadoCivil": "Solteiro", "tipoEnvolvimento": "V\u00edtima", "nome": "MARLEI DA CRUZ VIEIRA", "instrucao": "2 Grau completo", "profissao": "ESTUDANTE", "nacionalidade": "BRASILEIRA", "sexo": "Masculino", "idade": "0", "rg": "15070436-BA", "naturezasEnvolvidas": "Morte suspeita", "cutis": "Branca"}], "idBO": "2015-10366-1440", "naturezas": [{"especie": "\u00d3bito", "descricao": "Morte suspeita"}], "flagrante": "N\u00e3o", "lon": -46.7496294, "dataComunicacao": "23/04/2015", "solucao": "AGUARDANDO LAUDOS", "local": "RUA GUSTAVO RANZONI, 1 - JD S\u00c3O LUIS - CEP: 05832290 - S.PAULO - SP", "categoria": "MORTE_SUBITA_NATURAL", "dataOcorrencia": "23/04/2015", "examesRequisitados": "IML", "idDelegacia": "10366", "numero": "1440", "dataElaboracao": "23/04/2015", "tipoLocal": "Sa\u00fade", "lat": -23.6745945, "horaComunicacao": "10:42", "tipoBoletim": "Principal", "circunscricao": "92\u00ba D.P. P. STO ANTONIO", "dependencia": "92\u00ba D.P. P. STO ANTONIO"}