{"horaElaboracao": "18:51", "turnoOcorrencia": "A NOITE", "partesEnvolvidas": [{"naturalidade": "S.LOURENCO DA MATA -PE", "estadoCivil": "Casado", "naturezasEnvolvidas": "Morte suspeita", "tipoEnvolvimento": "V\u00edtima", "nome": "SEVERINO PEDRO DA SILVA", "instrucao": "1 Grau completo", "profissao": "CHAPA", "sexo": "Masculino", "idade": "62", "rg": "32768369-SP", "dataNascimento": "17/10/1952", "cutis": "Parda"}], "idBO": "2015-40203-842", "naturezas": [{"especie": "\u00d3bito", "descricao": "Morte suspeita"}], "flagrante": "N\u00e3o", "lon": -46.2932399, "dataComunicacao": "27/01/2015", "solucao": "ENCAMINHAMENTO DP \u00c1REA DO FATO", "local": "RUA S\u00c3O JO\u00c3O, 111 - PAE CAR\u00c1 - GUARUJA - SP", "categoria": "MORTE_SUBITA_NATURAL", "dataOcorrencia": "27/01/2015", "examesRequisitados": "IML", "idDelegacia": "40203", "numero": "842", "dataElaboracao": "27/01/2015", "tipoLocal": "Sa\u00fade", "lat": -23.9506676, "horaComunicacao": "18:46", "tipoBoletim": "Principal", "circunscricao": "02\u00ba D.P. GUARUJA", "dependencia": "DEL.POL.GUARUJA"}