{"horaElaboracao": "13:55", "turnoOcorrencia": "PELA MANH\u00c3", "partesEnvolvidas": [{"naturalidade": "IEPE -SP", "estadoCivil": "Casado", "naturezasEnvolvidas": "Morte natural", "tipoEnvolvimento": "V\u00edtima", "nome": "NELSON CARDOSO MARIANO", "instrucao": "1 Grau completo", "profissao": "APOSENTADO(A)", "nacionalidade": "BRASILEIRA", "sexo": "Masculino", "idade": "77", "rg": "26548311-SP", "dataNascimento": "15/04/1938", "cutis": "Branca"}], "idBO": "2015-90215-1998", "naturezas": [{"especie": "\u00d3bito", "descricao": "Morte natural"}], "flagrante": "N\u00e3o", "lon": -50.9051809, "dataComunicacao": "04/10/2015", "solucao": "APRECIA\u00c7\u00c3O DO DELEGADO TITULAR", "local": "RUA JOAO RODRIGUES MOREIRA, 33 - CENTRO - RANCHARIA - SP", "categoria": "MORTE_SUBITA_NATURAL", "dataOcorrencia": "04/10/2015", "examesRequisitados": "SVO", "idDelegacia": "90215", "numero": "1998", "dataElaboracao": "04/10/2015", "tipoLocal": "Resid\u00eancia", "lat": -22.6268661, "horaComunicacao": "13:48", "tipoBoletim": "Principal", "circunscricao": "DEL.POL.RANCHARIA", "dependencia": "DEL.POL.RANCHARIA"}