{"horaElaboracao": "22:12", "turnoOcorrencia": "A NOITE", "partesEnvolvidas": [{"naturalidade": "SAO PAULO", "estadoCivil": "Casado", "naturezasEnvolvidas": "Morte suspeita", "tipoEnvolvimento": "V\u00edtima", "nome": "ROBERTO TAVARES", "instrucao": "2 Grau completo", "profissao": "VENDEDOR(A)", "nacionalidade": "BRASILEIRA", "sexo": "Masculino", "idade": "58", "rg": "9424671-SP", "dataNascimento": "22/07/1956", "cutis": "Parda"}], "idBO": "2015-20120-3782", "naturezas": [{"especie": "\u00d3bito", "descricao": "Morte suspeita"}], "flagrante": "N\u00e3o", "lon": -46.6033532, "dataComunicacao": "05/04/2015", "solucao": "ENCAMINHAMENTO DP \u00c1REA DO FATO", "local": "TRAVESSA CARLOS OLIVARES, 3 - TUCURUVI - CEP: 02311020 - S.PAULO - SP", "categoria": "MORTE_SUBITA_NATURAL", "dataOcorrencia": "05/04/2015", "examesRequisitados": "IML", "idDelegacia": "20120", "numero": "3782", "dataElaboracao": "05/04/2015", "tipoLocal": "Resid\u00eancia", "lat": -23.4719435, "horaComunicacao": "22:07", "tipoBoletim": "Principal", "circunscricao": "39\u00ba D.P. VILA GUSTAVO", "dependencia": "20\u00ba D.P. AGUA FRIA"}