{"horaElaboracao": "21:58", "turnoOcorrencia": "A TARDE", "partesEnvolvidas": [{"naturalidade": "S.PAULO -SP", "naturezasEnvolvidas": "Morte suspeita", "tipoEnvolvimento": "V\u00edtima", "nome": "AILTON CARMO DOS SANTOS", "nacionalidade": "BRASILEIRA", "sexo": "Masculino", "idade": "54", "rg": "15198502-SP", "dataNascimento": "10/05/1961", "cutis": "Branca"}], "idBO": "2015-10102-7445", "naturezas": [{"especie": "\u00d3bito", "descricao": "Morte suspeita"}], "flagrante": "N\u00e3o", "lon": -46.6490063, "dataComunicacao": "08/12/2015", "solucao": "APRECIA\u00c7\u00c3O DO DELEGADO TITULAR", "local": "RUA DOUTOR CESARIO MOTA JUNIOR - CONSOLACAO - CEP: 01221020 - S.PAULO - SP", "categoria": "MORTE_SUBITA_NATURAL", "dataOcorrencia": "08/12/2015", "examesRequisitados": "IML", "idDelegacia": "10102", "numero": "7445", "dataElaboracao": "08/12/2015", "tipoLocal": "Sa\u00fade", "lat": -23.5471538, "horaComunicacao": "21:44", "tipoBoletim": "Principal", "circunscricao": "77\u00ba D.P. SANTA CECILIA", "dependencia": "02\u00ba D.P. BOM RETIRO"}