{"horaElaboracao": "22:51", "turnoOcorrencia": "A NOITE", "partesEnvolvidas": [{"naturalidade": "PUORTO ETEN", "estadoCivil": "Viuvo", "naturezasEnvolvidas": "Morte suspeita", "tipoEnvolvimento": "V\u00edtima", "nome": "LUCRESIA GARNIQUE DE RAMIREZ", "profissao": "APOSENTADO(A)", "nacionalidade": "PERUANA", "sexo": "Feminino", "idade": "90", "dataNascimento": "23/11/1924", "cutis": "Parda"}], "idBO": "2015-20113-9610", "naturezas": [{"especie": "\u00d3bito", "descricao": "Morte suspeita"}], "flagrante": "N\u00e3o", "lon": -46.6705191, "dataComunicacao": "11/10/2015", "solucao": "ENCAMINHAMENTO DP \u00c1REA DO FATO", "local": "AVENIDA DEPUTADO EMILIO CARLOS, 3000 - LIMAO - CEP: 02721200 - S.PAULO - SP", "categoria": "MORTE_SUBITA_NATURAL", "dataOcorrencia": "11/10/2015", "examesRequisitados": "IML", "idDelegacia": "20113", "numero": "9610", "dataElaboracao": "11/10/2015", "tipoLocal": "Sa\u00fade", "lat": -23.476433, "horaComunicacao": "22:40", "tipoBoletim": "Principal", "circunscricao": "40\u00ba D.P. VILA STA MARIA", "dependencia": "13\u00ba D.P. CASA VERDE"}