{"horaElaboracao": "21:39", "turnoOcorrencia": "A NOITE", "partesEnvolvidas": [{"naturalidade": "SANTOS -SP", "estadoCivil": "Viuvo", "naturezasEnvolvidas": "Morte suspeita", "tipoEnvolvimento": "V\u00edtima", "nome": "NEIDE DA FONSECA FERRAZ", "profissao": "APOSENTADO(A)", "nacionalidade": "BRASILEIRA", "sexo": "Feminino", "idade": "79", "rg": "16416214-SP", "dataNascimento": "07/04/1935", "cutis": "Parda"}], "idBO": "2015-40203-2061", "naturezas": [{"especie": "\u00d3bito", "descricao": "Morte suspeita"}], "flagrante": "N\u00e3o", "lon": -46.2557785, "dataComunicacao": "13/03/2015", "solucao": "BO PARA REGISTRO", "local": "RUA QUINTINO BOCAI\u00daVA, 40 - VILA MAIA - CEP: 11410030 - GUARUJA - SP", "categoria": "MORTE_SUBITA_NATURAL", "dataOcorrencia": "13/03/2015", "examesRequisitados": "IML", "idDelegacia": "40203", "numero": "2061", "dataElaboracao": "13/03/2015", "tipoLocal": "Sa\u00fade", "lat": -23.9942359, "horaComunicacao": "21:36", "tipoBoletim": "Principal", "circunscricao": "DEL.POL.GUARUJA", "dependencia": "DEL.POL.GUARUJA"}