{"horaElaboracao": "22:27", "turnoOcorrencia": "A TARDE", "partesEnvolvidas": [{"naturalidade": "S.JOSE DOS CAMPOS -SP", "estadoCivil": "Casado", "naturezasEnvolvidas": "Morte suspeita", "tipoEnvolvimento": "V\u00edtima", "nome": "JOSE APARECIDO PEREIRA DA SILVA", "instrucao": "1 Grau completo", "profissao": "APOSENTADO(A)", "nacionalidade": "BRASILEIRA", "sexo": "Masculino", "idade": "59", "rg": "15446630-SP", "dataNascimento": "21/06/1956", "cutis": "Parda"}], "idBO": "2015-130310-7344", "naturezas": [{"especie": "\u00d3bito", "descricao": "Morte suspeita"}], "flagrante": "N\u00e3o", "lon": -45.7862122, "dataComunicacao": "25/12/2015", "solucao": "BO PARA INVESTIGA\u00c7\u00c3O", "local": "RUA DOS PEDREIROS, 246 - PARQUE NOVO HORIZONTE - CEP: 12225660 - S.JOSE DOS CAMPOS - SP", "categoria": "MORTE_SUBITA_NATURAL", "dataOcorrencia": "25/12/2015", "examesRequisitados": "IML", "idDelegacia": "130310", "numero": "7344", "dataElaboracao": "25/12/2015", "tipoLocal": "Resid\u00eancia", "lat": -23.1964332, "horaComunicacao": "22:25", "tipoBoletim": "Principal", "circunscricao": "06\u00ba D.P. S.JOSE DOS CAMPOS", "dependencia": "01\u00ba D.P. S.JOSE DOS CAMPOS"}