{"horaElaboracao": "19:26", "turnoOcorrencia": "EM HORA INCERTA", "partesEnvolvidas": [{"naturalidade": "S.PAULO -SP", "estadoCivil": "Solteiro", "naturezasEnvolvidas": "Morte suspeita", "tipoEnvolvimento": "V\u00edtima", "nome": "JOAO CARLOS TOTTI", "instrucao": "1 Grau completo", "profissao": "MOTORISTA", "nacionalidade": "BRASILEIRA", "sexo": "Masculino", "idade": "49", "rg": "17911339-SP", "dataNascimento": "23/06/1966", "cutis": "Branca"}], "idBO": "2015-10367-3289", "naturezas": [{"especie": "\u00d3bito", "descricao": "Morte suspeita"}], "flagrante": "N\u00e3o", "lon": -46.7391884, "dataComunicacao": "06/07/2015", "solucao": "APRECIA\u00c7\u00c3O DO DELEGADO TITULAR", "local": "AVENIDA KENKITI SIMOMOTO, 538 - JAGUARE - CEP: 05347010 - S.PAULO - SP", "categoria": "MORTE_SUBITA_NATURAL", "dataOcorrencia": "06/07/2015", "examesRequisitados": "IC-IML", "idDelegacia": "10367", "numero": "3289", "dataElaboracao": "06/07/2015", "tipoLocal": "Centro Comerc./Empresarial", "lat": -23.5522282, "horaComunicacao": "18:54", "tipoBoletim": "Principal", "circunscricao": "93\u00ba D.P. JAGUAR\u00c9", "dependencia": "93\u00ba D.P. JAGUAR\u00c9"}