{"horaElaboracao": "14:16", "turnoOcorrencia": "PELA MANH\u00c3", "partesEnvolvidas": [{"naturalidade": "S.PAULO -SP", "estadoCivil": "Casado", "naturezasEnvolvidas": "Homic\u00eddio qualificado (art. 121, \u00a72o.)", "tipoEnvolvimento": "V\u00edtima", "nome": "VIVIANE MARQUES DOS SANTOS", "instrucao": "1 Grau completo", "nacionalidade": "BRASILEIRA", "sexo": "Feminino", "idade": "25", "rg": "49477717-SP", "dataNascimento": "16/11/1989", "cutis": "Branca"}], "idBO": "2015-40306-1733", "naturezas": [{"especie": "T\u00edtulo I - Pessoa (arts. 121 a 154)", "descricao": "Homic\u00eddio qualificado (art. 121, \u00a72o.)"}], "flagrante": "N\u00e3o", "lon": -46.8345328, "dataComunicacao": "10/09/2015", "solucao": "APRECIA\u00c7\u00c3O DO DELEGADO TITULAR", "local": "RUA OSASCO - BORAC\u00c9IA II - S.SEBASTIAO - SP", "categoria": "HOMICIDIO_DOLOSO", "dataOcorrencia": "10/09/2015", "examesRequisitados": "IC-IML", "idDelegacia": "40306", "numero": "1733", "dataElaboracao": "10/09/2015", "tipoLocal": "Resid\u00eancia", "lat": -23.3796721, "horaComunicacao": "14:01", "tipoBoletim": "Principal", "circunscricao": "02\u00ba D.P. S. SEBASTIAO", "dependencia": "02\u00ba D.P. S. SEBASTIAO"}