{"horaElaboracao": "20:52", "turnoOcorrencia": "A NOITE", "partesEnvolvidas": [{"naturalidade": "S.PAULO -SP", "estadoCivil": "Solteiro", "naturezasEnvolvidas": "Morte suspeita", "tipoEnvolvimento": "V\u00edtima", "nome": "MARIO JOSE RODRIGUES MIGUEL", "instrucao": "1 Grau completo", "profissao": "AJUDANTE DE PEDREIRO", "nacionalidade": "BRASILEIRA", "sexo": "Masculino", "idade": "45", "rg": "26953355-SP", "dataNascimento": "21/04/1969", "cutis": "Parda"}], "idBO": "2015-10247-511", "naturezas": [{"especie": "\u00d3bito", "descricao": "Morte suspeita"}], "flagrante": "N\u00e3o", "lon": -46.7749675, "dataComunicacao": "14/01/2015", "solucao": "ENCAMINHAMENTO DP \u00c1REA DO FATO", "local": "ESTRADA DO M BOI MIRIM, 5203 - PARQUE DO LAGO - CEP: 04948030 - S.PAULO - SP", "categoria": "MORTE_SUBITA_NATURAL", "dataOcorrencia": "13/01/2015", "examesRequisitados": "IML", "idDelegacia": "10247", "numero": "511", "dataElaboracao": "14/01/2015", "tipoLocal": "Sa\u00fade", "lat": -23.6910618, "horaComunicacao": "20:51", "tipoBoletim": "Principal", "circunscricao": "37\u00ba D.P. CAMPO LIMPO", "dependencia": "47\u00ba D.P. CAPAO REDONDO"}