{"horaElaboracao": "12:49", "turnoOcorrencia": "PELA MANH\u00c3", "partesEnvolvidas": [{"naturalidade": "MOGI DAS CRUZES -SP", "estadoCivil": "Casado", "naturezasEnvolvidas": "Morte suspeita", "tipoEnvolvimento": "V\u00edtima", "nome": "JURANDIR MACHADO LOPES", "instrucao": "2 Grau completo", "profissao": "APOSENTADO(A)", "nacionalidade": "BRASILEIRA", "sexo": "Masculino", "idade": "68", "rg": "7145382-SP", "dataNascimento": "23/12/1946", "cutis": "Branca"}], "idBO": "2015-30306-489", "naturezas": [{"especie": "\u00d3bito", "descricao": "Morte suspeita"}], "flagrante": "N\u00e3o", "lon": -46.1828267, "dataComunicacao": "01/02/2015", "solucao": "APRECIA\u00c7\u00c3O DO DELEGADO TITULAR", "local": "RUA VEREADOR PLATAO CHAVES DE ALMEIDA, 81 - MOGI MODERNO - MOGI DAS CRUZES - SP", "categoria": "MORTE_ACIDENTAL", "dataOcorrencia": "01/02/2015", "examesRequisitados": "IML", "idDelegacia": "30306", "numero": "489", "dataElaboracao": "01/02/2015", "tipoLocal": "Resid\u00eancia", "lat": -23.5373482, "horaComunicacao": "12:36", "tipoBoletim": "Principal", "circunscricao": "01\u00ba D.P. MOGI DAS CRUZES", "dependencia": "01\u00ba D.P. MOGI DAS CRUZES"}