{"horaElaboracao": "09:17", "turnoOcorrencia": "EM HORA INCERTA", "partesEnvolvidas": [{"naturalidade": "CEDRAL -SP", "estadoCivil": "Casado", "naturezasEnvolvidas": "Morte suspeita", "tipoEnvolvimento": "V\u00edtima", "nome": "PRUDENCIA AMALIA BENTA MAZZIERO", "instrucao": "1 Grau completo", "profissao": "APOSENTADO(A)", "nacionalidade": "BRASILEIRA", "sexo": "Feminino", "idade": "85", "rg": "5295097-SP", "dataNascimento": "03/03/1930", "cutis": "Branca"}], "idBO": "2015-110429-9755", "naturezas": [{"especie": "\u00d3bito", "descricao": "Morte suspeita"}], "flagrante": "N\u00e3o", "lon": -49.38646319999999, "dataComunicacao": "05/08/2015", "solucao": "ENCAMINHAMENTO DP \u00c1REA DO FATO", "local": "RUA FRITZ JACOBS, 1236 - RURAL - CEP: 15025500 - S.JOSE DO RIO PRETO - SP", "categoria": "MORTE_ACIDENTAL", "dataOcorrencia": "05/08/2015", "examesRequisitados": "IML", "idDelegacia": "110429", "numero": "9755", "dataElaboracao": "05/08/2015", "tipoLocal": "Sa\u00fade", "lat": -20.8040347, "horaComunicacao": "09:09", "tipoBoletim": "Principal", "circunscricao": "02\u00ba D.P. S.JOSE RIO PRETO", "dependencia": "DEL.SEC.S.J RIO PRETO PLANT\u00c3O"}