{"categoria": "MORTE_SUBITA_NATURAL", "dependencia": "PLANT\u00c3O - 05 DP CAMPINAS", "naturezas": [{"especie": "\u00d3bito", "descricao": "Morte suspeita"}], "tipoLocal": "Resid\u00eancia", "partesEnvolvidas": [{"naturalidade": "PALMEIRA DOS INDIOS -AL", "estadoCivil": "Solteiro", "naturezasEnvolvidas": "Morte suspeita", "tipoEnvolvimento": "V\u00edtima", "nome": "ROSIVAN PAULO BEZERRA", "instrucao": "1 Grau completo", "profissao": "PEDREIRO", "sexo": "Masculino", "idade": "43", "rg": "33874743-SP", "dataNascimento": "08/11/1971", "cutis": "Preta"}], "dataOcorrencia": "30/03/2015", "lon": -47.0138215, "idDelegacia": "70015", "horaElaboracao": "01:41", "flagrante": "N\u00e3o", "numero": "1020", "dataComunicacao": "31/03/2015", "dataElaboracao": "31/03/2015", "tipoBoletim": "Principal", "turnoOcorrencia": "A NOITE", "idBO": "2015-70015-1020", "solucao": "ENCAMINHAMENTO DP \u00c1REA DO FATO", "lat": -22.920527, "horaComunicacao": "01:35", "local": "RUA ITABORA\u00cd, 56 - JD ITAYU - CEP: 13101350 - CAMPINAS - SP", "circunscricao": "10\u00ba D.P. CAMPINAS"}