{"horaElaboracao": "14:43", "turnoOcorrencia": "A TARDE", "partesEnvolvidas": [{"naturalidade": "ATALAIA -AL", "estadoCivil": "Casado", "naturezasEnvolvidas": "Morte suspeita", "tipoEnvolvimento": "V\u00edtima", "nome": "FERNANDO CASSIMIRO DOS REIS", "instrucao": "1 Grau completo", "nacionalidade": "BRASILEIRA", "sexo": "Masculino", "idade": "69", "rg": "54040486-SP", "dataNascimento": "27/12/1945", "cutis": "Outros"}], "idBO": "2015-10361-4181", "naturezas": [{"especie": "\u00d3bito", "descricao": "Morte suspeita"}], "flagrante": "N\u00e3o", "lon": -46.5195157, "dataComunicacao": "29/10/2015", "solucao": "APRECIA\u00c7\u00c3O DO DELEGADO TITULAR", "local": "RUA GLAUBER ROCHA, 510 - SAPOPEMBA - CEP: 03986270 - S.PAULO - SP", "categoria": "CADAVER_SEM_LESOES", "dataOcorrencia": "29/10/2015", "examesRequisitados": "IC-IML", "idDelegacia": "10361", "numero": "4181", "dataElaboracao": "29/10/2015", "tipoLocal": "Resid\u00eancia", "lat": -23.6103557, "horaComunicacao": "14:39", "tipoBoletim": "Principal", "circunscricao": "70\u00ba D.P. VILA EMA", "dependencia": "70\u00ba D.P. VILA EMA"}