{"categoria": "MORTE_SUBITA_NATURAL", "dependencia": "DEL.POL.PLANT\u00c3O ATIBAIA", "naturezas": [{"especie": "\u00d3bito", "descricao": "Morte suspeita"}], "tipoLocal": "Sa\u00fade", "partesEnvolvidas": [{"naturalidade": "GRAO MOGOL -MG", "estadoCivil": "Solteiro", "naturezasEnvolvidas": "Morte suspeita", "tipoEnvolvimento": "V\u00edtima", "nome": "GERSON PEREIRA DE ANDRADE", "instrucao": "1 Grau completo", "nacionalidade": "BRASILEIRA", "cutis": "Branca", "idade": "48", "rg": "20486900-SP", "dataNascimento": "02/01/1967"}], "dataOcorrencia": "18/07/2015", "lon": -46.5807758, "idDelegacia": "70934", "horaElaboracao": "14:12", "flagrante": "N\u00e3o", "numero": "4931", "dataComunicacao": "18/07/2015", "dataElaboracao": "18/07/2015", "tipoBoletim": "Principal", "turnoOcorrencia": "PELA MANH\u00c3", "idBO": "2015-70934-4931", "solucao": "BO PARA REGISTRO", "lat": -23.131089, "horaComunicacao": "14:07", "local": "AVENIDA INDUSTRIAL VALTER KLOTH - JARDIM CEREJEIRAS - CEP: 12951200 - ATIBAIA - SP", "circunscricao": "03\u00ba D.P. ATIBAIA"}