{"horaElaboracao": "11:49", "turnoOcorrencia": "PELA MANH\u00c3", "partesEnvolvidas": [{"naturalidade": "JEQUIE -BA", "estadoCivil": "Casado", "naturezasEnvolvidas": "Roubo (art. 157)", "tipoEnvolvimento": "V\u00edtima", "nome": "GILVAN DE ARAUJO FERREIRA", "instrucao": "Superior completo", "profissao": "POLICIAL MILITAR", "nacionalidade": "BRASILEIRA", "sexo": "Masculino", "idade": "47", "rg": "16780392-SP", "dataNascimento": "09/05/1968", "cutis": "Parda"}], "idBO": "2015-280306-80", "naturezas": [{"especie": "T\u00edtulo II - Patrim\u00f4nio (arts. 155 a 183)", "desdobramentos": "\u00a73o. Se da viol\u00eancia resulta morte:", "descricao": "Roubo (art. 157)"}, {"especie": "DL 3688/41 - Contraven\u00e7\u00f5es Penais", "descricao": "Jogo de azar (art. 50)"}, {"especie": "T\u00edtulo I - Pessoa (arts. 121 a 154)", "descricao": "Homic\u00eddio qualificado (art. 121, \u00a72o.)"}, {"especie": "T\u00edtulo XI - Administra\u00e7\u00e3o p\u00fablica (arts. 312 a 359-H)", "descricao": "Resist\u00eancia (art. 329)"}], "flagrante": "N\u00e3o", "lon": -46.60088880000001, "dataComunicacao": "15/09/2015", "solucao": "BO PARA FLAGRANTE", "local": "RUA RIO DE JANEIRO, 500 - CASA GRANDE - CEP: 09961730 - DIADEMA - SP", "categoria": "LATROCINIO", "dataOcorrencia": "15/09/2015", "examesRequisitados": "IC-IML", "idDelegacia": "280306", "numero": "80", "dataElaboracao": "15/09/2015", "tipoLocal": "Via p\u00fablica", "lat": -23.7146755, "horaComunicacao": "11:47", "tipoBoletim": "Principal", "circunscricao": "02\u00ba D.P. DIADEMA", "dependencia": "SETOR HOM.SEC. DIADEMA"}