{"horaElaboracao": "10:03", "turnoOcorrencia": "PELA MANH\u00c3", "partesEnvolvidas": [{"naturalidade": "S.ANDRE -SP", "estadoCivil": "Viuvo", "naturezasEnvolvidas": "Morte suspeita", "tipoEnvolvimento": "V\u00edtima", "nome": "DANILO SARNAI SAPUPO", "instrucao": "1 Grau completo", "profissao": "APOSENTADO(A)", "nacionalidade": "BRASILEIRA", "sexo": "Masculino", "idade": "72", "rg": "15115453-SP", "dataNascimento": "24/02/1943", "cutis": "Branca"}], "idBO": "2015-40414-412", "naturezas": [{"especie": "\u00d3bito", "descricao": "Morte suspeita"}], "flagrante": "N\u00e3o", "lon": -46.5890893, "dataComunicacao": "20/07/2015", "solucao": "APRECIA\u00c7\u00c3O DO DELEGADO TITULAR", "local": "AVENIDA DOUTRO ROBERTO DE ALMEIDA VINHAS, 5717 - JDM SOLEMAR - PRAIA GRANDE - SP", "categoria": "MORTE_SUBITA_NATURAL", "dataOcorrencia": "20/07/2015", "examesRequisitados": "IML", "idDelegacia": "40414", "numero": "412", "dataElaboracao": "20/07/2015", "tipoLocal": "Resid\u00eancia", "lat": -24.0767136, "horaComunicacao": "09:51", "tipoBoletim": "Principal", "circunscricao": "03\u00ba D.P. PRAIA GRANDE", "dependencia": "03\u00ba D.P. PRAIA GRANDE"}