{"horaElaboracao": "09:37", "turnoOcorrencia": "DE MADRUGADA", "partesEnvolvidas": [{"tipoEnvolvimento": "V\u00edtima", "nome": "DESCONHECIDA", "cutis": "Branca", "sexo": "Masculino", "idade": "0", "naturezasEnvolvidas": "Morte suspeita"}], "idBO": "2015-30436-1006", "naturezas": [{"especie": "\u00d3bito", "descricao": "Morte suspeita"}], "flagrante": "N\u00e3o", "lon": -46.771612, "dataComunicacao": "07/07/2015", "solucao": "BO PARA INVESTIGA\u00c7\u00c3O", "local": "RUA ARI BARROSO, 355 - PRESIDENTE ALTINO - CEP: 06216240 - OSASCO - SP", "categoria": "MORTE_SUBITA_NATURAL", "dataOcorrencia": "06/07/2015", "examesRequisitados": "IML", "idDelegacia": "30436", "numero": "1006", "dataElaboracao": "07/07/2015", "tipoLocal": "Sa\u00fade", "lat": -23.5255863, "horaComunicacao": "09:25", "tipoBoletim": "Principal", "circunscricao": "09\u00ba D.P. OSASCO", "dependencia": "09\u00ba D.P. OSASCO"}