{"horaElaboracao": "12:06", "turnoOcorrencia": "PELA MANH\u00c3", "partesEnvolvidas": [{"naturalidade": "MEDINA -MG", "naturezasEnvolvidas": "Homic\u00eddio simples (art. 121)", "tipoEnvolvimento": "V\u00edtima", "nome": "ADAO BATISTA CHAVES", "profissao": "AUTONOMO(A)", "nacionalidade": "BRASILEIRA", "sexo": "Masculino", "idade": "45", "rg": "24902113-SP", "dataNascimento": "03/01/1970", "cutis": "Branca"}], "idBO": "2015-200100-559", "nomeDelegaciaBoPrincipal": "46\u00ba D.P. PERUS", "naturezas": [{"especie": "T\u00edtulo I - Pessoa (arts. 121 a 154)", "descricao": "Homic\u00eddio simples (art. 121)"}], "flagrante": "N\u00e3o", "lon": -46.73537959999999, "dataComunicacao": "27/07/2015", "solucao": "BO PARA INQU\u00c9RITO", "numeroBoPrincipal": "2753", "categoria": "HOMICIDIO_DOLOSO", "dataOcorrencia": "27/07/2015", "examesRequisitados": "IC-IML", "idDelegacia": "200100", "numero": "559", "tipoBoletim": "Complementar", "dataElaboracao": "27/07/2015", "tipoLocal": "Via p\u00fablica", "lat": -23.4103329, "horaComunicacao": "12:05", "anoBoPrincipal": "2015", "circunscricao": "46\u00ba D.P. PERUS", "local": "ESTRADA CLEONICE KAMMER DI SANDRO, 100 - JARAGUA - CEP: 05224000 - S.PAULO - SP", "dependencia": "DHPP DIV. HOMICIDIOS"}