{"horaElaboracao": "00:29", "turnoOcorrencia": "A NOITE", "partesEnvolvidas": [{"naturalidade": "S.PAULO -SP", "estadoCivil": "Casado", "naturezasEnvolvidas": "Morte suspeita", "tipoEnvolvimento": "V\u00edtima", "nome": "EDILA DEL BARCO CORACA", "instrucao": "1 Grau completo", "profissao": "APOSENTADO(A)", "nacionalidade": "BRASILEIRA", "sexo": "Feminino", "idade": "86", "rg": "4243406-SP", "dataNascimento": "06/02/1929", "cutis": "Branca"}], "idBO": "2015-10357-3912", "naturezas": [{"especie": "\u00d3bito", "descricao": "Morte suspeita"}], "flagrante": "N\u00e3o", "lon": -46.7486472, "dataComunicacao": "20/06/2015", "solucao": "ENCAMINHAMENTO DP \u00c1REA DO FATO", "local": "RUA JOSE PEREIRA DE CARVALHO, 104 - JAGUARE - CEP: 05337090 - S.PAULO - SP", "categoria": "MORTE_ACIDENTAL", "dataOcorrencia": "19/06/2015", "examesRequisitados": "IML", "idDelegacia": "10357", "numero": "3912", "dataElaboracao": "20/06/2015", "tipoLocal": "Resid\u00eancia", "lat": -23.5539024, "horaComunicacao": "00:18", "tipoBoletim": "Principal", "circunscricao": "93\u00ba D.P. JAGUAR\u00c9", "dependencia": "91\u00ba D.P. CEASA"}