{"horaElaboracao": "12:41", "turnoOcorrencia": "PELA MANH\u00c3", "partesEnvolvidas": [{"estadoCivil": "Ignorado", "tipoEnvolvimento": "V\u00edtima", "nome": "DESCONHECIDO", "nacionalidade": "BRASILEIRA", "sexo": "Masculino", "idade": "40", "naturezasEnvolvidas": "Morte suspeita", "cutis": "Parda"}], "idBO": "2015-10314-10330", "naturezas": [{"especie": "\u00d3bito", "descricao": "Morte suspeita"}], "flagrante": "N\u00e3o", "lon": -46.5989403, "dataComunicacao": "01/12/2015", "solucao": "ENCAMINHAMENTO DP \u00c1REA DO FATO", "local": "RUA JOAO TOBIAS, 10 - MOOCA - CEP: 03163060 - S.PAULO - SP", "categoria": "SUICIDIO_DUVIDOSO", "dataOcorrencia": "20/11/2015", "examesRequisitados": "IML", "idDelegacia": "10314", "numero": "10330", "dataElaboracao": "01/12/2015", "tipoLocal": "Via p\u00fablica", "lat": -23.5470026, "horaComunicacao": "12:32", "tipoBoletim": "Principal", "circunscricao": "08\u00ba D.P. BRAS", "dependencia": "14\u00ba D.P. PINHEIROS"}