{"horaElaboracao": "04:26", "turnoOcorrencia": "DE MADRUGADA", "partesEnvolvidas": [{"naturalidade": "S.PAULO -SP", "estadoCivil": "Solteiro", "naturezasEnvolvidas": "Morte suspeita", "tipoEnvolvimento": "V\u00edtima", "nome": "MARILIA GABRIELE DOS SANTOS", "instrucao": "1 Grau completo", "nacionalidade": "BRASILEIRA", "sexo": "Feminino", "idade": "27", "rg": "44945282-SP", "dataNascimento": "12/04/1988", "cutis": "Parda"}], "idBO": "2015-10336-8486", "naturezas": [{"especie": "\u00d3bito", "descricao": "Morte suspeita"}], "flagrante": "N\u00e3o", "lon": -46.5819311, "dataComunicacao": "27/08/2015", "solucao": "APRECIA\u00c7\u00c3O DO DELEGADO TITULAR", "local": "RUA MICHEL OUCHANA, 94 - JACANA - CEP: 02276140 - S.PAULO - SP", "categoria": "MORTE_SUBITA_NATURAL", "dataOcorrencia": "27/08/2015", "examesRequisitados": "IML", "idDelegacia": "10336", "numero": "8486", "dataElaboracao": "27/08/2015", "tipoLocal": "Sa\u00fade", "lat": -23.4601608, "horaComunicacao": "04:15", "tipoBoletim": "Principal", "circunscricao": "73\u00ba D.P. JACANA", "dependencia": "73\u00ba D.P. JACANA"}