{"horaElaboracao": "17:36", "turnoOcorrencia": "PELA MANH\u00c3", "partesEnvolvidas": [{"naturalidade": "S.PAULO -SP", "estadoCivil": "Solteiro", "naturezasEnvolvidas": "Morte suspeita", "tipoEnvolvimento": "V\u00edtima", "nome": "DIEGO GOMES DOS SANTOS PEREIRA", "instrucao": "2 Grau completo", "profissao": "PORTEIRO(A)", "nacionalidade": "BRASILEIRA", "sexo": "Masculino", "idade": "25", "rg": "39590883-SP", "dataNascimento": "24/07/1990", "cutis": "Parda"}], "idBO": "2015-10357-6478", "naturezas": [{"especie": "\u00d3bito", "descricao": "Morte suspeita"}], "flagrante": "N\u00e3o", "lon": -46.740635, "dataComunicacao": "11/10/2015", "solucao": "ENCAMINHAMENTO DP \u00c1REA DO FATO", "local": "AVENIDA PROFESSOR LINEU PRESTES, 2565 - BUTANTA - CEP: 05508000 - S.PAULO - SP", "categoria": "MORTE_SUBITA_NATURAL", "dataOcorrencia": "11/10/2015", "examesRequisitados": "IML", "idDelegacia": "10357", "numero": "6478", "dataElaboracao": "11/10/2015", "tipoLocal": "Sa\u00fade", "lat": -23.5649897, "horaComunicacao": "17:32", "tipoBoletim": "Principal", "circunscricao": "93\u00ba D.P. JAGUAR\u00c9", "dependencia": "91\u00ba D.P. CEASA"}