{"horaElaboracao": "21:00", "turnoOcorrencia": "A TARDE", "partesEnvolvidas": [{"idade": "0", "naturezasEnvolvidas": "Morte suspeita", "cutis": "Branca", "sexo": "Masculino"}], "idBO": "2015-30415-74", "naturezas": [{"especie": "\u00d3bito", "descricao": "Morte suspeita"}], "flagrante": "N\u00e3o", "lon": -46.9951629, "dataComunicacao": "09/01/2015", "solucao": "ENCAMINHAMENTO DP \u00c1REA DO FATO", "local": "ESTRADA DA BARRAGEM - CENTRO - PIRAPORA BOM JESUS - SP", "categoria": "CADAVER_SEM_LESOES", "dataOcorrencia": "09/01/2015", "examesRequisitados": "IC-IML", "idDelegacia": "30415", "numero": "74", "dataElaboracao": "09/01/2015", "tipoLocal": "Unidade rural", "lat": -23.3959473, "horaComunicacao": "20:57", "tipoBoletim": "Principal", "circunscricao": "DEL.POL.PIRAPORA DO BOM JESUS", "dependencia": "DEL.POL.SANTANA DE PARNAIBA"}