{"horaElaboracao": "07:22", "turnoOcorrencia": "PELA MANH\u00c3", "partesEnvolvidas": [{"naturalidade": "ITORORO -BA", "estadoCivil": "Solteiro", "naturezasEnvolvidas": "Morte suspeita", "tipoEnvolvimento": "V\u00edtima", "nome": "JOSELITA MIRANDA BARBOSA", "profissao": "COMERCIANTE", "sexo": "Feminino", "idade": "65", "rg": "7622088-SP", "dataNascimento": "28/03/1950", "cutis": "Branca"}], "idBO": "2015-10357-5823", "naturezas": [{"especie": "\u00d3bito", "descricao": "Morte suspeita"}], "flagrante": "N\u00e3o", "lon": -46.6612522, "dataComunicacao": "13/09/2015", "solucao": "ENCAMINHAMENTO DP \u00c1REA DO FATO", "local": "RUA LAVRADIO, 197 - BARRA FUNDA - CEP: 01154020 - S.PAULO - SP", "categoria": "MORTE_SUBITA_NATURAL", "dataOcorrencia": "13/09/2015", "examesRequisitados": "IC-IML", "idDelegacia": "10357", "numero": "5823", "dataElaboracao": "13/09/2015", "tipoLocal": "Resid\u00eancia", "lat": -23.5307096, "horaComunicacao": "07:20", "tipoBoletim": "Principal", "circunscricao": "23\u00ba D.P. PERDIZES", "dependencia": "91\u00ba D.P. CEASA"}