{"horaElaboracao": "16:30", "turnoOcorrencia": "A TARDE", "partesEnvolvidas": [{"naturalidade": "S.PAULO -SP", "estadoCivil": "Casado", "naturezasEnvolvidas": "Roubo (art. 157)", "tipoEnvolvimento": "V\u00edtima", "nome": "ROBERTO GASPARINO", "instrucao": "Superior completo", "profissao": "EMPRESARIO(A)", "sexo": "Masculino", "idade": "68", "rg": "3795497-SP", "dataNascimento": "10/06/1947", "cutis": "Branca"}], "idBO": "2015-10369-3582", "naturezas": [{"especie": "T\u00edtulo II - Patrim\u00f4nio (arts. 155 a 183)", "desdobramentos": "\u00a73o. Se da viol\u00eancia resulta morte:", "descricao": "Roubo (art. 157)"}], "flagrante": "N\u00e3o", "lon": -46.6685209, "dataComunicacao": "05/11/2015", "solucao": "BO PARA INQU\u00c9RITO", "local": "AVENIDA BEM-TE-VI, 232 - MOEMA - CEP: 04524030 - S.PAULO - SP", "categoria": "LATROCINIO", "dataOcorrencia": "05/11/2015", "examesRequisitados": "IC-IML", "idDelegacia": "10369", "numero": "3582", "dataElaboracao": "05/11/2015", "tipoLocal": "Via p\u00fablica", "lat": -23.6077964, "horaComunicacao": "16:25", "tipoBoletim": "Principal", "circunscricao": "96\u00ba D.P. MON\u00c7\u00d5ES", "dependencia": "96\u00ba D.P. MON\u00c7\u00d5ES"}