{"horaElaboracao": "02:10", "turnoOcorrencia": "A NOITE", "partesEnvolvidas": [{"naturalidade": "LUANDA", "estadoCivil": "Solteiro", "naturezasEnvolvidas": "Morte suspeita", "tipoEnvolvimento": "V\u00edtima", "nome": "MALVINA PEDRO FELIX", "profissao": "AUTONOMO(A)", "sexo": "Feminino", "idade": "38", "dataNascimento": "13/05/1977", "cutis": "Preta"}], "idBO": "2015-10108-7822", "naturezas": [{"especie": "\u00d3bito", "descricao": "Morte suspeita"}], "flagrante": "N\u00e3o", "lon": -46.6274859, "dataComunicacao": "20/10/2015", "solucao": "ENCAMINHAMENTO DP \u00c1REA DO FATO", "local": "RUA DO GLICERIO, 12 - SE - CEP: 01514000 - S.PAULO - SP", "categoria": "MORTE_SUBITA_NATURAL", "dataOcorrencia": "19/10/2015", "examesRequisitados": "IC-IML", "idDelegacia": "10108", "numero": "7822", "dataElaboracao": "20/10/2015", "tipoLocal": "Resid\u00eancia", "lat": -23.5527528, "horaComunicacao": "02:09", "tipoBoletim": "Principal", "circunscricao": "01\u00ba D.P. SE", "dependencia": "08\u00ba D.P. BRAS"}