{"horaElaboracao": "16:56", "turnoOcorrencia": "A NOITE", "partesEnvolvidas": [{"naturalidade": "IBIAPINA", "naturezasEnvolvidas": "Morte suspeita", "tipoEnvolvimento": "V\u00edtima", "nome": "FRANCISCO ERIVELTON DA SILVA PAIVA", "nacionalidade": "BRASILEIRA", "sexo": "Masculino", "idade": "33", "dataNascimento": "06/10/1981", "cutis": "Branca"}], "idBO": "2015-30406-2948", "naturezas": [{"especie": "\u00d3bito", "descricao": "Morte suspeita"}], "flagrante": "N\u00e3o", "lon": -46.8478554, "dataComunicacao": "26/06/2015", "solucao": "ENCAMINHAMENTO DP \u00c1REA DO FATO", "local": "AVENIDA GUACI FERNANDES DOMINGUES, 200 - CENTRO - CEP: 06854000 - ITAPECERICA DA SERRA - SP", "categoria": "SUICIDIO_DUVIDOSO", "dataOcorrencia": "25/06/2015", "examesRequisitados": "IML", "idDelegacia": "30406", "numero": "2948", "dataElaboracao": "26/06/2015", "tipoLocal": "Sa\u00fade", "lat": -23.7006329, "horaComunicacao": "16:51", "tipoBoletim": "Principal", "circunscricao": "DEL.POL.ITAPECERICA DA SERRA", "dependencia": "DEL.POL.ITAPECERICA DA SERRA"}