{"horaElaboracao": "17:51", "turnoOcorrencia": "A TARDE", "partesEnvolvidas": [{"naturalidade": "OSASCO -SP", "estadoCivil": "Solteiro", "naturezasEnvolvidas": "Morte suspeita", "tipoEnvolvimento": "V\u00edtima", "nome": "DOUGLAS EDUARDO DA SILVA", "instrucao": "1 Grau completo", "profissao": "CAMINHONEIRO", "sexo": "Masculino", "idade": "40", "rg": "25648941-SP", "dataNascimento": "01/03/1975", "cutis": "Branca"}], "idBO": "2015-30440-5370", "naturezas": [{"especie": "\u00d3bito", "descricao": "Morte suspeita"}], "flagrante": "N\u00e3o", "lon": -46.7936279, "dataComunicacao": "21/10/2015", "solucao": "AGUARDANDO LAUDOS", "local": "RUA MARIA CARVALHO DE LIMA, 363 - HELENA MARIA - CEP: 06260100 - OSASCO - SP", "categoria": "MORTE_SUBITA_NATURAL", "dataOcorrencia": "21/10/2015", "examesRequisitados": "IML", "idDelegacia": "30440", "numero": "5370", "dataElaboracao": "21/10/2015", "tipoLocal": "Sa\u00fade", "lat": -23.4989079, "horaComunicacao": "17:41", "tipoBoletim": "Principal", "circunscricao": "10\u00ba D.P. OSASCO", "dependencia": "10\u00ba D.P. OSASCO"}