{"horaElaboracao": "00:45", "turnoOcorrencia": "A TARDE", "partesEnvolvidas": [{"naturalidade": "PIRACICABA -SP", "estadoCivil": "Solteiro", "naturezasEnvolvidas": "Morte suspeita", "tipoEnvolvimento": "V\u00edtima", "nome": "RODRIGO LUIZ FRANCA", "instrucao": "2 Grau completo", "nacionalidade": "BRASILEIRA", "profissao": "ELETRICISTA", "idade": "18", "rg": "49683211-SP", "dataNascimento": "02/02/1997", "cutis": "Branca"}], "idBO": "2015-70923-6125", "naturezas": [{"especie": "\u00d3bito", "descricao": "Morte suspeita"}], "flagrante": "N\u00e3o", "lon": -47.3995232, "dataComunicacao": "13/11/2015", "solucao": "ENCAMINHAMENTO DP \u00c1REA DO FATO", "local": "AVENIDA ANT\u00d4NIO OMETO, 1 - VILA KUHL - CEP: 13480470 - LIMEIRA - SP", "categoria": "MORTE_ACIDENTAL", "dataOcorrencia": "12/11/2015", "examesRequisitados": "IML", "idDelegacia": "70923", "numero": "6125", "dataElaboracao": "13/11/2015", "tipoLocal": "Sa\u00fade", "lat": -22.5730411, "horaComunicacao": "00:38", "tipoBoletim": "Principal", "circunscricao": "01\u00ba D.P. LIMEIRA", "dependencia": "DEL.SEC.LIMEIRA PLANT\u00c3O"}