{"horaElaboracao": "01:55", "turnoOcorrencia": "A NOITE", "partesEnvolvidas": [{"tipoEnvolvimento": "V\u00edtima", "nome": "ARIALDO PAI\u00c3O", "cutis": "Parda", "sexo": "Masculino", "idade": "0", "naturezasEnvolvidas": "Morte suspeita, Inc\u00eandio (art. 250, caput)"}], "idBO": "2015-100312-421", "naturezas": [{"especie": "\u00d3bito", "descricao": "Morte suspeita"}, {"especie": "T\u00edtulo VIII - Incolumidade p\u00fablica (arts. 250 a 285)", "descricao": "Inc\u00eandio (art. 250, caput)"}], "flagrante": "N\u00e3o", "lon": -46.41336219999999, "dataComunicacao": "29/06/2015", "solucao": "APRECIA\u00c7\u00c3O DO DELEGADO TITULAR", "local": "FAZENDA BOM JESUS - RURAL - CEP: 14470000 - PEDREGULHO - SP", "categoria": "SUICIDIO_DUVIDOSO", "dataOcorrencia": "28/06/2015", "examesRequisitados": "IC-IML", "idDelegacia": "100312", "numero": "421", "dataElaboracao": "29/06/2015", "tipoLocal": "Unidade rural", "lat": -23.5413453, "horaComunicacao": "01:52", "tipoBoletim": "Principal", "circunscricao": "DEL.POL.PEDREGULHO", "dependencia": "DEL.POL.PEDREGULHO"}