{"horaElaboracao": "13:13", "turnoOcorrencia": "DE MADRUGADA", "partesEnvolvidas": [{"naturalidade": "MACAUBAS -BA", "estadoCivil": "Solteiro", "naturezasEnvolvidas": "Homic\u00eddio simples (art. 121)", "tipoEnvolvimento": "V\u00edtima", "nome": "ANTONIO JOAO DA SILVA", "nacionalidade": "BRASILEIRA", "sexo": "Masculino", "idade": "59", "rg": "24181364-SP", "dataNascimento": "08/12/1955", "cutis": "Parda"}], "idBO": "2015-70926-1730", "naturezas": [{"especie": "T\u00edtulo I - Pessoa (arts. 121 a 154)", "descricao": "Homic\u00eddio simples (art. 121)"}], "flagrante": "N\u00e3o", "lon": -47.1661485, "dataComunicacao": "26/04/2015", "solucao": "ENCAMINHAMENTO DP \u00c1REA DO FATO", "local": "RUA EXPEDITO VIEIRA DAMASCENO, 73 - JD. PARAISO I - SUMARE - SP", "categoria": "HOMICIDIO_DOLOSO", "dataOcorrencia": "26/04/2015", "examesRequisitados": "IC-IML", "idDelegacia": "70926", "numero": "1730", "dataElaboracao": "26/04/2015", "tipoLocal": "Lazer e recrea\u00e7\u00e3o", "lat": -22.8178259, "horaComunicacao": "13:05", "tipoBoletim": "Principal", "circunscricao": "04\u00ba D.P. SUMARE", "dependencia": "DEL.POL.PLANT\u00c3O SUMARE"}