{"horaElaboracao": "02:45", "turnoOcorrencia": "DE MADRUGADA", "partesEnvolvidas": [{"naturalidade": "JACOBINA -BA", "estadoCivil": "Solteiro", "naturezasEnvolvidas": "Morte suspeita", "tipoEnvolvimento": "V\u00edtima", "nome": "DEJANIRA OLIVEIRA SANTOS", "nacionalidade": "BRASILEIRA", "sexo": "Feminino", "idade": "64", "rg": "8402686-SP", "dataNascimento": "28/11/1950", "cutis": "Parda"}], "idBO": "2015-40232-1737", "naturezas": [{"especie": "\u00d3bito", "descricao": "Morte suspeita"}], "flagrante": "N\u00e3o", "lon": -46.3356575, "dataComunicacao": "19/05/2015", "solucao": "ENCAMINHAMENTO DP \u00c1REA DO FATO", "local": "RUA DOUTOR CL\u00c1UDIO LU\u00cdS DA COSTA, 50 - VILA MATIAS - CEP: 11075101 - SANTOS - SP", "categoria": "MORTE_SUBITA_NATURAL", "dataOcorrencia": "19/05/2015", "examesRequisitados": "IML", "idDelegacia": "40232", "numero": "1737", "dataElaboracao": "19/05/2015", "tipoLocal": "Sa\u00fade", "lat": -23.9466149, "horaComunicacao": "02:40", "tipoBoletim": "Principal", "circunscricao": "02\u00ba D.P. SANTOS", "dependencia": "07\u00ba D.P. SANTOS"}