{"horaElaboracao": "06:53", "turnoOcorrencia": "DE MADRUGADA", "partesEnvolvidas": [{"naturalidade": "S.PAULO -SP", "estadoCivil": "Casado", "naturezasEnvolvidas": "Morte suspeita", "tipoEnvolvimento": "V\u00edtima", "nome": "VASTINIR DE MORAES", "instrucao": "1 Grau completo", "nacionalidade": "BRASILEIRA", "cutis": "Branca", "idade": "76", "rg": "21163914-SP", "dataNascimento": "01/11/1938"}], "idBO": "2015-40207-2268", "naturezas": [{"especie": "\u00d3bito", "descricao": "Morte suspeita"}], "flagrante": "N\u00e3o", "lon": -46.6746056, "dataComunicacao": "01/07/2015", "solucao": "ENCAMINHAMENTO DP \u00c1REA DO FATO", "local": "RUA FRANCISCO GARC\u00cdA CANO, 239 - BALNE\u00c1RIO ITA\u00d3CA - CEP: 11730000 - MONGAGUA - SP", "categoria": "MORTE_SUBITA_NATURAL", "dataOcorrencia": "01/07/2015", "examesRequisitados": "IML", "idDelegacia": "40207", "numero": "2268", "dataElaboracao": "01/07/2015", "tipoLocal": "Resid\u00eancia", "lat": -24.1179798, "horaComunicacao": "06:50", "tipoBoletim": "Principal", "circunscricao": "01\u00ba D.P. MONGAGUA", "dependencia": "DEL.POL.MONGAGUA"}