{"horaElaboracao": "16:34", "turnoOcorrencia": "PELA MANH\u00c3", "partesEnvolvidas": [{"naturalidade": "S.PAULO -SP", "estadoCivil": "Solteiro", "naturezasEnvolvidas": "Homic\u00eddio simples (art. 121)", "tipoEnvolvimento": "V\u00edtima", "nome": "FELLIPY BATISTA FERREIRA", "instrucao": "2 Grau incompleto", "profissao": "ESTUDANTE", "nacionalidade": "BRASILEIRA", "sexo": "Masculino", "idade": "23", "rg": "43210645-SP", "dataNascimento": "23/12/1991", "cutis": "Parda"}], "idBO": "2015-200100-722", "naturezas": [{"especie": "T\u00edtulo II - Patrim\u00f4nio (arts. 155 a 183)", "descricao": "Roubo (art. 157)"}, {"especie": "T\u00edtulo I - Pessoa (arts. 121 a 154)", "desdobramentos": "Morte decorrente de interven\u00e7\u00e3o policial (RES. SSP 05 - 07/01/2013)", "descricao": "Homic\u00eddio simples (art. 121)"}], "flagrante": "N\u00e3o", "lon": -46.619711, "dataComunicacao": "10/10/2015", "solucao": "BO PARA INQU\u00c9RITO", "local": "RUA CORONEL DERALDO JORDAO, 157 - JARDIM COLINA - CEP: 04125030 - S.PAULO - SP", "categoria": "OPOSICAO_POLICIAL", "dataOcorrencia": "10/10/2015", "examesRequisitados": "IC-IML", "idDelegacia": "200100", "numero": "722", "dataElaboracao": "10/10/2015", "tipoLocal": "Via p\u00fablica", "lat": -23.6001654, "horaComunicacao": "16:32", "tipoBoletim": "Principal", "circunscricao": "17\u00ba D.P. DOUTOR ALDO GALIANO", "dependencia": "DHPP DIV. HOMICIDIOS"}