{"horaElaboracao": "21:40", "turnoOcorrencia": "A TARDE", "partesEnvolvidas": [{"naturalidade": "JACUTINGA/MG", "estadoCivil": "Casado", "naturezasEnvolvidas": "Morte suspeita", "tipoEnvolvimento": "V\u00edtima", "nome": "FAUSTO MARIOTTI", "instrucao": "2 Grau completo", "profissao": "APOSENTADO(A)", "nacionalidade": "BRASILEIRA", "sexo": "Masculino", "idade": "84", "rg": "3120110-SP", "dataNascimento": "13/09/1930", "cutis": "Branca"}], "idBO": "2015-10108-665", "naturezas": [{"especie": "\u00d3bito", "descricao": "Morte suspeita"}], "flagrante": "N\u00e3o", "lon": -46.6276284, "dataComunicacao": "25/01/2015", "solucao": "BO PARA REGISTRO", "local": "RUA VERGUEIRO, 4210 - VILA MARIANA - S.PAULO - SP", "categoria": "MORTE_SUBITA_NATURAL", "dataOcorrencia": "25/01/2015", "examesRequisitados": "IML", "idDelegacia": "10108", "numero": "665", "dataElaboracao": "25/01/2015", "tipoLocal": "Sa\u00fade", "lat": -23.5951831, "horaComunicacao": "21:35", "tipoBoletim": "Principal", "circunscricao": "36\u00ba D.P. VILA MARIANA", "dependencia": "08\u00ba D.P. BRAS"}