{"horaElaboracao": "21:32", "turnoOcorrencia": "A NOITE", "partesEnvolvidas": [{"naturalidade": "SUZANO -SP", "estadoCivil": "Solteiro", "naturezasEnvolvidas": "Homic\u00eddio qualificado (art. 121, \u00a72o.)", "tipoEnvolvimento": "V\u00edtima", "nome": "JUCIMAR APARECIDO DE CAMARGO", "instrucao": "2 Grau completo", "profissao": "DESEMPREGADO(A)", "nacionalidade": "BRASILEIRA", "sexo": "Masculino", "idade": "22", "rg": "49664211-SP", "dataNascimento": "22/01/1993", "cutis": "Parda"}], "idBO": "2015-30309-4396", "naturezas": [{"especie": "T\u00edtulo I - Pessoa (arts. 121 a 154)", "desdobramentos": "II - por motivo f\u00fatil, IV - \u00e0 trai\u00e7\u00e3o ou mediante dissimula\u00e7\u00e3o ou outro recurso", "descricao": "Homic\u00eddio qualificado (art. 121, \u00a72o.)"}], "flagrante": "N\u00e3o", "lon": -46.3068964, "dataComunicacao": "03/08/2015", "solucao": "BO PARA INQU\u00c9RITO", "local": "AVENIDA ANT\u00d4NIO MARQU\u00caS FIGUEIRA - VILA MAZZA - CEP: 08676000 - SUZANO - SP", "categoria": "HOMICIDIO_DOLOSO", "dataOcorrencia": "03/08/2015", "examesRequisitados": "IC-IML", "idDelegacia": "30309", "numero": "4396", "dataElaboracao": "03/08/2015", "tipoLocal": "Via p\u00fablica", "lat": -23.5462054, "horaComunicacao": "21:30", "tipoBoletim": "Principal", "circunscricao": "DEL.POL.SUZANO", "dependencia": "DEL.POL.SUZANO"}