{"horaElaboracao": "12:16", "turnoOcorrencia": "DE MADRUGADA", "partesEnvolvidas": [{"estadoCivil": "Convivente", "naturezasEnvolvidas": "Morte suspeita", "tipoEnvolvimento": "V\u00edtima", "nome": "MARIA TEREZA DA SILVA FERREIRA", "cutis": "Parda", "sexo": "Feminino", "idade": "47", "dataNascimento": "08/09/1968"}], "idBO": "2015-20250-10011", "naturezas": [{"especie": "\u00d3bito", "descricao": "Morte suspeita"}], "flagrante": "N\u00e3o", "lon": -46.6911564, "dataComunicacao": "15/09/2015", "solucao": "ENCAMINHAMENTO DP \u00c1REA DO FATO", "local": "RUA BEIRA RIO, 200 - - S.PAULO - SP", "categoria": "MORTE_SUBITA_NATURAL", "dataOcorrencia": "14/09/2015", "examesRequisitados": "IML", "idDelegacia": "20250", "numero": "10011", "dataElaboracao": "15/09/2015", "tipoLocal": "Resid\u00eancia", "lat": -23.5955028, "horaComunicacao": "12:00", "tipoBoletim": "Principal", "circunscricao": "59\u00ba D.P. JARDIM DOS IPES", "dependencia": "50\u00ba D.P. ITAIM PAULISTA"}