{"horaElaboracao": "19:29", "turnoOcorrencia": "A NOITE", "partesEnvolvidas": [{"naturalidade": "CAMPINAS -SP", "estadoCivil": "Solteiro", "naturezasEnvolvidas": "Homic\u00eddio simples (art. 121)", "tipoEnvolvimento": "V\u00edtima", "nome": "HENRIQUE SILVA DIAS PEREIRA", "instrucao": "1 Grau completo", "nacionalidade": "BRASILEIRA", "sexo": "Masculino", "idade": "25", "rg": "45811852-SP", "dataNascimento": "19/07/1989", "cutis": "Branca"}], "idBO": "2015-70928-1775", "naturezas": [{"especie": "T\u00edtulo I - Pessoa (arts. 121 a 154)", "descricao": "Homic\u00eddio simples (art. 121)"}], "flagrante": "N\u00e3o", "lon": -46.7799634, "dataComunicacao": "01/06/2015", "solucao": "ENCAMINHAMENTO DP \u00c1REA DO FATO", "local": "RUA NOEL ROSA, 10 - JARDIM SAO BENTO - CEP: 13187103 - HORTOLANDIA - SP", "categoria": "HOMICIDIO_DOLOSO", "dataOcorrencia": "01/06/2015", "examesRequisitados": "IC-IML", "idDelegacia": "70928", "numero": "1775", "dataElaboracao": "01/06/2015", "tipoLocal": "Via p\u00fablica", "lat": -23.4378409, "horaComunicacao": "00:00", "tipoBoletim": "Principal", "circunscricao": "02\u00ba D.P. HORTOL\u00c2NDIA", "dependencia": "DEL.POL.PLANT\u00c3O HORTOL\u00c2NDIA"}