{"horaElaboracao": "00:00", "turnoOcorrencia": "A NOITE", "partesEnvolvidas": [{"naturalidade": "NATIVIDADE DA SERRA -SP", "estadoCivil": "Casado", "naturezasEnvolvidas": "Morte suspeita", "tipoEnvolvimento": "V\u00edtima", "nome": "ANGELINA MARIA DE JESUS SILVA", "instrucao": "1 Grau completo", "nacionalidade": "BRASILEIRA", "cutis": "Branca", "idade": "71", "rg": "11162999-SP", "dataNascimento": "03/02/1943"}], "idBO": "2015-130516-547", "naturezas": [{"especie": "\u00d3bito", "descricao": "Morte suspeita"}], "flagrante": "N\u00e3o", "lon": -45.5661012, "dataComunicacao": "26/01/2015", "solucao": "APRECIA\u00c7\u00c3O DO DELEGADO TITULAR", "local": "RUA DOUTOR BENEDITO CURSINO DOS SANTOS, 1 - CENTRO - TAUBATE - SP", "categoria": "MORTE_SUBITA_NATURAL", "dataOcorrencia": "26/01/2015", "examesRequisitados": "IML", "idDelegacia": "130516", "numero": "547", "dataElaboracao": "27/01/2015", "tipoLocal": "Sa\u00fade", "lat": -23.0297891, "horaComunicacao": "23:51", "tipoBoletim": "Principal", "circunscricao": "01\u00ba D.P. TAUBATE", "dependencia": "DEL.SEC.TAUBATE PLANT\u00c3O"}