{"horaElaboracao": "06:15", "turnoOcorrencia": "DE MADRUGADA", "partesEnvolvidas": [{"naturalidade": "PIRACICABA -SP", "estadoCivil": "Casado", "naturezasEnvolvidas": "Morte suspeita", "tipoEnvolvimento": "V\u00edtima", "nome": "ADALBERTO JOSE BELTRAME", "cutis": "Branca", "sexo": "Masculino", "idade": "47", "rg": "18564401-SP", "dataNascimento": "06/11/1967"}], "idBO": "2015-70923-4189", "naturezas": [{"especie": "\u00d3bito", "descricao": "Morte suspeita"}], "flagrante": "N\u00e3o", "lon": -47.4006057, "dataComunicacao": "02/08/2015", "solucao": "APRECIA\u00c7\u00c3O DO DELEGADO TITULAR", "local": "AVENIDA ANTONIO OMETTO - S. MANOEL - LIMEIRA - SP", "categoria": "MORTE_SUBITA_NATURAL", "dataOcorrencia": "02/08/2015", "examesRequisitados": "IML", "idDelegacia": "70923", "numero": "4189", "dataElaboracao": "02/08/2015", "tipoLocal": "Sa\u00fade", "lat": -22.5793195, "horaComunicacao": "06:08", "tipoBoletim": "Principal", "circunscricao": "01\u00ba D.P. LIMEIRA", "dependencia": "DEL.SEC.LIMEIRA PLANT\u00c3O"}