{"horaElaboracao": "13:37", "turnoOcorrencia": "PELA MANH\u00c3", "partesEnvolvidas": [{"naturalidade": "JEREMOABO/BA", "estadoCivil": "Casado", "naturezasEnvolvidas": "Morte suspeita", "tipoEnvolvimento": "V\u00edtima", "nome": "RAIMUNDA SILVA OLIVEIRA NOVAES", "instrucao": "Superior completo", "profissao": "APOSENTADO(A)", "nacionalidade": "BRASILEIRA", "sexo": "Feminino", "idade": "67", "rg": "5863075-SP", "dataNascimento": "03/05/1948", "cutis": "Branca"}], "idBO": "2015-40232-3239", "naturezas": [{"especie": "\u00d3bito", "descricao": "Morte suspeita"}], "flagrante": "N\u00e3o", "lon": -46.3309472, "dataComunicacao": "20/09/2015", "solucao": "ENCAMINHAMENTO DP \u00c1REA DO FATO", "local": "AVENIDA ANA COSTA, 168 - VILA MATHIAS - SANTOS - SP", "categoria": "MORTE_SUBITA_NATURAL", "dataOcorrencia": "20/09/2015", "examesRequisitados": "IML", "idDelegacia": "40232", "numero": "3239", "dataElaboracao": "20/09/2015", "tipoLocal": "Sa\u00fade", "lat": -23.9511498, "horaComunicacao": "13:35", "tipoBoletim": "Principal", "circunscricao": "02\u00ba D.P. SANTOS", "dependencia": "07\u00ba D.P. SANTOS"}