{"categoria": "MORTE_SUBITA_NATURAL", "dependencia": "DEL.POL.GUARUJA", "naturezas": [{"especie": "\u00d3bito", "descricao": "Morte suspeita"}], "tipoLocal": "Condominio Comercial", "partesEnvolvidas": [{"naturalidade": "GROSSOS -RN", "estadoCivil": "Casado", "naturezasEnvolvidas": "Morte suspeita", "tipoEnvolvimento": "V\u00edtima", "nome": "RAIMUNDO MANOEL DE SOUZA", "instrucao": "1 Grau completo", "nacionalidade": "BRASILEIRA", "sexo": "Masculino", "idade": "61", "rg": "19190168-SP", "dataNascimento": "22/09/1953", "cutis": "Parda"}], "dataOcorrencia": "11/03/2015", "lon": -46.2110396, "idDelegacia": "40203", "horaElaboracao": "11:01", "flagrante": "N\u00e3o", "numero": "1991", "dataComunicacao": "11/03/2015", "dataElaboracao": "11/03/2015", "tipoBoletim": "Principal", "turnoOcorrencia": "PELA MANH\u00c3", "idBO": "2015-40203-1991", "solucao": "APRECIA\u00c7\u00c3O DO DELEGADO TITULAR", "lat": -23.9788306, "horaComunicacao": "10:52", "local": "RUA PLINIO DE CARVALHO PINTO, 902 - JD. VIRG\u00cdNIA - GUARUJA - SP", "circunscricao": "DEL.POL.GUARUJA"}