{"horaElaboracao": "17:08", "turnoOcorrencia": "A TARDE", "partesEnvolvidas": [{"naturalidade": "S.PAULO", "estadoCivil": "Casado", "naturezasEnvolvidas": "Morte suspeita", "tipoEnvolvimento": "V\u00edtima", "nome": "SERGIO RODRIGUES DA SILVA", "instrucao": "Superior incompleto", "profissao": "AJUDANTE", "nacionalidade": "BRASILEIRA", "sexo": "Masculino", "idade": "47", "rg": "17949400-SP", "dataNascimento": "13/05/1968", "cutis": "Parda"}], "idBO": "2015-20222-3834", "naturezas": [{"especie": "\u00d3bito", "descricao": "Morte suspeita"}], "flagrante": "N\u00e3o", "lon": -46.4279325, "dataComunicacao": "02/12/2015", "solucao": "AGUARDANDO LAUDOS", "local": "RUA PARANAIBA, 70 - JARDIM HELENA - CEP: 08090210 - S.PAULO - SP", "categoria": "MORTE_SUBITA_NATURAL", "dataOcorrencia": "02/12/2015", "examesRequisitados": "IML", "idDelegacia": "20222", "numero": "3834", "dataElaboracao": "02/12/2015", "tipoLocal": "Resid\u00eancia", "lat": -23.4767147, "horaComunicacao": "16:55", "tipoBoletim": "Principal", "circunscricao": "22\u00ba D.P. SAO MIGUEL PTA", "dependencia": "22\u00ba D.P. SAO MIGUEL PTA"}