{"categoria": "MORTE_ACIDENTAL", "dependencia": "11\u00ba D.P. SANTO AMARO", "naturezas": [{"especie": "\u00d3bito", "descricao": "Morte suspeita"}], "tipoLocal": "Sa\u00fade", "partesEnvolvidas": [{"naturalidade": "PORTUGUESA", "estadoCivil": "Solteiro", "naturezasEnvolvidas": "Morte suspeita", "tipoEnvolvimento": "V\u00edtima", "nome": "CARLOS ALBERTO FERREIRA VAZ", "instrucao": "2 Grau completo", "profissao": "CONTADOR(A)", "nacionalidade": "PORTUGUESA", "sexo": "Masculino", "idade": "67", "dataNascimento": "29/12/1947", "cutis": "Branca"}], "dataOcorrencia": "17/06/2015", "lon": -46.7050734, "idDelegacia": "10211", "horaElaboracao": "14:27", "flagrante": "N\u00e3o", "numero": "7310", "dataComunicacao": "17/06/2015", "dataElaboracao": "17/06/2015", "tipoBoletim": "Principal", "turnoOcorrencia": "PELA MANH\u00c3", "idBO": "2015-10211-7310", "solucao": "AGUARDANDO LAUDOS", "lat": -23.650246, "horaComunicacao": "14:24", "local": "RUA ISABEL SCHMIDT, 59 - SANTO AMARO - CEP: 04743030 - S.PAULO - SP", "circunscricao": "11\u00ba D.P. SANTO AMARO"}