{"horaElaboracao": "18:41", "turnoOcorrencia": "A TARDE", "partesEnvolvidas": [{"naturalidade": "S.ANDRE -SP", "estadoCivil": "Casado", "naturezasEnvolvidas": "Morte suspeita", "tipoEnvolvimento": "V\u00edtima", "nome": "MARILENE DO NASCIMENTO MANZALE", "instrucao": "1 Grau completo", "profissao": "DESEMPREGADO(A)", "nacionalidade": "BRASILEIRA", "sexo": "Feminino", "idade": "45", "rg": "17589456-SP", "dataNascimento": "30/06/1969", "cutis": "Parda"}], "idBO": "2015-40204-1193", "naturezas": [{"especie": "\u00d3bito", "descricao": "Morte suspeita"}], "flagrante": "N\u00e3o", "lon": -46.4313434, "dataComunicacao": "18/04/2015", "solucao": "APRECIA\u00c7\u00c3O DO DELEGADO TITULAR", "local": "RUA OSVALDO DOS SANTOS SOARES, 613 - BORACEIA II - BERTIOGA - SP", "categoria": "MORTE_SUBITA_NATURAL", "dataOcorrencia": "18/04/2015", "examesRequisitados": "IML", "idDelegacia": "40204", "numero": "1193", "dataElaboracao": "18/04/2015", "tipoLocal": "Resid\u00eancia", "lat": -23.543104, "horaComunicacao": "18:32", "tipoBoletim": "Principal", "circunscricao": "DEL.POL.BERTIOGA", "dependencia": "DEL.POL.BERTIOGA"}