{"categoria": "MORTE_SUBITA_NATURAL", "dependencia": "01\u00ba D.P. S.JOSE DOS CAMPOS", "naturezas": [{"especie": "\u00d3bito", "descricao": "Morte suspeita"}], "tipoLocal": "Resid\u00eancia", "partesEnvolvidas": [{"naturalidade": "S.JOSE DOS CAMPOS -SP", "estadoCivil": "Solteiro", "naturezasEnvolvidas": "Morte suspeita", "tipoEnvolvimento": "V\u00edtima", "nome": "JOSE FERNANDES ALVES", "instrucao": "1 Grau completo", "profissao": "PEDREIRO", "nacionalidade": "BRASILEIRA", "sexo": "Masculino", "idade": "44", "rg": "25681546-SP", "dataNascimento": "14/05/1971", "cutis": "Branca"}], "dataOcorrencia": "01/10/2015", "lon": -45.7783289, "idDelegacia": "130310", "horaElaboracao": "19:21", "flagrante": "N\u00e3o", "numero": "5486", "dataComunicacao": "01/10/2015", "dataElaboracao": "01/10/2015", "tipoBoletim": "Principal", "turnoOcorrencia": "A TARDE", "idBO": "2015-130310-5486", "solucao": "ENCAMINHAMENTO DP \u00c1REA DO FATO", "lat": -23.1355762, "horaComunicacao": "19:18", "local": "RUA AIRTO PELOGIA, 1193 - EUG\u00caNIO DE MELO - CEP: 12247551 - S.JOSE DOS CAMPOS - SP", "circunscricao": "05\u00ba D.P. S.JOSE DOS CAMPOS"}