{"horaElaboracao": "17:42", "turnoOcorrencia": "A TARDE", "partesEnvolvidas": [{"naturalidade": "NAO INFORMADA(MOT=ACERVO)", "naturezasEnvolvidas": "Morte suspeita", "tipoEnvolvimento": "V\u00edtima", "nome": "DEBORA HOLANDA DE ALMEIDA HORIKAWA", "nacionalidade": "BRASILEIRA", "sexo": "Feminino", "idade": "63", "rg": "12476384-SP", "dataNascimento": "03/07/1951", "cutis": "Branca"}], "idBO": "2015-120501-950", "naturezas": [{"especie": "\u00d3bito", "descricao": "Morte suspeita"}], "flagrante": "N\u00e3o", "lon": -46.6444119, "dataComunicacao": "17/06/2015", "solucao": "APRECIA\u00c7\u00c3O DO DELEGADO TITULAR", "local": "RUA LUIS ANTONIO DE MOARES, 16 - JUNDIAQUARA - ARACOIABA DA SERRA - SP", "categoria": "MORTE_SUBITA_NATURAL", "dataOcorrencia": "17/06/2015", "examesRequisitados": "IML", "idDelegacia": "120501", "numero": "950", "dataElaboracao": "17/06/2015", "tipoLocal": "Resid\u00eancia", "lat": -23.5615186, "horaComunicacao": "17:33", "tipoBoletim": "Principal", "circunscricao": "DEL.POL.ARA\u00c7OIABA DA SERRA", "dependencia": "DEL.POL.ARA\u00c7OIABA DA SERRA"}