{"horaElaboracao": "10:44", "turnoOcorrencia": "PELA MANH\u00c3", "partesEnvolvidas": [{"idade": "0", "naturezasEnvolvidas": "Homic\u00eddio simples (art. 121)", "cutis": "Parda", "sexo": "Masculino"}], "idBO": "2015-200100-167", "nomeDelegaciaBoPrincipal": "01\u00ba D.P. SE", "naturezas": [{"especie": "T\u00edtulo I - Pessoa (arts. 121 a 154)", "descricao": "Homic\u00eddio simples (art. 121)"}], "flagrante": "N\u00e3o", "lon": -46.6319223, "dataComunicacao": "26/02/2015", "solucao": "BO PARA INQU\u00c9RITO", "numeroBoPrincipal": "1288", "categoria": "HOMICIDIO_DOLOSO", "dataOcorrencia": "26/02/2015", "examesRequisitados": "IC-IML", "idDelegacia": "200100", "numero": "167", "tipoBoletim": "Complementar", "dataElaboracao": "26/02/2015", "tipoLocal": "Via p\u00fablica", "lat": -23.5473528, "horaComunicacao": "10:42", "anoBoPrincipal": "2015", "circunscricao": "01\u00ba D.P. SE", "local": "PRA\u00c7A FERNANDO COSTA, 1 - SE - CEP: 01015020 - S.PAULO - SP", "dependencia": "DHPP DIV. HOMICIDIOS"}