{"horaElaboracao": "16:04", "turnoOcorrencia": "A TARDE", "partesEnvolvidas": [{"naturalidade": "OSASCO -SP", "estadoCivil": "Solteiro", "naturezasEnvolvidas": "Morte suspeita", "tipoEnvolvimento": "V\u00edtima", "nome": "CARLOS ANTONIO POVOAS BASTOS", "instrucao": "1 Grau completo", "nacionalidade": "BRASILEIRA", "sexo": "Masculino", "idade": "47", "rg": "20342175-SP", "dataNascimento": "05/12/1967", "cutis": "Branca"}], "idBO": "2015-30408-2290", "naturezas": [{"especie": "\u00d3bito", "descricao": "Morte suspeita"}], "flagrante": "N\u00e3o", "lon": -46.9094693, "dataComunicacao": "21/06/2015", "solucao": "AGUARDANDO LAUDOS", "local": "RUA ALEXANDRE TOM\u00c1S DA SILVA, 502 - JD GABRIELA I E II - CEP: 06624310 - JANDIRA - SP", "categoria": "MORTE_SUBITA_NATURAL", "dataOcorrencia": "21/06/2015", "examesRequisitados": "IC-IML", "idDelegacia": "30408", "numero": "2290", "dataElaboracao": "21/06/2015", "tipoLocal": "Resid\u00eancia", "lat": -23.5473496, "horaComunicacao": "15:55", "tipoBoletim": "Principal", "circunscricao": "DEL.POL.JANDIRA", "dependencia": "DEL.POL.JANDIRA"}