{"horaElaboracao": "16:48", "turnoOcorrencia": "A TARDE", "partesEnvolvidas": [{"naturalidade": "SOLANEA -PB", "estadoCivil": "Solteiro", "naturezasEnvolvidas": "Morte suspeita", "tipoEnvolvimento": "V\u00edtima", "nome": "MARIA DA CONCEICAO", "instrucao": "Analfabeto", "nacionalidade": "BRASILEIRA", "sexo": "Feminino", "idade": "67", "rg": "36717011-SP", "dataNascimento": "10/11/1947", "cutis": "Parda"}], "idBO": "2015-20249-8007", "naturezas": [{"especie": "\u00d3bito", "descricao": "Morte suspeita"}], "flagrante": "N\u00e3o", "lon": -46.4298903, "dataComunicacao": "01/07/2015", "solucao": "AGUARDANDO LAUDOS", "local": "AVENIDA BENTO GUELFI, 1100 - IGUATEMI - CEP: 08381001 - S.PAULO - SP", "categoria": "MORTE_SUBITA_NATURAL", "dataOcorrencia": "01/07/2015", "examesRequisitados": "IML", "idDelegacia": "20249", "numero": "8007", "dataElaboracao": "01/07/2015", "tipoLocal": "Sa\u00fade", "lat": -23.6036989, "horaComunicacao": "16:37", "tipoBoletim": "Principal", "circunscricao": "49\u00ba D.P. SAO MATEUS", "dependencia": "49\u00ba D.P. SAO MATEUS"}