{"categoria": "HOMICIDIO_DOLOSO", "dependencia": "DEL.POL.BIRITIBA MIRIM", "naturezas": [{"especie": "T\u00edtulo I - Pessoa (arts. 121 a 154)", "descricao": "Homic\u00eddio simples (art. 121)"}], "tipoLocal": "Via p\u00fablica", "partesEnvolvidas": [{"naturalidade": "BIRITIBA-MIRIM -SP", "estadoCivil": "Solteiro", "naturezasEnvolvidas": "Homic\u00eddio simples (art. 121)", "tipoEnvolvimento": "V\u00edtima", "nome": "ALESSANDRA DE SOUZA DA SILVA", "instrucao": "2 Grau completo", "profissao": "PRENDAS DOMESTICAS", "nacionalidade": "BRASILEIRA", "sexo": "Feminino", "idade": "27", "rg": "41822584-SP", "dataNascimento": "17/08/1987", "cutis": "Parda"}], "dataOcorrencia": "05/06/2015", "lon": -45.85506280000001, "idDelegacia": "30301", "horaElaboracao": "16:28", "flagrante": "N\u00e3o", "numero": "612", "dataComunicacao": "05/06/2015", "dataElaboracao": "05/06/2015", "tipoBoletim": "Principal", "turnoOcorrencia": "A TARDE", "idBO": "2015-30301-612", "solucao": "BO PARA INVESTIGA\u00c7\u00c3O", "lat": -23.5292621, "horaComunicacao": "16:17", "local": "RODOVIA ALFREDO ROLIM DE MOURA - JD. YONEDA - CEP: 08940000 - BIRITIBA-MIRIM - SP", "circunscricao": "DEL.POL.BIRITIBA MIRIM"}