{"horaElaboracao": "18:26", "turnoOcorrencia": "A TARDE", "partesEnvolvidas": [{"idade": "0", "naturezasEnvolvidas": "Morte suspeita", "cutis": "Outros", "sexo": "Masculino"}], "idBO": "2015-20210-93", "naturezas": [{"especie": "\u00d3bito", "descricao": "Morte suspeita"}], "flagrante": "N\u00e3o", "lon": -46.5176421, "dataComunicacao": "04/01/2015", "solucao": "ENCAMINHAMENTO DP \u00c1REA DO FATO", "local": "RUA FELICIO ANTONIO PEPE, 2 - VILA MATILDE - S.PAULO - SP", "categoria": "CADAVER_SEM_LESOES", "dataOcorrencia": "04/01/2015", "examesRequisitados": "IC-IML", "idDelegacia": "20210", "numero": "93", "dataElaboracao": "04/01/2015", "tipoLocal": "Resid\u00eancia", "lat": -23.5390617, "horaComunicacao": "18:21", "tipoBoletim": "Principal", "circunscricao": "21\u00ba D.P. VILA MATILDE", "dependencia": "10\u00ba D.P. PENHA DE FRANCA"}