{"horaElaboracao": "19:20", "turnoOcorrencia": "A TARDE", "partesEnvolvidas": [{"naturalidade": "SANTA BARBARA D'OESTE", "naturezasEnvolvidas": "Morte suspeita", "tipoEnvolvimento": "V\u00edtima", "nome": "MURILO DE OLIVEIRA FONTANIN", "nacionalidade": "BRASILEIRA", "sexo": "Masculino", "idade": "3", "dataNascimento": "25/05/2012", "cutis": "Branca"}], "idBO": "2015-70923-4053", "naturezas": [{"especie": "\u00d3bito", "descricao": "Morte suspeita"}], "flagrante": "N\u00e3o", "lon": -47.6867769, "dataComunicacao": "25/07/2015", "solucao": "APRECIA\u00c7\u00c3O DO DELEGADO TITULAR", "local": "RODOVIA SP 306 - CONDOMINIO DOS IP\u00caS - LIMEIRA - SP", "categoria": "MORTE_ACIDENTAL", "dataOcorrencia": "25/07/2015", "examesRequisitados": "IML", "idDelegacia": "70923", "numero": "4053", "dataElaboracao": "25/07/2015", "tipoLocal": "Unidade rural", "lat": -23.2732305, "horaComunicacao": "19:10", "tipoBoletim": "Principal", "circunscricao": "04\u00ba D.P. LIMEIRA", "dependencia": "DEL.SEC.LIMEIRA PLANT\u00c3O"}