{"horaElaboracao": "22:40", "turnoOcorrencia": "A NOITE", "partesEnvolvidas": [{"naturalidade": "OSASCO -SP", "estadoCivil": "Convivente", "naturezasEnvolvidas": "Morte suspeita", "tipoEnvolvimento": "V\u00edtima", "nome": "FABIO ANDRADE FERREIRA DA SILVA", "instrucao": "2 Grau completo", "profissao": "COMERCIANTE", "nacionalidade": "BRASILEIRA", "sexo": "Masculino", "idade": "30", "rg": "24141900-SP", "dataNascimento": "06/04/1984", "cutis": "Branca"}], "idBO": "2015-10357-4792", "naturezas": [{"especie": "\u00d3bito", "descricao": "Morte suspeita"}], "flagrante": "N\u00e3o", "lon": -46.740635, "dataComunicacao": "26/07/2015", "solucao": "ENCAMINHAMENTO DP \u00c1REA DO FATO", "local": "AVENIDA PROFESSOR LINEU PRESTES, 2565 - BUTANTA - CEP: 05508000 - S.PAULO - SP", "categoria": "MORTE_SUBITA_NATURAL", "dataOcorrencia": "26/07/2015", "examesRequisitados": "IML", "idDelegacia": "10357", "numero": "4792", "dataElaboracao": "26/07/2015", "tipoLocal": "Sa\u00fade", "lat": -23.5649897, "horaComunicacao": "22:36", "tipoBoletim": "Principal", "circunscricao": "93\u00ba D.P. JAGUAR\u00c9", "dependencia": "91\u00ba D.P. CEASA"}