{"horaElaboracao": "01:54", "turnoOcorrencia": "DE MADRUGADA", "partesEnvolvidas": [{"tipoEnvolvimento": "V\u00edtima", "nome": "DESCONHECIDA", "cutis": "Branca", "sexo": "Feminino", "idade": "0", "naturezasEnvolvidas": "Homic\u00eddio simples (art. 121)"}], "idBO": "2015-130310-189", "naturezas": [{"especie": "T\u00edtulo I - Pessoa (arts. 121 a 154)", "descricao": "Homic\u00eddio simples (art. 121)"}], "flagrante": "N\u00e3o", "lon": -45.8950065, "dataComunicacao": "10/01/2015", "solucao": "ENCAMINHAMENTO DP \u00c1REA DO FATO", "local": "RUA VIA NORTE - VILA ZIZINHA - S.JOSE DOS CAMPOS - SP", "categoria": "HOMICIDIO_DOLOSO", "dataOcorrencia": "10/01/2015", "examesRequisitados": "IC-IML", "idDelegacia": "130310", "numero": "189", "dataElaboracao": "10/01/2015", "tipoLocal": "Via p\u00fablica", "lat": -23.1735732, "horaComunicacao": "01:51", "tipoBoletim": "Principal", "circunscricao": "04\u00ba D.P. S.JOSE DOS CAMPOS", "dependencia": "01\u00ba D.P. S.JOSE DOS CAMPOS"}