{"horaElaboracao": "02:59", "turnoOcorrencia": "DE MADRUGADA", "partesEnvolvidas": [{"naturalidade": "PALMAS DE MONTE ALTO -BA", "naturezasEnvolvidas": "Morte suspeita", "tipoEnvolvimento": "V\u00edtima", "nome": "NAIR PORTO DOS SANTOS", "nacionalidade": "BRASILEIRA", "sexo": "Feminino", "idade": "87", "rg": "4551909-SP", "dataNascimento": "26/06/1927", "cutis": "Branca"}], "idBO": "2015-10336-4628", "naturezas": [{"especie": "\u00d3bito", "descricao": "Morte suspeita"}], "flagrante": "N\u00e3o", "lon": -46.5807244, "dataComunicacao": "13/05/2015", "solucao": "ENCAMINHAMENTO DP \u00c1REA DO FATO", "local": "RUA MAESTRO DEMETRIO KIPMAN, 32 - JACANA - CEP: 02259090 - S.PAULO - SP", "categoria": "MORTE_SUBITA_NATURAL", "dataOcorrencia": "13/05/2015", "examesRequisitados": "IC-IML", "idDelegacia": "10336", "numero": "4628", "dataElaboracao": "13/05/2015", "tipoLocal": "Resid\u00eancia", "lat": -23.4711747, "horaComunicacao": "02:30", "tipoBoletim": "Principal", "circunscricao": "39\u00ba D.P. VILA GUSTAVO", "dependencia": "73\u00ba D.P. JACANA"}