{"horaElaboracao": "00:12", "turnoOcorrencia": "EM HORA INCERTA", "partesEnvolvidas": [{"naturalidade": "OLIMPIA -SP", "estadoCivil": "Casado", "naturezasEnvolvidas": "Roubo (art. 157)", "tipoEnvolvimento": "V\u00edtima", "nome": "MIGUEL ROCHA DOS SANTOS", "instrucao": "2 Grau incompleto", "profissao": "OPERADOR DE MAQUINA", "nacionalidade": "BRASILEIRA", "sexo": "Masculino", "idade": "40", "dataNascimento": "15/03/1974", "cutis": "Parda"}], "idBO": "2015-110715-148", "nomeDelegaciaBoPrincipal": "DEL.POL.OLIMPIA", "naturezas": [{"especie": "T\u00edtulo II - Patrim\u00f4nio (arts. 155 a 183)", "desdobramentos": "\u00a73o. Se da viol\u00eancia resulta morte:", "descricao": "Roubo (art. 157)"}], "flagrante": "N\u00e3o", "lon": -46.5851456, "dataComunicacao": "30/01/2015", "solucao": "BO PARA ADENDO", "numeroBoPrincipal": "146", "categoria": "LATROCINIO", "dataOcorrencia": "28/01/2015", "examesRequisitados": "IC-IML", "idDelegacia": "110715", "numero": "148", "tipoBoletim": "Complementar", "dataElaboracao": "31/01/2015", "tipoLocal": "Via p\u00fablica", "lat": -23.5091093, "horaComunicacao": "23:54", "anoBoPrincipal": "2015", "circunscricao": "01\u00ba D.P. OLIMPIA", "local": "RUA ESTRADA DA PRAINHA - 200 METROS DO DISTRITO INDUSTRIAL - CEP: 15400000 - OLIMPIA - SP", "dependencia": "DEL.POL.PLANT\u00c3O OLIMPIA"}