{"horaElaboracao": "11:54", "turnoOcorrencia": "PELA MANH\u00c3", "partesEnvolvidas": [{"naturalidade": "TATUI -SP", "estadoCivil": "Convivente", "naturezasEnvolvidas": "Morte suspeita", "tipoEnvolvimento": "V\u00edtima", "nome": "ANA CELIA FERNANDEZ", "instrucao": "Superior completo", "profissao": "GERENTE", "nacionalidade": "BRASILEIRA", "sexo": "Feminino", "idade": "49", "rg": "15844065-SP", "dataNascimento": "25/05/1966", "cutis": "Branca"}], "idBO": "2015-120501-1799", "naturezas": [{"especie": "\u00d3bito", "descricao": "Morte suspeita"}], "flagrante": "N\u00e3o", "lon": -47.5862542, "dataComunicacao": "06/12/2015", "solucao": "APRECIA\u00c7\u00c3O DO DELEGADO TITULAR", "local": "AVENIDA ARA\u00c7OIABA, 16 - CONDOM\u00cdNIO LAGO AZUL - ARACOIABA DA SERRA - SP", "categoria": "CADAVER_SEM_LESOES", "dataOcorrencia": "06/12/2015", "examesRequisitados": "IC-IML", "idDelegacia": "120501", "numero": "1799", "dataElaboracao": "06/12/2015", "tipoLocal": "Condominio Residencial", "lat": -23.5063905, "horaComunicacao": "11:47", "tipoBoletim": "Principal", "circunscricao": "DEL.POL.ARA\u00c7OIABA DA SERRA", "dependencia": "DEL.POL.ARA\u00c7OIABA DA SERRA"}