{"horaElaboracao": "08:45", "turnoOcorrencia": "PELA MANH\u00c3", "partesEnvolvidas": [{"tipoEnvolvimento": "V\u00edtima", "nome": "A ESCLARECER", "cutis": "Parda", "sexo": "Masculino", "idade": "0", "naturezasEnvolvidas": "Morte suspeita"}], "idBO": "2015-40213-258", "naturezas": [{"especie": "\u00d3bito", "descricao": "Morte suspeita"}], "flagrante": "N\u00e3o", "lon": -46.2971459, "dataComunicacao": "26/01/2015", "solucao": "BO PARA INVESTIGA\u00c7\u00c3O", "local": "RUA DON\u00c1 \u00c1UREA GONZ\u00c1LES COND\u00c9 - PONTA DA PRAIA - SANTOS - SP", "categoria": "CADAVER_SEM_LESOES", "dataOcorrencia": "26/01/2015", "examesRequisitados": "IC-IML", "idDelegacia": "40213", "numero": "258", "dataElaboracao": "26/01/2015", "tipoLocal": "Via p\u00fablica", "lat": -23.9880835, "horaComunicacao": "08:40", "tipoBoletim": "Principal", "circunscricao": "03\u00ba D.P. SANTOS", "dependencia": "03\u00ba D.P. SANTOS"}