{"horaElaboracao": "21:32", "turnoOcorrencia": "A NOITE", "partesEnvolvidas": [{"naturalidade": "IBICARAI -BA", "estadoCivil": "Casado", "naturezasEnvolvidas": "Morte suspeita", "tipoEnvolvimento": "V\u00edtima", "nome": "GIONE ALVES DE ALMEIDA GODIM", "instrucao": "2 Grau completo", "profissao": "COMERCIANTE", "nacionalidade": "BRASILEIRA", "sexo": "Feminino", "idade": "45", "rg": "20475909-SP", "dataNascimento": "09/04/1969", "cutis": "Branca"}], "idBO": "2015-30102-1270", "naturezas": [{"especie": "\u00d3bito", "descricao": "Morte suspeita"}], "flagrante": "N\u00e3o", "lon": -46.5332802, "dataComunicacao": "05/03/2015", "solucao": "AGUARDANDO LAUDOS", "local": "AVENIDA PORTUGAL - VILA BASTOS - CEP: 09040010 - S.ANDRE - SP", "categoria": "MORTE_SUBITA_NATURAL", "dataOcorrencia": "05/03/2015", "examesRequisitados": "IML", "idDelegacia": "30102", "numero": "1270", "dataElaboracao": "05/03/2015", "tipoLocal": "Sa\u00fade", "lat": -23.6633907, "horaComunicacao": "21:26", "tipoBoletim": "Principal", "circunscricao": "01\u00ba D.P. SANTO ANDR\u00c9", "dependencia": "01\u00ba D.P. SANTO ANDR\u00c9"}