{"horaElaboracao": "23:14", "turnoOcorrencia": "PELA MANH\u00c3", "partesEnvolvidas": [{"naturalidade": "MONTE APRAZIVEL -SP", "estadoCivil": "Solteiro", "naturezasEnvolvidas": "Morte suspeita", "tipoEnvolvimento": "V\u00edtima", "nome": "ATAIR CARDOZO DE OLIVEIRA", "instrucao": "1 Grau completo", "nacionalidade": "BRASILEIRA", "sexo": "Masculino", "idade": "48", "rg": "17864541-SP", "dataNascimento": "22/03/1967", "cutis": "Branca"}], "idBO": "2015-30122-7482", "naturezas": [{"especie": "\u00d3bito", "descricao": "Morte suspeita"}], "flagrante": "N\u00e3o", "lon": -46.6142014, "dataComunicacao": "08/12/2015", "solucao": "ENCAMINHAMENTO DP \u00c1REA DO FATO", "local": "AVENIDA JOS\u00c9 BONIF\u00c1CIO, 1641 - SERRARIA - CEP: 09960120 - DIADEMA - SP", "categoria": "MORTE_SUBITA_NATURAL", "dataOcorrencia": "08/12/2015", "examesRequisitados": "IML", "idDelegacia": "30122", "numero": "7482", "dataElaboracao": "08/12/2015", "tipoLocal": "Sa\u00fade", "lat": -23.695068, "horaComunicacao": "23:09", "tipoBoletim": "Principal", "circunscricao": "04\u00ba D.P. DIADEMA", "dependencia": "01\u00ba D.P. DIADEMA"}