{"horaElaboracao": "18:21", "turnoOcorrencia": "A TARDE", "partesEnvolvidas": [], "idBO": "2015-30103-337", "naturezas": [{"especie": "\u00d3bito", "descricao": "Morte suspeita"}], "flagrante": "N\u00e3o", "lon": -46.499567, "dataComunicacao": "15/01/2015", "solucao": "ENCAMINHAMENTO DP \u00c1REA DO FATO", "local": "RUA AM\u00c9RICA DO SUL, 285 - PARQUE NOVO ORAT\u00d3RIO I - S.ANDRE - SP", "categoria": "SUICIDIO_DUVIDOSO", "dataOcorrencia": "15/01/2015", "examesRequisitados": "IML", "idDelegacia": "30103", "numero": "337", "dataElaboracao": "15/01/2015", "tipoLocal": "Sa\u00fade", "lat": -23.6350829, "horaComunicacao": "18:15", "tipoBoletim": "Principal", "circunscricao": "05\u00ba D.P. SANTO ANDR\u00c9", "dependencia": "02\u00ba D.P. SANTO ANDR\u00c9"}