{"horaElaboracao": "02:17", "turnoOcorrencia": "DE MADRUGADA", "partesEnvolvidas": [{"naturalidade": "IBIPEBA -BA", "estadoCivil": "Viuvo", "naturezasEnvolvidas": "Morte suspeita", "tipoEnvolvimento": "V\u00edtima", "nome": "SINEZIO PEREIRA BASTOS", "instrucao": "1 Grau completo", "nacionalidade": "BRASILEIRA", "sexo": "Masculino", "idade": "89", "rg": "1873856-SP", "dataNascimento": "06/05/1925", "cutis": "Branca"}], "idBO": "2015-30103-665", "naturezas": [{"especie": "\u00d3bito", "descricao": "Morte suspeita"}], "flagrante": "N\u00e3o", "lon": -46.528169, "dataComunicacao": "30/01/2015", "solucao": "AGUARDANDO LAUDOS", "local": "RUA AVAR\u00c9 - BANG\u00da - S.ANDRE - SP", "categoria": "MORTE_SUBITA_NATURAL", "dataOcorrencia": "30/01/2015", "examesRequisitados": "IML", "idDelegacia": "30103", "numero": "665", "dataElaboracao": "30/01/2015", "tipoLocal": "Sa\u00fade", "lat": -23.6410193, "horaComunicacao": "02:13", "tipoBoletim": "Principal", "circunscricao": "02\u00ba D.P. SANTO ANDR\u00c9", "dependencia": "02\u00ba D.P. SANTO ANDR\u00c9"}