{"categoria": "HOMICIDIO_DOLOSO", "dependencia": "DEL.POL.PORTO FELIZ", "naturezas": [{"especie": "T\u00edtulo I - Pessoa (arts. 121 a 154)", "descricao": "Homic\u00eddio qualificado (art. 121, \u00a72o.)"}], "tipoLocal": "Resid\u00eancia", "partesEnvolvidas": [{"naturalidade": "VITORIA DA CONQUISTA -BA", "estadoCivil": "Casado", "naturezasEnvolvidas": "Homic\u00eddio qualificado (art. 121, \u00a72o.)", "tipoEnvolvimento": "V\u00edtima", "nome": "JOAO FERREIRA NOBRE", "instrucao": "Analfabeto", "nacionalidade": "BRASILEIRA", "sexo": "Masculino", "idade": "75", "rg": "23836943-SP", "dataNascimento": "15/06/1939", "cutis": "Branca"}], "dataOcorrencia": "28/04/2015", "lon": -47.5138283, "idDelegacia": "120511", "horaElaboracao": "12:44", "flagrante": "N\u00e3o", "numero": "669", "dataComunicacao": "28/04/2015", "dataElaboracao": "28/04/2015", "tipoBoletim": "Principal", "turnoOcorrencia": "PELA MANH\u00c3", "idBO": "2015-120511-669", "solucao": "APRECIA\u00c7\u00c3O DO DELEGADO TITULAR", "lat": -23.2192607, "horaComunicacao": "12:41", "local": "RUA DOMINGO JORGE VELHO, 180 - - CEP: 18540000 - PORTO FELIZ - SP", "circunscricao": "DEL.POL.PORTO FELIZ"}