{"horaElaboracao": "17:11", "turnoOcorrencia": "A NOITE", "partesEnvolvidas": [{"naturalidade": "S.PAULO -SP", "estadoCivil": "Casado", "naturezasEnvolvidas": "Homic\u00eddio simples (art. 121)", "tipoEnvolvimento": "V\u00edtima", "nome": "VALTER SISCA", "instrucao": "1 Grau completo", "profissao": "APOSENTADO(A)", "nacionalidade": "BRASILEIRA", "sexo": "Masculino", "idade": "71", "rg": "3185782-SP", "dataNascimento": "16/02/1944", "cutis": "Branca"}], "idBO": "2015-10217-1645", "naturezas": [{"especie": "T\u00edtulo I - Pessoa (arts. 121 a 154)", "descricao": "Homic\u00eddio simples (art. 121)"}], "flagrante": "N\u00e3o", "lon": -46.6556302, "dataComunicacao": "12/05/2015", "solucao": "ENCAMINHAMENTO DP \u00c1REA DO FATO", "local": "RUA CONSELHEIRO ELIAS DE CARVALHO, 59 - JABAQUARA - CEP: 04373000 - S.PAULO - SP", "categoria": "HOMICIDIO_DOLOSO", "dataOcorrencia": "09/05/2015", "examesRequisitados": "IML", "idDelegacia": "10217", "numero": "1645", "dataElaboracao": "12/05/2015", "tipoLocal": "Resid\u00eancia", "lat": -23.6500011, "horaComunicacao": "17:09", "tipoBoletim": "Principal", "circunscricao": "35\u00ba D.P. JABAQUARA", "dependencia": "17\u00ba D.P. DOUTOR ALDO GALIANO"}