{"horaElaboracao": "22:08", "turnoOcorrencia": "A TARDE", "partesEnvolvidas": [{"naturalidade": "SOUSA -PB", "estadoCivil": "Solteiro", "naturezasEnvolvidas": "Roubo (art. 157)", "tipoEnvolvimento": "V\u00edtima", "nome": "ARNOU DA SILVA DANTAS", "instrucao": "2 Grau completo", "profissao": "AJUDANTE", "nacionalidade": "BRASILEIRA", "sexo": "Masculino", "idade": "27", "rg": "46069677-SP", "dataNascimento": "19/11/1987", "cutis": "Branca"}], "idBO": "2015-130310-2324", "naturezas": [{"especie": "T\u00edtulo II - Patrim\u00f4nio (arts. 155 a 183)", "desdobramentos": "\u00a73o. Se da viol\u00eancia resulta morte:", "descricao": "Roubo (art. 157)"}], "flagrante": "N\u00e3o", "lon": -45.8848164, "dataComunicacao": "29/04/2015", "solucao": "APRECIA\u00c7\u00c3O DO DELEGADO TITULAR", "local": "RUA DOUTOR MARIO SAMPAIO MARTINS, 427 - JARDIM MATARAZZO - CEP: 12245100 - S.JOSE DOS CAMPOS - SP", "categoria": "LATROCINIO", "dataOcorrencia": "29/04/2015", "examesRequisitados": "IML", "idDelegacia": "130310", "numero": "2324", "dataElaboracao": "29/04/2015", "tipoLocal": "Resid\u00eancia", "lat": -23.194227, "horaComunicacao": "22:02", "tipoBoletim": "Principal", "circunscricao": "01\u00ba D.P. S.JOSE DOS CAMPOS", "dependencia": "01\u00ba D.P. S.JOSE DOS CAMPOS"}