{"horaElaboracao": "15:48", "turnoOcorrencia": "A TARDE", "partesEnvolvidas": [{"naturalidade": "S.ROQUE -SP", "estadoCivil": "Solteiro", "naturezasEnvolvidas": "Morte suspeita", "tipoEnvolvimento": "V\u00edtima", "nome": "WILSON PEREIRA DE LIMA", "instrucao": "1 Grau completo", "profissao": "AJUDANTE", "nacionalidade": "BRASILEIRA", "sexo": "Masculino", "idade": "36", "rg": "29098319-SP", "dataNascimento": "17/09/1979", "cutis": "Branca"}], "idBO": "2015-120500-10787", "naturezas": [{"especie": "\u00d3bito", "descricao": "Morte suspeita"}], "flagrante": "N\u00e3o", "lon": -47.4683577, "dataComunicacao": "04/11/2015", "solucao": "APRECIA\u00c7\u00c3O DO DELEGADO TITULAR", "local": "RUA CAPIT\u00c3O BENTO MASCARENHAS JEQUITINHO, 1 - JARDIM SAO BENTO - SOROCABA - SP", "categoria": "MORTE_SUBITA_NATURAL", "dataOcorrencia": "04/11/2015", "examesRequisitados": "IML", "idDelegacia": "120500", "numero": "10787", "dataElaboracao": "04/11/2015", "tipoLocal": "Area n\u00e3o ocupada", "lat": -23.5159025, "horaComunicacao": "15:47", "tipoBoletim": "Principal", "circunscricao": "03\u00ba D.P. SOROCABA", "dependencia": "DEL.SEC.SOROCABA"}