{"categoria": "MORTE_SUBITA_NATURAL", "dependencia": "DEL.POL.PLANT\u00c3O ATIBAIA", "naturezas": [{"especie": "\u00d3bito", "descricao": "Morte suspeita"}], "tipoLocal": "Sa\u00fade", "partesEnvolvidas": [{"naturalidade": "S.BERNARDO DO CAMPO -SP", "estadoCivil": "Casado", "naturezasEnvolvidas": "Morte suspeita", "tipoEnvolvimento": "V\u00edtima", "nome": "HERMANN MARTIN RECK", "profissao": "COMERCIANTE", "sexo": "Masculino", "idade": "56", "rg": "6602364-SP", "dataNascimento": "19/08/1958", "cutis": "Branca"}], "dataOcorrencia": "04/02/2015", "lon": -46.5506331, "idDelegacia": "70934", "horaElaboracao": "17:40", "flagrante": "N\u00e3o", "numero": "833", "dataComunicacao": "04/02/2015", "dataElaboracao": "04/02/2015", "tipoBoletim": "Principal", "turnoOcorrencia": "A TARDE", "idBO": "2015-70934-833", "solucao": "BO PARA REGISTRO", "lat": -23.1176266, "horaComunicacao": "17:34", "local": "RUA PEDRO CUNHA, 145 - PARQUE DAS AGUAS - ATIBAIA - SP", "circunscricao": "02\u00ba D.P. ATIBAIA"}