{"horaElaboracao": "09:41", "turnoOcorrencia": "EM HORA INCERTA", "partesEnvolvidas": [{"tipoEnvolvimento": "V\u00edtima", "nome": "DESCONHECIDO", "cutis": "Parda", "sexo": "Masculino", "idade": "35", "naturezasEnvolvidas": "Morte suspeita"}], "idBO": "2015-80204-407", "naturezas": [{"especie": "\u00d3bito", "descricao": "Morte suspeita"}], "flagrante": "N\u00e3o", "lon": -46.6564919, "dataComunicacao": "26/02/2015", "solucao": "BO PARA INVESTIGA\u00c7\u00c3O", "local": "ESTRADA JD.S.BENEDITO X JD.ADRIANITA - RURAL - CEP: 17400000 - GARCA - SP", "categoria": "SUICIDIO_DUVIDOSO", "dataOcorrencia": "26/02/2015", "examesRequisitados": "IC-IML", "idDelegacia": "80204", "numero": "407", "dataElaboracao": "26/02/2015", "tipoLocal": "Via p\u00fablica", "lat": -23.5765533, "horaComunicacao": "09:35", "tipoBoletim": "Principal", "circunscricao": "01\u00ba D.P. GAR\u00c7A", "dependencia": "DEL.POL.GAR\u00c7A"}