{"horaElaboracao": "04:49", "turnoOcorrencia": "DE MADRUGADA", "partesEnvolvidas": [{"naturalidade": "NAO INFORMADA(MOT=ACERVO)", "estadoCivil": "Viuvo", "naturezasEnvolvidas": "Morte suspeita", "tipoEnvolvimento": "V\u00edtima", "nome": "DALVA BOLZAN AZENARI", "nacionalidade": "BRASILEIRA", "sexo": "Feminino", "idade": "84", "rg": "16739541-SP", "dataNascimento": "18/03/1931", "cutis": "Branca"}], "idBO": "2015-10353-2174", "naturezas": [{"especie": "\u00d3bito", "descricao": "Morte suspeita"}], "flagrante": "N\u00e3o", "lon": -46.4615954, "dataComunicacao": "25/03/2015", "solucao": "AGUARDANDO LAUDOS", "local": "RUA SANTA MARCELINA, 177 - PARQUE DO CARMO - CEP: 08270070 - S.PAULO - SP", "categoria": "SUICIDIO_DUVIDOSO", "dataOcorrencia": "25/03/2015", "examesRequisitados": "IML", "idDelegacia": "10353", "numero": "2174", "dataElaboracao": "25/03/2015", "tipoLocal": "Sa\u00fade", "lat": -23.5548118, "horaComunicacao": "04:47", "tipoBoletim": "Principal", "circunscricao": "53\u00ba D.P. PARQUE DO CARMO", "dependencia": "53\u00ba D.P. PARQUE DO CARMO"}