{"horaElaboracao": "11:57", "turnoOcorrencia": "EM HORA INCERTA", "partesEnvolvidas": [{"naturalidade": "AURELINO LEAL", "estadoCivil": "Solteiro", "naturezasEnvolvidas": "Morte suspeita", "tipoEnvolvimento": "V\u00edtima", "nome": "JOSE ILDO NASCIMENTO", "profissao": "AJUDANTE GERAL", "nacionalidade": "BRASILEIRA", "sexo": "Masculino", "idade": "62", "rg": "2870153-BA", "dataNascimento": "25/01/1953", "cutis": "Preta"}], "idBO": "2015-30102-3777", "naturezas": [{"especie": "\u00d3bito", "descricao": "Morte suspeita"}], "flagrante": "N\u00e3o", "lon": -46.5363456, "dataComunicacao": "12/07/2015", "solucao": "BO PARA INVESTIGA\u00c7\u00c3O", "local": "RUA PEREIRA COUTINHO, 167 - JARDIM STELLA - CEP: 09185670 - S.ANDRE - SP", "categoria": "MORTE_SUBITA_NATURAL", "dataOcorrencia": "12/07/2015", "examesRequisitados": "IC-IML", "idDelegacia": "30102", "numero": "3777", "dataElaboracao": "12/07/2015", "tipoLocal": "Resid\u00eancia", "lat": -23.6801487, "horaComunicacao": "11:55", "tipoBoletim": "Principal", "circunscricao": "01\u00ba D.P. SANTO ANDR\u00c9", "dependencia": "01\u00ba D.P. SANTO ANDR\u00c9"}