{"horaElaboracao": "18:33", "turnoOcorrencia": "A TARDE", "partesEnvolvidas": [{"naturalidade": "DOURADO -SP", "estadoCivil": "Divorciado", "naturezasEnvolvidas": "Morte suspeita", "tipoEnvolvimento": "V\u00edtima", "nome": "JOAO JESUS FUENTE POLIZELI", "instrucao": "1 Grau completo", "profissao": "BALCONISTA", "nacionalidade": "BRASILEIRA", "sexo": "Masculino", "idade": "56", "rg": "11230669-SP", "dataNascimento": "27/09/1958", "cutis": "Branca"}], "idBO": "2015-110110-82", "naturezas": [{"especie": "\u00d3bito", "descricao": "Morte suspeita"}], "flagrante": "N\u00e3o", "lon": -46.619824, "dataComunicacao": "12/03/2015", "solucao": "BO PARA INQU\u00c9RITO", "local": "RUA ANGELO SACHI, 230 - MIRANTE DO TIET\u00ca - CEP: 14980000 - SALES - SP", "categoria": "MORTE_ACIDENTAL", "dataOcorrencia": "12/03/2015", "examesRequisitados": "IC-IML", "idDelegacia": "110110", "numero": "82", "dataElaboracao": "12/03/2015", "tipoLocal": "Via p\u00fablica", "lat": -23.4962639, "horaComunicacao": "18:28", "tipoBoletim": "Principal", "circunscricao": "DEL.POL.SALES", "dependencia": "DEL.POL.SALES"}