{"horaElaboracao": "21:08", "turnoOcorrencia": "A TARDE", "partesEnvolvidas": [{"naturalidade": "UBERABA/MG", "estadoCivil": "Solteiro", "naturezasEnvolvidas": "Homic\u00eddio simples (art. 121)", "tipoEnvolvimento": "V\u00edtima", "nome": "IZABELA MARQUEZ GIANVECHIO", "nacionalidade": "BRASILEIRA", "sexo": "Feminino", "idade": "22", "rg": "MG16777571-MG", "dataNascimento": "23/05/1992", "cutis": "Branca"}], "idBO": "2015-100301-42", "nomeDelegaciaBoPrincipal": "DEL.POL.ARAMINA", "naturezas": [{"especie": "T\u00edtulo I - Pessoa (arts. 121 a 154)", "descricao": "Homic\u00eddio simples (art. 121)"}], "flagrante": "N\u00e3o", "lon": -46.6939839, "dataComunicacao": "14/02/2015", "solucao": "BO PARA ADENDO", "numeroBoPrincipal": "39", "categoria": "HOMICIDIO_DOLOSO", "dataOcorrencia": "12/02/2015", "idDelegacia": "100301", "numero": "42", "tipoBoletim": "Complementar", "dataElaboracao": "14/02/2015", "tipoLocal": "Via p\u00fablica", "lat": -23.6046273, "horaComunicacao": "21:00", "anoBoPrincipal": "2015", "circunscricao": "DEL.POL.ARAMINA", "local": "RODOVIA JOS\u00c9 SCHAVOTELO, 800 M - ACESSO - ZONA RURAL - CEP: 14550000 - ARAMINA - SP", "dependencia": "DEL.POL.ARAMINA"}