{"horaElaboracao": "13:04", "turnoOcorrencia": "PELA MANH\u00c3", "partesEnvolvidas": [{"naturalidade": "CAMPINAS", "estadoCivil": "Desquitado", "naturezasEnvolvidas": "Morte suspeita", "tipoEnvolvimento": "V\u00edtima", "nome": "ROGERIO PERA", "profissao": "APOSENTADO(A)", "sexo": "Masculino", "idade": "81", "rg": "56982719-SP", "dataNascimento": "29/08/1933", "cutis": "Branca"}], "idBO": "2015-70015-498", "naturezas": [{"especie": "\u00d3bito", "descricao": "Morte suspeita"}], "flagrante": "N\u00e3o", "lon": -47.05621259999999, "dataComunicacao": "14/02/2015", "solucao": "APRECIA\u00c7\u00c3O DO DELEGADO TITULAR", "local": "RUA ADMAR MAIA, 306 - CAMPOS SALES - CEP: 13040390 - CAMPINAS - SP", "categoria": "MORTE_SUBITA_NATURAL", "dataOcorrencia": "14/02/2015", "examesRequisitados": "IML", "idDelegacia": "70015", "numero": "498", "dataElaboracao": "14/02/2015", "tipoLocal": "Resid\u00eancia", "lat": -22.9467624, "horaComunicacao": "12:44", "tipoBoletim": "Principal", "circunscricao": "05\u00ba D.P. CAMPINAS", "dependencia": "PLANT\u00c3O - 05 DP CAMPINAS"}