{"horaElaboracao": "22:19", "turnoOcorrencia": "PELA MANH\u00c3", "partesEnvolvidas": [{"naturalidade": "LONDRINA/PR", "estadoCivil": "Divorciado", "naturezasEnvolvidas": "Homic\u00eddio simples (art. 121)", "tipoEnvolvimento": "V\u00edtima", "nome": "SIDNEY DELFINO", "instrucao": "1 Grau incompleto", "profissao": "JARDINEIRO(A)", "nacionalidade": "BRASILEIRA", "sexo": "Masculino", "idade": "42", "rg": "27103393-SP", "dataNascimento": "27/11/1972", "cutis": "Parda"}], "idBO": "2015-120500-728", "nomeDelegaciaBoPrincipal": "PLANT\u00c3O DE SOROCABA", "naturezas": [{"especie": "T\u00edtulo I - Pessoa (arts. 121 a 154)", "descricao": "Homic\u00eddio simples (art. 121)"}], "flagrante": "N\u00e3o", "lon": -47.4656499, "dataComunicacao": "21/01/2015", "solucao": "BO PARA ADENDO", "numeroBoPrincipal": "554", "categoria": "HOMICIDIO_DOLOSO", "dataOcorrencia": "13/01/2015", "examesRequisitados": "IML", "idDelegacia": "120500", "numero": "728", "tipoBoletim": "Complementar", "dataElaboracao": "21/01/2015", "tipoLocal": "Via p\u00fablica", "lat": -23.4950589, "horaComunicacao": "22:08", "anoBoPrincipal": "2015", "circunscricao": "04\u00ba D.P. SOROCABA", "local": "RUA GON\u00c7ALVES MAGALHAES, 122 - TRUJILO - SOROCABA - SP", "dependencia": "DEL.SEC.SOROCABA"}