{"horaElaboracao": "18:48", "turnoOcorrencia": "A TARDE", "partesEnvolvidas": [{"naturalidade": "BELO HORIZONTE -MG", "estadoCivil": "Solteiro", "naturezasEnvolvidas": "Morte suspeita", "tipoEnvolvimento": "V\u00edtima", "nome": "MARCIO HELENO CESAR GOUVEA", "instrucao": "Superior completo", "profissao": "APOSENTADO(A)", "sexo": "Masculino", "idade": "72", "rg": "3418554-SP", "dataNascimento": "21/07/1942", "cutis": "Branca"}], "idBO": "2015-10341-2162", "naturezas": [{"especie": "\u00d3bito", "descricao": "Morte suspeita"}], "flagrante": "N\u00e3o", "lon": -46.6511895, "dataComunicacao": "21/05/2015", "solucao": "AGUARDANDO LAUDOS", "local": "RUA DAS PALMEIRAS, 225 - SANTA CECILIA - CEP: 01226010 - S.PAULO - SP", "categoria": "CADAVER_SEM_LESOES", "dataOcorrencia": "21/05/2015", "examesRequisitados": "IC-IML", "idDelegacia": "10341", "numero": "2162", "dataElaboracao": "21/05/2015", "tipoLocal": "Resid\u00eancia", "lat": -23.5374709, "horaComunicacao": "18:44", "tipoBoletim": "Principal", "circunscricao": "77\u00ba D.P. SANTA CECILIA", "dependencia": "77\u00ba D.P. SANTA CECILIA"}