{"horaElaboracao": "12:15", "turnoOcorrencia": "PELA MANH\u00c3", "partesEnvolvidas": [{"naturalidade": "ITAIM PTA", "estadoCivil": "Solteiro", "naturezasEnvolvidas": "Morte suspeita", "tipoEnvolvimento": "V\u00edtima", "nome": "DAVI ZAAROUR SEREM", "nacionalidade": "BRASILEIRA", "sexo": "Masculino", "idade": "0", "dataNascimento": "23/03/2015", "cutis": "Branca"}], "idBO": "2015-30304-3364", "naturezas": [{"especie": "\u00d3bito", "descricao": "Morte suspeita"}], "flagrante": "N\u00e3o", "lon": -46.3451434, "dataComunicacao": "15/05/2015", "solucao": "APRECIA\u00c7\u00c3O DO DELEGADO TITULAR", "local": "RUA RIO NEGRO, 48 - JD NOVA ITAQUA - CEP: 08599280 - ITAQUAQUECETUBA - SP", "categoria": "MORTE_SUBITA_NATURAL", "dataOcorrencia": "15/05/2015", "examesRequisitados": "IML", "idDelegacia": "30304", "numero": "3364", "dataElaboracao": "15/05/2015", "tipoLocal": "Sa\u00fade", "lat": -23.472385, "horaComunicacao": "12:14", "tipoBoletim": "Principal", "circunscricao": "DEL.POL.ITAQUAQUECETUBA", "dependencia": "DEL.POL.ITAQUAQUECETUBA"}