{"categoria": "HOMICIDIO_DOLOSO", "dependencia": "DEL.POL.ANHEMBI", "naturezas": [{"especie": "T\u00edtulo I - Pessoa (arts. 121 a 154)", "descricao": "Homic\u00eddio simples (art. 121)"}], "tipoLocal": "Unidade rural", "partesEnvolvidas": [{"idade": "0", "naturezasEnvolvidas": "Homic\u00eddio simples (art. 121)", "cutis": "Branca", "sexo": "Feminino"}], "dataOcorrencia": "04/09/2015", "lon": -46.68242600000001, "idDelegacia": "120201", "horaElaboracao": "11:32", "flagrante": "N\u00e3o", "numero": "190", "dataComunicacao": "04/09/2015", "dataElaboracao": "04/09/2015", "tipoBoletim": "Principal", "turnoOcorrencia": "DE MADRUGADA", "idBO": "2015-120201-190", "solucao": "APRECIA\u00c7\u00c3O DO DELEGADO TITULAR", "lat": -23.470583, "horaComunicacao": "11:18", "local": "ESTRADA DO BARREIRO RICO - RURAL - ANHEMBI - SP", "circunscricao": "DEL.POL.ANHEMBI"}