{"horaElaboracao": "13:50", "turnoOcorrencia": "PELA MANH\u00c3", "partesEnvolvidas": [{"naturezasEnvolvidas": "Morte suspeita", "tipoEnvolvimento": "V\u00edtima", "cutis": "Outros", "nome": "DESCONHECIDO"}], "idBO": "2015-100919-2291", "naturezas": [{"especie": "\u00d3bito", "descricao": "Morte suspeita"}], "flagrante": "N\u00e3o", "lon": -47.8696203, "dataComunicacao": "30/01/2015", "solucao": "ENCAMINHAMENTO DP \u00c1REA DO FATO", "local": "RODOVIA PREFEITO ANTONIO DUARTE NOGUEIRA, 321 - AREA RURAL - RIBEIRAO PRETO - SP", "categoria": "CADAVER_SEM_LESOES", "dataOcorrencia": "30/01/2015", "examesRequisitados": "IC-IML", "idDelegacia": "100919", "numero": "2291", "dataElaboracao": "30/01/2015", "tipoLocal": "Area n\u00e3o ocupada", "lat": -21.2081588, "horaComunicacao": "13:47", "tipoBoletim": "Principal", "circunscricao": "06\u00ba D.P. RIBEIRAO PRETO", "dependencia": "CENTRAL POL. JUD. RIB. PRETO"}