{"categoria": "MORTE_SUBITA_NATURAL", "dependencia": "07\u00ba D.P. SANTOS", "naturezas": [{"especie": "\u00d3bito", "descricao": "Morte suspeita"}], "tipoLocal": "Entidade assistencial", "partesEnvolvidas": [{"naturezasEnvolvidas": "Morte suspeita", "tipoEnvolvimento": "V\u00edtima", "nome": "EMANUELLY OLIVEIRA DA SILVA", "cutis": "Branca", "sexo": "Feminino", "idade": "12", "dataNascimento": "17/03/2003"}], "dataOcorrencia": "26/10/2015", "lon": -46.4177243, "idDelegacia": "40232", "horaElaboracao": "11:53", "flagrante": "N\u00e3o", "numero": "3621", "dataComunicacao": "27/10/2015", "dataElaboracao": "27/10/2015", "tipoBoletim": "Principal", "turnoOcorrencia": "A TARDE", "idBO": "2015-40232-3621", "solucao": "ENCAMINHAMENTO DP \u00c1REA DO FATO", "lat": -24.0054121, "horaComunicacao": "11:42", "local": "RUA DAIR BORGES, 550 - BOQUEIRAO - CEP: 11701210 - PRAIA GRANDE - SP", "circunscricao": "01\u00ba D.P. PRAIA GRANDE"}