{"horaElaboracao": "13:03", "turnoOcorrencia": "PELA MANH\u00c3", "partesEnvolvidas": [], "idBO": "2015-70923-6318", "naturezas": [{"especie": "\u00d3bito", "descricao": "Morte suspeita"}], "flagrante": "N\u00e3o", "lon": -47.400564, "dataComunicacao": "22/11/2015", "solucao": "APRECIA\u00c7\u00c3O DO DELEGADO TITULAR", "local": "AVENIDA ANT\u00d4NIO OMETO, 675 - VILA CLAUDIA - CEP: 13480470 - LIMEIRA - SP", "categoria": "SUICIDIO_DUVIDOSO", "dataOcorrencia": "22/11/2015", "examesRequisitados": "IML", "idDelegacia": "70923", "numero": "6318", "dataElaboracao": "22/11/2015", "tipoLocal": "Sa\u00fade", "lat": -22.5791098, "horaComunicacao": "12:59", "tipoBoletim": "Principal", "circunscricao": "01\u00ba D.P. LIMEIRA", "dependencia": "DEL.SEC.LIMEIRA PLANT\u00c3O"}