{"horaElaboracao": "03:30", "turnoOcorrencia": "DE MADRUGADA", "partesEnvolvidas": [{"naturalidade": "MACEIO -AL", "estadoCivil": "Solteiro", "naturezasEnvolvidas": "Morte suspeita", "tipoEnvolvimento": "V\u00edtima", "nome": "EMANUEL MARCOS DE OLIVEIRA SILVA", "instrucao": "Analfabeto", "profissao": "ESTUDANTE", "nacionalidade": "BRASILEIRA", "sexo": "Masculino", "idade": "17", "rg": "39714969-SP", "dataNascimento": "04/11/1997", "cutis": "Parda"}], "idBO": "2015-130312-1637", "naturezas": [{"especie": "\u00d3bito", "descricao": "Morte suspeita"}], "flagrante": "N\u00e3o", "lon": -45.9096181, "dataComunicacao": "13/03/2015", "solucao": "APRECIA\u00c7\u00c3O DO DELEGADO TITULAR", "local": "RUA JOSE COBRA, 1 - CONJUNTO RESIDENCIAL 31 DE MAR\u00c7O - CEP: 12237000 - S.JOSE DOS CAMPOS - SP", "categoria": "MORTE_SUBITA_NATURAL", "dataOcorrencia": "13/03/2015", "examesRequisitados": "IML", "idDelegacia": "130312", "numero": "1637", "dataElaboracao": "13/03/2015", "tipoLocal": "Sa\u00fade", "lat": -23.237588, "horaComunicacao": "03:21", "tipoBoletim": "Principal", "circunscricao": "03\u00ba D.P. S.JOSE DOS CAMPOS", "dependencia": "03\u00ba D.P. S.JOSE DOS CAMPOS"}