{"horaElaboracao": "11:27", "turnoOcorrencia": "A TARDE", "partesEnvolvidas": [{"estadoCivil": "Solteiro", "naturezasEnvolvidas": "Morte suspeita", "tipoEnvolvimento": "V\u00edtima", "nome": "ADRIANA CRISTINA SANTOS", "cutis": "Branca", "sexo": "Feminino", "idade": "22", "dataNascimento": "15/01/1993"}], "idBO": "2015-20218-1107", "naturezas": [{"especie": "\u00d3bito", "descricao": "Morte suspeita"}], "flagrante": "N\u00e3o", "lon": -46.5899916, "dataComunicacao": "14/09/2015", "solucao": "AGUARDANDO LAUDOS", "local": "RUA JUVENTUS, 562 - MOOCA - CEP: 03124020 - S.PAULO - SP", "categoria": "MORTE_SUBITA_NATURAL", "dataOcorrencia": "13/09/2015", "examesRequisitados": "IML", "idDelegacia": "20218", "numero": "1107", "dataElaboracao": "14/09/2015", "tipoLocal": "Sa\u00fade", "lat": -23.571748, "horaComunicacao": "11:20", "tipoBoletim": "Principal", "circunscricao": "18\u00ba D.P. ALTO DA MOOCA", "dependencia": "18\u00ba D.P. ALTO DA MOOCA"}