{"horaElaboracao": "17:56", "turnoOcorrencia": "A NOITE", "partesEnvolvidas": [{"naturalidade": "PORTO FELIZ -SP", "estadoCivil": "Solteiro", "naturezasEnvolvidas": "Homic\u00eddio simples (art. 121)", "tipoEnvolvimento": "V\u00edtima", "nome": "JOSE BALTAZAR", "instrucao": "1 Grau completo", "nacionalidade": "BRASILEIRA", "profissao": "AJUDANTE", "idade": "25", "rg": "46144046-SP", "dataNascimento": "12/02/1990", "cutis": "Branca"}], "idBO": "2015-120500-4342", "nomeDelegaciaBoPrincipal": "DEL.POL.PORTO FELIZ", "naturezas": [{"especie": "T\u00edtulo I - Pessoa (arts. 121 a 154)", "descricao": "Homic\u00eddio simples (art. 121)"}], "flagrante": "N\u00e3o", "lon": -47.5082867, "dataComunicacao": "03/05/2015", "solucao": "BO PARA ADENDO", "numeroBoPrincipal": "697", "categoria": "HOMICIDIO_DOLOSO", "dataOcorrencia": "02/05/2015", "examesRequisitados": "IC-IML", "idDelegacia": "120500", "numero": "4342", "tipoBoletim": "Complementar", "dataElaboracao": "03/05/2015", "tipoLocal": "Via p\u00fablica", "lat": -23.2131662, "horaComunicacao": "17:49", "anoBoPrincipal": "2015", "circunscricao": "DEL.POL.PORTO FELIZ", "local": "AVENIDA MONSENHOR SECKLER, 1386 - VILA ALCALA - CEP: 18540000 - SOROCABA - SP", "dependencia": "DEL.SEC.SOROCABA"}