{"horaElaboracao": "16:32", "turnoOcorrencia": "PELA MANH\u00c3", "partesEnvolvidas": [{"naturalidade": "CRATO -CE", "estadoCivil": "Solteiro", "naturezasEnvolvidas": "Morte suspeita", "tipoEnvolvimento": "V\u00edtima", "nome": "FRANCISCO JOSE DE OLIVEIRA", "instrucao": "1 Grau completo", "profissao": "SERVENTE", "sexo": "Masculino", "idade": "46", "rg": "23366040-SP", "dataNascimento": "23/09/1968", "cutis": "Branca"}], "idBO": "2015-120607-561", "naturezas": [{"especie": "\u00d3bito", "descricao": "Morte suspeita"}], "flagrante": "N\u00e3o", "lon": -47.5050727, "dataComunicacao": "13/01/2015", "solucao": "ENCAMINHAMENTO DP \u00c1REA DO FATO", "local": "RUA DOUTOR ALT\u00cdNO ARANTES, 622 - JARDIM SANTA MARCIA - SOROCABA - SP", "categoria": "MORTE_SUBITA_NATURAL", "dataOcorrencia": "13/01/2015", "examesRequisitados": "IML", "idDelegacia": "120607", "numero": "561", "dataElaboracao": "13/01/2015", "tipoLocal": "Estabelecimento prisional", "lat": -23.4958993, "horaComunicacao": "16:30", "tipoBoletim": "Principal", "circunscricao": "01\u00ba D.P. SOROCABA", "dependencia": "PLANT\u00c3O DE SOROCABA - Z. NORTE"}