{"horaElaboracao": "09:28", "turnoOcorrencia": "PELA MANH\u00c3", "partesEnvolvidas": [], "idBO": "2015-80217-102", "naturezas": [{"especie": "Acidente de tr\u00e2nsito", "descricao": "Tombamento"}], "flagrante": "N\u00e3o", "lon": -46.5782493, "dataComunicacao": "24/07/2015", "solucao": "APRECIA\u00c7\u00c3O DO DELEGADO TITULAR", "local": "VICINAL JOAO RAMIRES ROMERO, 100 - ZONA RURAL - ECHAPORA - SP", "categoria": "CADAVER_SEM_LESOES", "dataOcorrencia": "24/07/2015", "examesRequisitados": "IC", "idDelegacia": "80217", "numero": "102", "dataElaboracao": "24/07/2015", "tipoLocal": "Via p\u00fablica", "lat": -23.3981297, "horaComunicacao": "09:24", "tipoBoletim": "Principal", "circunscricao": "DEL.POL.ECHAPOR\u00c3", "dependencia": "DEL.POL.ECHAPOR\u00c3"}