{"horaElaboracao": "20:09", "turnoOcorrencia": "A NOITE", "partesEnvolvidas": [{"naturalidade": "MIRASSOLANDIA -SP", "estadoCivil": "Solteiro", "naturezasEnvolvidas": "Morte suspeita", "tipoEnvolvimento": "V\u00edtima", "nome": "VALMIR RIBEIRO SANTOS", "cutis": "Parda", "sexo": "Masculino", "idade": "43", "rg": "21725078-SP", "dataNascimento": "18/09/1971"}], "idBO": "2015-110414-90", "naturezas": [{"especie": "\u00d3bito", "descricao": "Morte suspeita"}], "flagrante": "N\u00e3o", "lon": -46.6483575, "dataComunicacao": "17/03/2015", "solucao": "APRECIA\u00c7\u00c3O DO DELEGADO TITULAR", "local": "RUA SETE, 1335 - MACAUBAS - CEP: 15145000 - MIRASSOLANDIA - SP", "categoria": "MORTE_SUBITA_NATURAL", "dataOcorrencia": "17/03/2015", "examesRequisitados": "IML", "idDelegacia": "110414", "numero": "90", "dataElaboracao": "17/03/2015", "tipoLocal": "Resid\u00eancia", "lat": -23.6934874, "horaComunicacao": "19:54", "tipoBoletim": "Principal", "circunscricao": "DEL.POL.MIRASSOLANDIA", "dependencia": "DEL.POL.MIRASSOLANDIA"}