{"horaElaboracao": "02:43", "turnoOcorrencia": "A NOITE", "partesEnvolvidas": [{"naturalidade": "IGUATU", "naturezasEnvolvidas": "Morte suspeita", "tipoEnvolvimento": "V\u00edtima", "nome": "ALBERTINO RODRIGUES BERTO", "nacionalidade": "BRASILEIRA", "sexo": "Masculino", "idade": "68", "rg": "2008786799-CE", "dataNascimento": "20/01/1947", "cutis": "Branca"}], "idBO": "2015-40203-3029", "naturezas": [{"especie": "\u00d3bito", "descricao": "Morte suspeita"}], "flagrante": "N\u00e3o", "lon": -46.2163031, "dataComunicacao": "20/04/2015", "solucao": "AGUARDANDO LAUDOS", "local": "AVENIDA IDOM PEDRO I - JARDIM VIRGINIA - GUARUJA - SP", "categoria": "MORTE_SUBITA_NATURAL", "dataOcorrencia": "19/04/2015", "examesRequisitados": "IML", "idDelegacia": "40203", "numero": "3029", "dataElaboracao": "20/04/2015", "tipoLocal": "Sa\u00fade", "lat": -23.9710012, "horaComunicacao": "02:42", "tipoBoletim": "Principal", "circunscricao": "DEL.POL.GUARUJA", "dependencia": "DEL.POL.GUARUJA"}