{"horaElaboracao": "21:06", "turnoOcorrencia": "A NOITE", "partesEnvolvidas": [{"naturalidade": "LAMBARI -MG", "estadoCivil": "Separado", "naturezasEnvolvidas": "Morte suspeita", "tipoEnvolvimento": "V\u00edtima", "nome": "LEIA ROQUE DA SILVA", "instrucao": "1 Grau completo", "profissao": "APOSENTADO(A)", "nacionalidade": "BRASILEIRA", "sexo": "Feminino", "idade": "66", "rg": "11385534-SP", "dataNascimento": "30/03/1949", "cutis": "Branca"}], "idBO": "2015-30440-2190", "naturezas": [{"especie": "\u00d3bito", "descricao": "Morte suspeita"}], "flagrante": "N\u00e3o", "lon": -46.779703, "dataComunicacao": "30/04/2015", "solucao": "ENCAMINHAMENTO DP \u00c1REA DO FATO", "local": "RUA S\u00c3O CARLOS, 20 - INDUSTRIAL ANHANGUERA - CEP: 06276050 - OSASCO - SP", "categoria": "MORTE_SUBITA_NATURAL", "dataOcorrencia": "30/04/2015", "examesRequisitados": "IML", "idDelegacia": "30440", "numero": "2190", "dataElaboracao": "30/04/2015", "tipoLocal": "Resid\u00eancia", "lat": -23.491326, "horaComunicacao": "20:40", "tipoBoletim": "Principal", "circunscricao": "07\u00ba D.P. OSASCO", "dependencia": "10\u00ba D.P. OSASCO"}