{"horaElaboracao": "00:31", "turnoOcorrencia": "A NOITE", "partesEnvolvidas": [{"naturalidade": "MIRANDOPOLIS", "naturezasEnvolvidas": "Homic\u00eddio simples (art. 121)", "tipoEnvolvimento": "V\u00edtima", "nome": "MILTON PRADO", "instrucao": "1 Grau incompleto", "nacionalidade": "BRASILEIRA", "sexo": "Masculino", "idade": "58", "rg": "1568081-SP", "dataNascimento": "19/09/1957", "cutis": "Branca"}], "idBO": "2015-70926-4666", "naturezas": [{"especie": "T\u00edtulo I - Pessoa (arts. 121 a 154)", "descricao": "Homic\u00eddio simples (art. 121)"}], "flagrante": "N\u00e3o", "lon": -47.2826616, "dataComunicacao": "28/11/2015", "solucao": "ENCAMINHAMENTO DP \u00c1REA DO FATO", "local": "RUA DOS LIRIOS, 134 - PARQUE ROSA E SILVA - CEP: 13173232 - SUMARE - SP", "categoria": "HOMICIDIO_DOLOSO", "dataOcorrencia": "27/11/2015", "examesRequisitados": "IML", "idDelegacia": "70926", "numero": "4666", "dataElaboracao": "28/11/2015", "tipoLocal": "Resid\u00eancia", "lat": -22.7973139, "horaComunicacao": "00:28", "tipoBoletim": "Principal", "circunscricao": "02\u00ba D.P. SUMARE", "dependencia": "DEL.POL.PLANT\u00c3O SUMARE"}