{"horaElaboracao": "04:55", "turnoOcorrencia": "DE MADRUGADA", "partesEnvolvidas": [{"naturalidade": "ALAGOA GRANDE -PB", "estadoCivil": "Casado", "naturezasEnvolvidas": "Queda acidental, Morte suspeita", "tipoEnvolvimento": "V\u00edtima", "nome": "JOSIVALDO INOCENCIO NUNES", "instrucao": "1 Grau completo", "nacionalidade": "BRASILEIRA", "sexo": "Masculino", "idade": "44", "rg": "56054981-SP", "dataNascimento": "09/10/1970", "cutis": "Branca"}], "idBO": "2015-10326-4441", "naturezas": [{"especie": "Pessoa", "descricao": "Queda acidental"}, {"especie": "\u00d3bito", "descricao": "Morte suspeita"}], "flagrante": "N\u00e3o", "lon": -46.486573, "dataComunicacao": "10/05/2015", "solucao": "AGUARDANDO LAUDOS", "local": "AVENIDA JACU-PESSEGO - ITAQUERA - CEP: 08260005 - S.PAULO - SP", "categoria": "MORTE_ACIDENTAL", "dataOcorrencia": "10/05/2015", "examesRequisitados": "IC-IML", "idDelegacia": "10326", "numero": "4441", "dataElaboracao": "10/05/2015", "tipoLocal": "Via p\u00fablica", "lat": -23.5483806, "horaComunicacao": "04:48", "tipoBoletim": "Principal", "circunscricao": "32\u00ba D.P. ITAQUERA", "dependencia": "63\u00ba D.P. VILA JACUI"}