{"horaElaboracao": "10:47", "turnoOcorrencia": "A TARDE", "partesEnvolvidas": [{"naturalidade": "AMERICANA -SP", "estadoCivil": "Solteiro", "naturezasEnvolvidas": "Homic\u00eddio simples (art. 121)", "tipoEnvolvimento": "V\u00edtima", "nome": "RAFAEL HENRIQUE JUNKS", "instrucao": "1 Grau completo", "nacionalidade": "BRASILEIRA", "profissao": "SERRALHEIRO(A)", "idade": "26", "rg": "44800637-SP", "dataNascimento": "14/07/1989", "cutis": "Branca"}], "idBO": "2015-70332-2418", "nomeDelegaciaBoPrincipal": "02\u00ba D.P. SANTA BARBARA DOESTE", "naturezas": [{"especie": "T\u00edtulo I - Pessoa (arts. 121 a 154)", "descricao": "Homic\u00eddio simples (art. 121)"}], "flagrante": "N\u00e3o", "lon": -47.3689441, "dataComunicacao": "17/09/2015", "solucao": "BO PARA ADENDO", "numeroBoPrincipal": "2413", "categoria": "HOMICIDIO_DOLOSO", "dataOcorrencia": "16/09/2015", "idDelegacia": "70332", "numero": "2418", "tipoBoletim": "Complementar", "dataElaboracao": "17/09/2015", "tipoLocal": "Via p\u00fablica", "lat": -22.7437756, "horaComunicacao": "10:43", "anoBoPrincipal": "2015", "circunscricao": "02\u00ba D.P. SANTA BARBARA DOESTE", "local": "RUA DO CARV\u00c3O, 402 - JARDIM PEROLA - CEP: 13454205 - S.BARBARA D OESTE - SP", "dependencia": "02\u00ba D.P. SANTA BARBARA DOESTE"}