{"horaElaboracao": "16:49", "turnoOcorrencia": "A TARDE", "partesEnvolvidas": [{"naturalidade": "SALTO GRANDE -SP", "estadoCivil": "Convivente", "naturezasEnvolvidas": "Morte suspeita", "tipoEnvolvimento": "V\u00edtima", "nome": "JOSE ROBERTO PINHEIRO", "profissao": "MOTORISTA", "nacionalidade": "BRASILEIRA", "sexo": "Masculino", "idade": "37", "rg": "29784036-SP", "dataNascimento": "04/05/1977", "cutis": "Parda"}], "idBO": "2015-100505-312", "naturezas": [{"especie": "Acidente de tr\u00e2nsito", "descricao": "Tombamento"}, {"especie": "\u00d3bito", "descricao": "Morte suspeita"}], "flagrante": "N\u00e3o", "lon": -46.5782493, "dataComunicacao": "16/04/2015", "solucao": "APRECIA\u00c7\u00c3O DO DELEGADO TITULAR", "local": "ESTRADA IBATE A RIB. BONITO - ZONA RURAL - IBATE - SP", "categoria": "MORTE_SUBITA_NATURAL", "dataOcorrencia": "16/04/2015", "examesRequisitados": "IC-IML", "idDelegacia": "100505", "numero": "312", "dataElaboracao": "16/04/2015", "tipoLocal": "Rodovia/Estrada", "lat": -23.3981297, "horaComunicacao": "16:45", "tipoBoletim": "Principal", "circunscricao": "DEL.POL.IBAT\u00c9", "dependencia": "DEL.POL.IBAT\u00c9"}