{"horaElaboracao": "16:03", "turnoOcorrencia": "PELA MANH\u00c3", "partesEnvolvidas": [{"naturezasEnvolvidas": "Morte suspeita", "cutis": "Outros"}], "idBO": "2015-120129-2981", "naturezas": [{"especie": "\u00d3bito", "descricao": "Morte suspeita"}], "flagrante": "N\u00e3o", "lon": -49.0607464, "dataComunicacao": "26/07/2015", "solucao": "ENCAMINHAMENTO DP \u00c1REA DO FATO", "local": "ESTRADA AVAR\u00c9/ARANDU - SANTA B\u00c1RBARA - AVARE - SP", "categoria": "CADAVER_SEM_LESOES", "dataOcorrencia": "26/07/2015", "examesRequisitados": "IC-IML", "idDelegacia": "120129", "numero": "2981", "dataElaboracao": "26/07/2015", "tipoLocal": "Unidade rural", "lat": -23.1408845, "horaComunicacao": "15:57", "tipoBoletim": "Principal", "circunscricao": "03\u00ba D.P. AVARE", "dependencia": "DEL.SEC.AVARE PLANT\u00c3O"}