{"categoria": "MORTE_SUBITA_NATURAL", "dependencia": "01\u00ba D.P. HORTOL\u00c2NDIA", "naturezas": [{"especie": "\u00d3bito", "descricao": "Morte suspeita"}], "tipoLocal": "Sa\u00fade", "partesEnvolvidas": [{"tipoEnvolvimento": "V\u00edtima", "nome": "BRYAN MIGUEL LIRA DE CARVALHO", "cutis": "Branca", "sexo": "Masculino", "idade": "0", "naturezasEnvolvidas": "Morte suspeita"}], "dataOcorrencia": "07/02/2015", "lon": -47.1955618, "idDelegacia": "70358", "horaElaboracao": "14:12", "flagrante": "N\u00e3o", "numero": "644", "dataComunicacao": "14/05/2015", "dataElaboracao": "14/05/2015", "tipoBoletim": "Principal", "turnoOcorrencia": "DE MADRUGADA", "idBO": "2015-70358-644", "solucao": "APRECIA\u00c7\u00c3O DO DELEGADO TITULAR", "lat": -22.8851877, "horaComunicacao": "14:04", "local": "RUA OSVALDO RIBEIRO CARRILHO, 10 - JARDIM MIRANTE DO SUMARE - CEP: 13186214 - HORTOLANDIA - SP", "circunscricao": "01\u00ba D.P. HORTOL\u00c2NDIA"}