{"horaElaboracao": "20:34", "turnoOcorrencia": "A TARDE", "partesEnvolvidas": [{"naturalidade": "DOM CAVATI -MG", "estadoCivil": "Casado", "naturezasEnvolvidas": "Morte suspeita", "tipoEnvolvimento": "V\u00edtima", "nome": "PAULO JOSE VENTURA", "instrucao": "1 Grau completo", "profissao": "SERRALHEIRO(A)", "nacionalidade": "BRASILEIRA", "sexo": "Masculino", "idade": "55", "rg": "12192023-SP", "dataNascimento": "12/07/1959", "cutis": "Branca"}], "idBO": "2015-30307-175", "naturezas": [{"especie": "\u00d3bito", "descricao": "Morte suspeita"}], "flagrante": "N\u00e3o", "lon": -46.2099108, "dataComunicacao": "11/01/2015", "solucao": "APRECIA\u00c7\u00c3O DO DELEGADO TITULAR", "local": "RUA EDGAR CAVALHEIRO, 134 - RES. ITAPETI - MOGI DAS CRUZES - SP", "categoria": "CADAVER_SEM_LESOES", "dataOcorrencia": "11/01/2015", "examesRequisitados": "IC-IML", "idDelegacia": "30307", "numero": "175", "dataElaboracao": "11/01/2015", "tipoLocal": "Via p\u00fablica", "lat": -23.5097988, "horaComunicacao": "20:18", "tipoBoletim": "Principal", "circunscricao": "02\u00ba D.P. MOGI DAS CRUZES", "dependencia": "02\u00ba D.P. MOGI DAS CRUZES"}