{"horaElaboracao": "18:24", "turnoOcorrencia": "A TARDE", "partesEnvolvidas": [{"naturalidade": "ARAPOTI -PR", "estadoCivil": "Solteiro", "naturezasEnvolvidas": "Les\u00e3o corporal seguida de morte (art. 129, \u00a73o.)", "tipoEnvolvimento": "Autor/Vitima", "nome": "ELITON DE ALMEIDA VENTURA", "instrucao": "1 Grau completo", "profissao": "DESEMPREGADO(A)", "nacionalidade": "BRASILEIRA", "sexo": "Masculino", "idade": "21", "rg": "48882546-SP", "dataNascimento": "09/03/1993", "cutis": "Parda"}], "idBO": "2015-240001-18", "nomeDelegaciaBoPrincipal": "DEL.INV.GER. PIRACICABA", "naturezas": [{"especie": "T\u00edtulo I - Pessoa (arts. 121 a 154)", "descricao": "Les\u00e3o corporal seguida de morte (art. 129, \u00a73o.)"}], "flagrante": "N\u00e3o", "lon": -47.6669829, "dataComunicacao": "14/01/2015", "solucao": "BO PARA ADENDO", "numeroBoPrincipal": "17", "categoria": "LESAO_CORPORAL_SEGUIDA_DE_MORTE", "dataOcorrencia": "14/01/2015", "examesRequisitados": "IC-IML", "idDelegacia": "240001", "numero": "18", "tipoBoletim": "Complementar", "dataElaboracao": "14/01/2015", "tipoLocal": "Via p\u00fablica", "lat": -22.7374351, "horaComunicacao": "18:23", "anoBoPrincipal": "2015", "circunscricao": "07\u00ba D.P. PIRACICABA", "local": "RUA BARTOLOMEU LOUREN\u00c7O DE GUSM\u00c3O, 225 - VILA JARAGUA - PIRACICABA - SP", "dependencia": "DEL.INV.GER. PIRACICABA"}