{"categoria": "MORTE_SUBITA_NATURAL", "dependencia": "DEL.POL.GUARUJA", "naturezas": [{"especie": "\u00d3bito", "descricao": "Morte suspeita"}], "tipoLocal": "Resid\u00eancia", "partesEnvolvidas": [{"naturalidade": "IRAPUA", "estadoCivil": "Casado", "naturezasEnvolvidas": "Morte suspeita", "tipoEnvolvimento": "V\u00edtima", "nome": "PURESA MARIA DA SILVA COSTA", "nacionalidade": "BRASILEIRA", "sexo": "Feminino", "idade": "76", "rg": "12102271-SP", "dataNascimento": "17/09/1938", "cutis": "Branca"}], "dataOcorrencia": "27/08/2015", "lon": -46.285584, "idDelegacia": "40203", "horaElaboracao": "23:33", "flagrante": "N\u00e3o", "numero": "6314", "dataComunicacao": "27/08/2015", "dataElaboracao": "27/08/2015", "tipoBoletim": "Principal", "turnoOcorrencia": "A NOITE", "idBO": "2015-40203-6314", "solucao": "BO PARA INVESTIGA\u00c7\u00c3O", "lat": -23.9441433, "horaComunicacao": "23:27", "local": "AVENIDA SEVERO COND\u00c9 Y COND\u00c9, 504 - VILA AUREA - CEP: 11454010 - GUARUJA - SP", "circunscricao": "02\u00ba D.P. GUARUJA"}