{"horaElaboracao": "18:31", "turnoOcorrencia": "A TARDE", "partesEnvolvidas": [{"naturalidade": "JANUARIA -MG", "estadoCivil": "Solteiro", "naturezasEnvolvidas": "Morte suspeita", "tipoEnvolvimento": "V\u00edtima", "nome": "MARIA HELENA FERREIRA DA SILVA", "instrucao": "1 Grau completo", "profissao": "AUXILIAR DE LIMPEZA", "nacionalidade": "BRASILEIRA", "sexo": "Feminino", "idade": "46", "rg": "26328431-SP", "dataNascimento": "11/02/1969", "cutis": "Parda"}], "idBO": "2015-10352-927", "naturezas": [{"especie": "\u00d3bito", "descricao": "Morte suspeita"}], "flagrante": "N\u00e3o", "lon": -46.72849009999999, "dataComunicacao": "09/03/2015", "solucao": "APRECIA\u00c7\u00c3O DO DELEGADO TITULAR", "local": "AVENIDA MENOTTI LAUDISIO, 100 - PIRITUBA - CEP: 02945000 - S.PAULO - SP", "categoria": "MORTE_SUBITA_NATURAL", "dataOcorrencia": "09/03/2015", "examesRequisitados": "IML", "idDelegacia": "10352", "numero": "927", "dataElaboracao": "09/03/2015", "tipoLocal": "Sa\u00fade", "lat": -23.4841062, "horaComunicacao": "18:29", "tipoBoletim": "Principal", "circunscricao": "87\u00ba D.P. V. P. BARRETO", "dependencia": "87\u00ba D.P. V. P. BARRETO"}