{"horaElaboracao": "21:42", "turnoOcorrencia": "A NOITE", "partesEnvolvidas": [{"naturalidade": "OLIVEN\u00c7A -AL", "estadoCivil": "Solteiro", "naturezasEnvolvidas": "Morte suspeita", "tipoEnvolvimento": "V\u00edtima", "nome": "JOS\u00c9 VALMIR DA SILVA AMORIM", "instrucao": "Analfabeto", "profissao": "LAVRADOR(A)", "nacionalidade": "BRASILEIRA", "sexo": "Masculino", "idade": "38", "rg": "1807257-AL", "dataNascimento": "21/04/1977", "cutis": "Branca"}], "idBO": "2015-100908-2364", "naturezas": [{"especie": "\u00d3bito", "descricao": "Morte suspeita"}], "flagrante": "N\u00e3o", "lon": -46.6309569, "dataComunicacao": "30/08/2015", "solucao": "ENCAMINHAMENTO DP \u00c1REA DO FATO", "local": "RUA CINCO, 75 - JARDIM IRACEMA - CEP: 14900000 - ITAPOLIS - SP", "categoria": "SUICIDIO_DUVIDOSO", "dataOcorrencia": "28/08/2015", "examesRequisitados": "IML", "idDelegacia": "100908", "numero": "2364", "dataElaboracao": "30/08/2015", "tipoLocal": "Resid\u00eancia", "lat": -23.54811, "horaComunicacao": "21:17", "tipoBoletim": "Principal", "circunscricao": "DEL.POL.IT\u00c1POLIS", "dependencia": "DEL.SEC.ARARAQUARA PLANT\u00c3O"}