{"horaElaboracao": "21:15", "turnoOcorrencia": "A NOITE", "partesEnvolvidas": [{"naturalidade": "NOVA RESENDE -MG", "estadoCivil": "Viuvo", "naturezasEnvolvidas": "Morte suspeita", "tipoEnvolvimento": "V\u00edtima", "nome": "SILVIA OLIVEIRA ESPOSITO", "instrucao": "1 Grau incompleto", "profissao": "APOSENTADO(A)", "nacionalidade": "BRASILEIRA", "sexo": "Feminino", "idade": "82", "rg": "10792240-SP", "dataNascimento": "15/09/1932", "cutis": "Branca"}], "idBO": "2015-10314-3309", "naturezas": [{"especie": "\u00d3bito", "descricao": "Morte suspeita"}], "flagrante": "N\u00e3o", "lon": -46.6766997, "dataComunicacao": "16/04/2015", "solucao": "AGUARDANDO LAUDOS", "local": "RUA TEODORO SAMPAIO, 632 - JARDIM PAULISTA - CEP: 05406000 - S.PAULO - SP", "categoria": "MORTE_SUBITA_NATURAL", "dataOcorrencia": "16/04/2015", "examesRequisitados": "IML", "idDelegacia": "10314", "numero": "3309", "dataElaboracao": "16/04/2015", "tipoLocal": "Resid\u00eancia", "lat": -23.5567998, "horaComunicacao": "21:12", "tipoBoletim": "Principal", "circunscricao": "14\u00ba D.P. PINHEIROS", "dependencia": "14\u00ba D.P. PINHEIROS"}