{"horaElaboracao": "15:26", "turnoOcorrencia": "EM HORA INCERTA", "partesEnvolvidas": [{"naturalidade": "NAO INFORMADA(MOT=ACERVO)", "estadoCivil": "Casado", "naturezasEnvolvidas": "Morte suspeita", "tipoEnvolvimento": "V\u00edtima", "nome": "RICARDO NUNES DA SILVA", "instrucao": "1 Grau completo", "profissao": "COMERCIANTE", "nacionalidade": "BRASILEIRA", "sexo": "Masculino", "idade": "47", "rg": "21496964-SP", "dataNascimento": "09/10/1968", "cutis": "Branca"}], "idBO": "2015-70802-1259", "naturezas": [{"especie": "\u00d3bito", "descricao": "Morte suspeita"}], "flagrante": "N\u00e3o", "lon": -47.4887959, "dataComunicacao": "20/12/2015", "solucao": "APRECIA\u00c7\u00c3O DO DELEGADO TITULAR", "local": "FAZENDA MORRO AZUL, 1 - PRIMEIRO DISTRITO INDUSTRIAL - CEP: 13495000 - IRACEMAPOLIS - SP", "categoria": "CADAVER_SEM_LESOES", "dataOcorrencia": "20/12/2015", "examesRequisitados": "IC-IML", "idDelegacia": "70802", "numero": "1259", "dataElaboracao": "20/12/2015", "tipoLocal": "Unidade rural", "lat": -22.5400713, "horaComunicacao": "15:26", "tipoBoletim": "Principal", "circunscricao": "DEL.POL.IRACEM\u00c1POLIS", "dependencia": "DEL.POL.IRACEM\u00c1POLIS"}