{"horaElaboracao": "04:10", "turnoOcorrencia": "DE MADRUGADA", "partesEnvolvidas": [{"naturalidade": "S.CAETANO DO SUL -SP", "estadoCivil": "Solteiro", "naturezasEnvolvidas": "Morte suspeita", "tipoEnvolvimento": "V\u00edtima", "nome": "LEANDRO STEFANIAK DE LIMA", "instrucao": "2 Grau completo", "profissao": "AUXILIAR DE ALMOXARIFADO", "nacionalidade": "BRASILEIRA", "sexo": "Masculino", "idade": "20", "rg": "43050789-SP", "dataNascimento": "11/03/1995", "cutis": "Outros"}], "idBO": "2015-10362-10940", "naturezas": [{"especie": "\u00d3bito", "descricao": "Morte suspeita"}], "flagrante": "N\u00e3o", "lon": -46.4931612, "dataComunicacao": "26/12/2015", "solucao": "BO PARA REGISTRO", "local": "RUA MANUEL FRANCA DOS SANTOS, 174 - SAPOPEMBA - CEP: 03975130 - S.PAULO - SP", "categoria": "MORTE_SUBITA_NATURAL", "dataOcorrencia": "26/12/2015", "examesRequisitados": "IML", "idDelegacia": "10362", "numero": "10940", "dataElaboracao": "26/12/2015", "tipoLocal": "Sa\u00fade", "lat": -23.6105177, "horaComunicacao": "03:38", "tipoBoletim": "Principal", "circunscricao": "69\u00ba D.P. TEOTONIO VILELA", "dependencia": "69\u00ba D.P. TEOTONIO VILELA"}