{"horaElaboracao": "12:13", "turnoOcorrencia": "DE MADRUGADA", "partesEnvolvidas": [{"naturalidade": "S.PAULO -SP", "estadoCivil": "Casado", "naturezasEnvolvidas": "Morte suspeita", "tipoEnvolvimento": "V\u00edtima", "nome": "NEUSA LOPES RAMOS", "instrucao": "1 Grau completo", "nacionalidade": "BRASILEIRA", "sexo": "Feminino", "idade": "75", "rg": "8497037-SP", "dataNascimento": "08/04/1940", "cutis": "Branca"}], "idBO": "2015-120300-2438", "naturezas": [{"especie": "\u00d3bito", "descricao": "Morte suspeita"}], "flagrante": "N\u00e3o", "lon": -48.0356159, "dataComunicacao": "26/09/2015", "solucao": "APRECIA\u00c7\u00c3O DO DELEGADO TITULAR", "local": "RUA PADRE ALBUQUERQUE, 245 - CENTRO - CEP: 18200220 - ITAPETININGA - SP", "categoria": "MORTE_SUBITA_NATURAL", "dataOcorrencia": "26/09/2015", "examesRequisitados": "IML", "idDelegacia": "120300", "numero": "2438", "dataElaboracao": "26/09/2015", "tipoLocal": "Sa\u00fade", "lat": -23.582749, "horaComunicacao": "12:06", "tipoBoletim": "Principal", "circunscricao": "01\u00ba D.P. ITAPETININGA", "dependencia": "DEL.SEC.ITAPETININGA"}