{"horaElaboracao": "02:28", "turnoOcorrencia": "A NOITE", "partesEnvolvidas": [{"naturalidade": "BOTUCATU -SP", "naturezasEnvolvidas": "Morte suspeita", "tipoEnvolvimento": "V\u00edtima", "nome": "CARMEN MORAL PONZONI", "nacionalidade": "BRASILEIRA", "sexo": "Feminino", "idade": "79", "rg": "14341173-SP", "dataNascimento": "11/04/1936", "cutis": "Branca"}], "idBO": "2015-10336-7773", "naturezas": [{"especie": "\u00d3bito", "descricao": "Morte suspeita"}], "flagrante": "N\u00e3o", "lon": -46.56195109999999, "dataComunicacao": "08/08/2015", "solucao": "ENCAMINHAMENTO DP \u00c1REA DO FATO", "local": "RUA FRANCISCO FANGANIELLO, 127 - VILA MARIA - CEP: 02181160 - S.PAULO - SP", "categoria": "MORTE_SUBITA_NATURAL", "dataOcorrencia": "07/08/2015", "examesRequisitados": "IML", "idDelegacia": "10336", "numero": "7773", "dataElaboracao": "08/08/2015", "tipoLocal": "Sa\u00fade", "lat": -23.5220846, "horaComunicacao": "02:26", "tipoBoletim": "Principal", "circunscricao": "90\u00ba D.P. PQ. NOVO MUNDO", "dependencia": "73\u00ba D.P. JACANA"}