{"horaElaboracao": "17:47", "turnoOcorrencia": "A TARDE", "partesEnvolvidas": [{"naturalidade": "JAPARATUBA", "naturezasEnvolvidas": "Morte suspeita", "tipoEnvolvimento": "V\u00edtima", "nome": "ESTEFANIA MOURA LIMA", "nacionalidade": "BRASILEIRA", "sexo": "Feminino", "idade": "96", "rg": "5944508-SP", "dataNascimento": "03/01/1919", "cutis": "Branca"}], "idBO": "2015-40203-2595", "naturezas": [{"especie": "\u00d3bito", "descricao": "Morte suspeita"}], "flagrante": "N\u00e3o", "lon": -46.2843505, "dataComunicacao": "03/04/2015", "solucao": "AGUARDANDO LAUDOS", "local": "RUA GUARARAPES, 447 - VILA AUREA - CEP: 11454090 - GUARUJA - SP", "categoria": "MORTE_SUBITA_NATURAL", "dataOcorrencia": "03/04/2015", "examesRequisitados": "IML", "idDelegacia": "40203", "numero": "2595", "dataElaboracao": "03/04/2015", "tipoLocal": "Via p\u00fablica", "lat": -23.9460721, "horaComunicacao": "17:44", "tipoBoletim": "Principal", "circunscricao": "02\u00ba D.P. GUARUJA", "dependencia": "DEL.POL.GUARUJA"}