{"horaElaboracao": "10:52", "turnoOcorrencia": "PELA MANH\u00c3", "partesEnvolvidas": [{"naturalidade": "S.PAULO -SP", "estadoCivil": "Casado", "naturezasEnvolvidas": "Morte suspeita", "tipoEnvolvimento": "V\u00edtima", "nome": "EDUARDO DELFINO", "instrucao": "1 Grau completo", "profissao": "COMERCIANTE", "nacionalidade": "BRASILEIRA", "sexo": "Masculino", "idade": "61", "rg": "6858940-SP", "dataNascimento": "24/05/1953", "cutis": "Parda"}], "idBO": "2015-10374-2337", "naturezas": [{"especie": "\u00d3bito", "descricao": "Morte suspeita"}], "flagrante": "N\u00e3o", "lon": -46.6831058, "dataComunicacao": "12/03/2015", "solucao": "AGUARDANDO LAUDOS", "local": "AVENIDA ARESTOTELES COSTA PINTO, 2 - - S.PAULO - SP", "categoria": "MORTE_SUBITA_NATURAL", "dataOcorrencia": "12/03/2015", "examesRequisitados": "IC-IML", "idDelegacia": "10374", "numero": "2337", "dataElaboracao": "12/03/2015", "tipoLocal": "Com\u00e9rcio e servi\u00e7os", "lat": -23.7277985, "horaComunicacao": "10:34", "tipoBoletim": "Principal", "circunscricao": "101\u00ba D.P. JDIM IMBUIAS", "dependencia": "101\u00ba D.P. JDIM IMBUIAS"}