{"horaElaboracao": "12:31", "turnoOcorrencia": "PELA MANH\u00c3", "partesEnvolvidas": [{"naturalidade": "S.ANDRE -SP", "estadoCivil": "Solteiro", "naturezasEnvolvidas": "Morte suspeita", "tipoEnvolvimento": "V\u00edtima", "nome": "WALDEMIR CORREA LEITE", "profissao": "SOLDADOR(A)", "nacionalidade": "BRASILEIRA", "sexo": "Masculino", "idade": "51", "rg": "15491404-SP", "dataNascimento": "03/06/1964", "cutis": "Branca"}], "idBO": "2015-30102-5750", "naturezas": [{"especie": "\u00d3bito", "descricao": "Morte suspeita"}], "flagrante": "N\u00e3o", "lon": -46.4991953, "dataComunicacao": "19/10/2015", "solucao": "ENCAMINHAMENTO DP \u00c1REA DO FATO", "local": "RUA ODORICO, 25 - VILA GUARANI - CEP: 09110750 - S.ANDRE - SP", "categoria": "MORTE_SUBITA_NATURAL", "dataOcorrencia": "19/10/2015", "examesRequisitados": "IML", "idDelegacia": "30102", "numero": "5750", "dataElaboracao": "19/10/2015", "tipoLocal": "Resid\u00eancia", "lat": -23.6750045, "horaComunicacao": "12:28", "tipoBoletim": "Principal", "circunscricao": "03\u00ba D.P. SANTO ANDR\u00c9", "dependencia": "01\u00ba D.P. SANTO ANDR\u00c9"}