{"horaElaboracao": "06:36", "turnoOcorrencia": "DE MADRUGADA", "partesEnvolvidas": [{"naturalidade": "RIBEIRAO PRETO -SP", "estadoCivil": "Solteiro", "naturezasEnvolvidas": "Homic\u00eddio simples (art. 121)", "tipoEnvolvimento": "V\u00edtima", "nome": "WILLIAM SILVA DE OLIVEIRA", "instrucao": "1 Grau completo", "nacionalidade": "BRASILEIRA", "sexo": "Masculino", "idade": "33", "rg": "34935271-SP", "dataNascimento": "23/07/1982", "cutis": "Branca"}], "idBO": "2015-100919-19969", "naturezas": [{"especie": "T\u00edtulo I - Pessoa (arts. 121 a 154)", "descricao": "Homic\u00eddio simples (art. 121)"}], "flagrante": "N\u00e3o", "lon": -47.8261798, "dataComunicacao": "12/09/2015", "solucao": "ENCAMINHAMENTO DP \u00c1REA DO FATO", "local": "RUA NICOLAU ACH\u00c9, 73 - ORESTES LOPES DE CAMARGO - CEP: 14066410 - RIBEIRAO PRETO - SP", "categoria": "HOMICIDIO_DOLOSO", "dataOcorrencia": "12/09/2015", "examesRequisitados": "IC-IML", "idDelegacia": "100919", "numero": "19969", "dataElaboracao": "12/09/2015", "tipoLocal": "Via p\u00fablica", "lat": -21.123975, "horaComunicacao": "06:33", "tipoBoletim": "Principal", "circunscricao": "05\u00ba D.P. RIBEIRAO PRETO", "dependencia": "CENTRAL POL. JUD. RIB. PRETO"}