{"horaElaboracao": "01:31", "turnoOcorrencia": "DE MADRUGADA", "partesEnvolvidas": [{"naturalidade": "CAMPO FORMOSO", "estadoCivil": "Separado", "naturezasEnvolvidas": "Morte suspeita", "tipoEnvolvimento": "V\u00edtima", "nome": "ELINO MAIA", "instrucao": "1 Grau incompleto", "profissao": "AUTONOMO(A)", "nacionalidade": "BRASILEIRA", "sexo": "Masculino", "idade": "64", "rg": "15757967-SP", "dataNascimento": "20/03/1951", "cutis": "Branca"}], "idBO": "2015-30204-5394", "naturezas": [{"especie": "\u00d3bito", "descricao": "Morte suspeita"}], "flagrante": "N\u00e3o", "lon": -46.60717260000001, "dataComunicacao": "29/10/2015", "solucao": "AGUARDANDO LAUDOS", "local": "RUA RUA NELSON RODRIGUES - CENTRO - CEP: 07810000 - FRANCO DA ROCHA - SP", "categoria": "MORTE_SUBITA_NATURAL", "dataOcorrencia": "29/10/2015", "examesRequisitados": "IML", "idDelegacia": "30204", "numero": "5394", "dataElaboracao": "29/10/2015", "tipoLocal": "Sa\u00fade", "lat": -23.497623, "horaComunicacao": "01:09", "tipoBoletim": "Principal", "circunscricao": "DEL.SEC.FRANCO DA ROCHA", "dependencia": "DEL.POL.FRANCO ROCHA"}