{"horaElaboracao": "19:01", "turnoOcorrencia": "A NOITE", "partesEnvolvidas": [{"naturalidade": "IGREJA NOVA -AL", "estadoCivil": "Casado", "naturezasEnvolvidas": "Morte suspeita", "tipoEnvolvimento": "V\u00edtima", "nome": "DAMIAO DA SILVA", "instrucao": "1 Grau completo", "nacionalidade": "BRASILEIRA", "sexo": "Masculino", "idade": "54", "rg": "14951754-SP", "dataNascimento": "29/10/1960", "cutis": "Parda"}], "idBO": "2015-40203-5295", "naturezas": [{"especie": "\u00d3bito", "descricao": "Morte suspeita"}], "flagrante": "N\u00e3o", "lon": -46.6298836, "dataComunicacao": "15/07/2015", "solucao": "BO PARA REGISTRO", "local": "AVENIDA SANTOS DUMONT - LOT HERM\u00cdNIA P GONZALES - CEP: 11460002 - GUARUJA - SP", "categoria": "MORTE_SUBITA_NATURAL", "dataOcorrencia": "15/07/2015", "examesRequisitados": "IML", "idDelegacia": "40203", "numero": "5295", "dataElaboracao": "15/07/2015", "tipoLocal": "Sa\u00fade", "lat": -23.5165914, "horaComunicacao": "18:57", "tipoBoletim": "Principal", "circunscricao": "DEL.POL.GUARUJA", "dependencia": "DEL.POL.GUARUJA"}