{"horaElaboracao": "04:05", "turnoOcorrencia": "DE MADRUGADA", "partesEnvolvidas": [{"naturalidade": "S.PAULO -SP", "estadoCivil": "Solteiro", "naturezasEnvolvidas": "Morte suspeita", "tipoEnvolvimento": "V\u00edtima", "nome": "RAFAEL DIEGO GOMES DA SILVA", "instrucao": "1 Grau completo", "nacionalidade": "BRASILEIRA", "sexo": "Masculino", "idade": "20", "rg": "43322600-SP", "dataNascimento": "30/12/1994", "cutis": "Branca"}], "idBO": "2015-10335-4875", "naturezas": [{"especie": "\u00d3bito", "descricao": "Morte suspeita"}], "flagrante": "N\u00e3o", "lon": -46.6832172, "dataComunicacao": "16/07/2015", "solucao": "ENCAMINHAMENTO DP \u00c1REA DO FATO", "local": "RUA NICIA COUTINHO PATRICIO, 200 - BRASILANDIA - CEP: 02866000 - S.PAULO - SP", "categoria": "MORTE_SUBITA_NATURAL", "dataOcorrencia": "16/07/2015", "examesRequisitados": "IML", "idDelegacia": "10335", "numero": "4875", "dataElaboracao": "16/07/2015", "tipoLocal": "Via p\u00fablica", "lat": -23.4652594, "horaComunicacao": "03:37", "tipoBoletim": "Principal", "circunscricao": "45\u00ba D.P. V BRASILANDIA", "dependencia": "72\u00ba D.P. VILA PENTEADO"}