{"horaElaboracao": "22:14", "turnoOcorrencia": "A NOITE", "partesEnvolvidas": [{"naturalidade": "SAO PAULO", "estadoCivil": "Solteiro", "naturezasEnvolvidas": "Morte suspeita", "tipoEnvolvimento": "V\u00edtima", "nome": "CRISTIANE APARECIDA JANUARIO", "instrucao": "1 Grau incompleto", "profissao": "DESEMPREGADO(A)", "nacionalidade": "BRASILEIRA", "sexo": "Feminino", "idade": "34", "dataNascimento": "22/12/1980", "cutis": "Branca"}], "idBO": "2015-10374-6845", "naturezas": [{"especie": "\u00d3bito", "descricao": "Morte suspeita"}], "flagrante": "N\u00e3o", "lon": -46.7309218, "dataComunicacao": "26/07/2015", "solucao": "ENCAMINHAMENTO DP \u00c1REA DO FATO", "local": "RUA DE SERVIDAO, 3 - PARELHEIROS - S.PAULO - SP", "categoria": "MORTE_SUBITA_NATURAL", "dataOcorrencia": "26/07/2015", "examesRequisitados": "IC-IML", "idDelegacia": "10374", "numero": "6845", "dataElaboracao": "26/07/2015", "tipoLocal": "Resid\u00eancia", "lat": -23.8360193, "horaComunicacao": "22:00", "tipoBoletim": "Principal", "circunscricao": "25\u00ba D.P. PARELHEIROS", "dependencia": "101\u00ba D.P. JDIM IMBUIAS"}