{"horaElaboracao": "23:36", "turnoOcorrencia": "A NOITE", "partesEnvolvidas": [], "idBO": "2015-30204-3408", "naturezas": [{"especie": "\u00d3bito", "descricao": "Morte suspeita"}], "flagrante": "N\u00e3o", "lon": -46.7258279, "dataComunicacao": "19/07/2015", "solucao": "AGUARDANDO LAUDOS", "local": "RUA JOS\u00c9 AUGUSTO MOREIRA, 100 - JD CRUZEIRO - CEP: 07801040 - FRANCO DA ROCHA - SP", "categoria": "SUICIDIO_DUVIDOSO", "dataOcorrencia": "19/07/2015", "examesRequisitados": "IML", "idDelegacia": "30204", "numero": "3408", "dataElaboracao": "19/07/2015", "tipoLocal": "Sa\u00fade", "lat": -23.3222047, "horaComunicacao": "23:09", "tipoBoletim": "Principal", "circunscricao": "DEL.SEC.FRANCO DA ROCHA", "dependencia": "DEL.POL.FRANCO ROCHA"}