{"horaElaboracao": "12:27", "turnoOcorrencia": "PELA MANH\u00c3", "partesEnvolvidas": [{"naturalidade": "ILH\u00c9US -BA", "estadoCivil": "Solteiro", "naturezasEnvolvidas": "Morte suspeita", "tipoEnvolvimento": "V\u00edtima", "nome": "MARINA CARDOSO DOS SANTOS", "instrucao": "1 Grau completo", "profissao": "PRENDAS DOMESTICAS", "nacionalidade": "BRASILEIRA", "sexo": "Feminino", "idade": "69", "rg": "35998182-SP", "dataNascimento": "24/03/1945", "cutis": "Preta"}], "idBO": "2015-30401-1600", "naturezas": [{"especie": "\u00d3bito", "descricao": "Morte suspeita"}], "flagrante": "N\u00e3o", "lon": -46.8119284, "dataComunicacao": "14/03/2015", "solucao": "ENCAMINHAMENTO DP \u00c1REA DO FATO", "local": "RUA JO\u00c3O RODRIGUES NUNES, 211 - JD MUTINGA - CEP: 06463320 - BARUERI - SP", "categoria": "MORTE_SUBITA_NATURAL", "dataOcorrencia": "14/03/2015", "examesRequisitados": "IML", "idDelegacia": "30401", "numero": "1600", "dataElaboracao": "14/03/2015", "tipoLocal": "Sa\u00fade", "lat": -23.4958595, "horaComunicacao": "12:09", "tipoBoletim": "Principal", "circunscricao": "02\u00ba D.P. BARUERI", "dependencia": "DEL.POL.BARUERI"}