{"horaElaboracao": "23:02", "turnoOcorrencia": "A NOITE", "partesEnvolvidas": [{"naturalidade": "FRANCA -SP", "estadoCivil": "Convivente", "naturezasEnvolvidas": "Homic\u00eddio simples (art. 121)", "tipoEnvolvimento": "V\u00edtima", "nome": "THIAGO RIBEIRO DOS SANTOS", "instrucao": "1 Grau completo", "profissao": "SAPATEIRO(A)", "nacionalidade": "BRASILEIRA", "sexo": "Masculino", "idade": "25", "rg": "47168972-SP", "dataNascimento": "29/07/1990", "cutis": "Parda"}], "idBO": "2015-100910-6455", "naturezas": [{"especie": "T\u00edtulo I - Pessoa (arts. 121 a 154)", "descricao": "Homic\u00eddio simples (art. 121)"}], "flagrante": "N\u00e3o", "lon": -47.4026848, "dataComunicacao": "31/08/2015", "solucao": "APRECIA\u00c7\u00c3O DO DELEGADO TITULAR", "local": "RUA ANT\u00d4NIO COVAS, 1 - RURAL - CEP: 14403111 - FRANCA - SP", "categoria": "HOMICIDIO_DOLOSO", "dataOcorrencia": "31/08/2015", "examesRequisitados": "IC-IML", "idDelegacia": "100910", "numero": "6455", "dataElaboracao": "31/08/2015", "tipoLocal": "Unidade rural", "lat": -20.5517193, "horaComunicacao": "22:49", "tipoBoletim": "Principal", "circunscricao": "04\u00ba D.P. FRANCA", "dependencia": "DEL.SEC.FRANCA PLANT\u00c3O"}