{"horaElaboracao": "12:54", "turnoOcorrencia": "DE MADRUGADA", "partesEnvolvidas": [{"naturalidade": "CORNELIO PROCOPIO -PR", "estadoCivil": "Casado", "naturezasEnvolvidas": "Morte suspeita", "tipoEnvolvimento": "V\u00edtima", "nome": "ELIANE APARECIDA DA SILVA", "instrucao": "1 Grau completo", "nacionalidade": "BRASILEIRA", "cutis": "Parda", "idade": "35", "rg": "41981697-SP", "dataNascimento": "18/03/1980"}], "idBO": "2015-60123-2490", "naturezas": [{"especie": "\u00d3bito", "descricao": "Morte suspeita"}], "flagrante": "N\u00e3o", "lon": -48.7798206, "dataComunicacao": "17/09/2015", "solucao": "BO PARA INQU\u00c9RITO", "local": "AVENIDA PAULISTA, 325 - CENTRO - CEP: 17280000 - PEDERNEIRAS - SP", "categoria": "MORTE_SUBITA_NATURAL", "dataOcorrencia": "17/09/2015", "examesRequisitados": "IML", "idDelegacia": "60123", "numero": "2490", "dataElaboracao": "17/09/2015", "tipoLocal": "Sa\u00fade", "lat": -22.3509255, "horaComunicacao": "12:52", "tipoBoletim": "Principal", "circunscricao": "DEL.POL.PEDERNEIRAS", "dependencia": "DEL.POL.PEDERNEIRAS"}