{"horaElaboracao": "13:52", "turnoOcorrencia": "PELA MANH\u00c3", "partesEnvolvidas": [{"naturalidade": "S\u00c3O PAULO", "estadoCivil": "Solteiro", "naturezasEnvolvidas": "Homic\u00eddio simples (art. 121), Resist\u00eancia (art. 329)", "tipoEnvolvimento": "V\u00edtima", "nome": "LAIRSON PIRES CARNEIRO", "instrucao": "1 Grau incompleto", "profissao": "DESEMPREGADO(A)", "nacionalidade": "BRASILEIRA", "sexo": "Masculino", "idade": "22", "rg": "48394126-SP", "dataNascimento": "05/09/1992", "cutis": "Branca"}], "idBO": "2015-280306-43", "naturezas": [{"especie": "T\u00edtulo XI - Administra\u00e7\u00e3o p\u00fablica (arts. 312 a 359-H)", "descricao": "Resist\u00eancia (art. 329)"}, {"especie": "Localiza\u00e7\u00e3o e/ou Devolu\u00e7\u00e3o", "descricao": "Localiza\u00e7\u00e3o/Apreens\u00e3o e Entrega de ve\u00edculo"}, {"especie": "T\u00edtulo I - Pessoa (arts. 121 a 154)", "desdobramentos": "Morte decorrente de interven\u00e7\u00e3o policial (RES. SSP 05 - 07/01/2013)", "descricao": "Homic\u00eddio simples (art. 121)"}, {"especie": "T\u00edtulo II - Patrim\u00f4nio (arts. 155 a 183)", "descricao": "Dano (art. 163)"}], "flagrante": "N\u00e3o", "lon": -46.6198378, "dataComunicacao": "07/05/2015", "solucao": "BO PARA INQU\u00c9RITO", "local": "RODOVIA SP 160, 15 - CAMPANARIO - DIADEMA - SP", "categoria": "OPOSICAO_POLICIAL", "dataOcorrencia": "07/05/2015", "examesRequisitados": "IC-IML", "idDelegacia": "280306", "numero": "43", "dataElaboracao": "07/05/2015", "tipoLocal": "Via p\u00fablica", "lat": -23.6771845, "horaComunicacao": "13:09", "tipoBoletim": "Principal", "circunscricao": "01\u00ba D.P. DIADEMA", "dependencia": "SETOR HOM.SEC. DIADEMA"}