{"categoria": "MORTE_SUBITA_NATURAL", "dependencia": "53\u00ba D.P. PARQUE DO CARMO", "naturezas": [{"especie": "\u00d3bito", "descricao": "Morte suspeita"}], "tipoLocal": "Resid\u00eancia", "partesEnvolvidas": [{"naturezasEnvolvidas": "Morte suspeita", "tipoEnvolvimento": "V\u00edtima", "nome": "REC\u00c9M NASCIDO", "cutis": "Branca", "sexo": "Masculino", "idade": "0", "dataNascimento": "27/11/2015"}], "dataOcorrencia": "27/12/2015", "lon": -46.39721189999999, "idDelegacia": "10353", "horaElaboracao": "10:35", "flagrante": "N\u00e3o", "numero": "9131", "dataComunicacao": "27/12/2015", "dataElaboracao": "27/12/2015", "tipoBoletim": "Principal", "turnoOcorrencia": "PELA MANH\u00c3", "idBO": "2015-10353-9131", "solucao": "ENCAMINHAMENTO DP \u00c1REA DO FATO", "lat": -23.5444524, "horaComunicacao": "10:12", "local": "RUA PADRE DICTINIO DE LA PARTE ABIA, 330 - LAJEADO - CEP: 08450430 - S.PAULO - SP", "circunscricao": "68\u00ba D.P. LAGEADO"}