{"horaElaboracao": "09:01", "turnoOcorrencia": "PELA MANH\u00c3", "partesEnvolvidas": [{"naturalidade": "VARZEA GRANDE -PI", "estadoCivil": "Viuvo", "naturezasEnvolvidas": "Morte suspeita", "tipoEnvolvimento": "V\u00edtima", "nome": "ROSA MARIA DE JESUS SANTOS", "instrucao": "1 Grau completo", "nacionalidade": "BRASILEIRA", "sexo": "Feminino", "idade": "75", "rg": "56754426-SP", "dataNascimento": "28/02/1940", "cutis": "Branca"}], "idBO": "2015-40203-6659", "naturezas": [{"especie": "\u00d3bito", "descricao": "Morte suspeita"}], "flagrante": "N\u00e3o", "lon": -46.2915593, "dataComunicacao": "11/09/2015", "solucao": "APRECIA\u00c7\u00c3O DO DELEGADO TITULAR", "local": "RUA MARINO MOTA, 190 - JD GUAI\u00daBA - CEP: 11421300 - GUARUJA - SP", "categoria": "MORTE_SUBITA_NATURAL", "dataOcorrencia": "11/09/2015", "examesRequisitados": "IML", "idDelegacia": "40203", "numero": "6659", "dataElaboracao": "11/09/2015", "tipoLocal": "Hospedagem", "lat": -24.015008, "horaComunicacao": "08:56", "tipoBoletim": "Principal", "circunscricao": "DEL.POL.GUARUJA", "dependencia": "DEL.POL.GUARUJA"}