{"horaElaboracao": "00:51", "turnoOcorrencia": "PELA MANH\u00c3", "partesEnvolvidas": [{"naturalidade": "FRANCA -SP", "estadoCivil": "Solteiro", "naturezasEnvolvidas": "Morte suspeita", "tipoEnvolvimento": "V\u00edtima", "nome": "RAYSSON GABRIEL SILVA SOUZA MELO", "cutis": "Branca", "sexo": "Masculino", "idade": "0", "dataNascimento": "10/03/2015"}], "idBO": "2015-100910-5846", "naturezas": [{"especie": "\u00d3bito", "descricao": "Morte suspeita"}], "flagrante": "N\u00e3o", "lon": -47.3991531, "dataComunicacao": "09/08/2015", "solucao": "ENCAMINHAMENTO DP \u00c1REA DO FATO", "local": "RUA DOUTOR J\u00daLIO CARDOSO, 1 - CENTRO - CEP: 14400730 - FRANCA - SP", "categoria": "MORTE_SUBITA_NATURAL", "dataOcorrencia": "08/08/2015", "examesRequisitados": "IML", "idDelegacia": "100910", "numero": "5846", "dataElaboracao": "09/08/2015", "tipoLocal": "Sa\u00fade", "lat": -20.5384576, "horaComunicacao": "00:17", "tipoBoletim": "Principal", "circunscricao": "01\u00ba D.P. FRANCA", "dependencia": "DEL.SEC.FRANCA PLANT\u00c3O"}