{"horaElaboracao": "12:55", "turnoOcorrencia": "A TARDE", "partesEnvolvidas": [{"naturalidade": "MARACAS/BA", "estadoCivil": "Solteiro", "naturezasEnvolvidas": "Morte suspeita", "tipoEnvolvimento": "V\u00edtima", "nome": "NIELSON TAVARES MENEZES", "instrucao": "1 Grau completo", "profissao": "CASEIRO(A)", "nacionalidade": "BRASILEIRA", "sexo": "Masculino", "idade": "35", "rg": "0810134004-BA", "dataNascimento": "24/05/1979", "cutis": "Branca"}], "idBO": "2015-10314-1496", "naturezas": [{"especie": "\u00d3bito", "descricao": "Morte suspeita"}], "flagrante": "N\u00e3o", "lon": -46.6672439, "dataComunicacao": "20/02/2015", "solucao": "ENCAMINHAMENTO DP \u00c1REA DO FATO", "local": "RUA BOLIVIA, 128 - JARDIM PAULISTA - CEP: 01437040 - S.PAULO - SP", "categoria": "MORTE_ACIDENTAL", "dataOcorrencia": "19/02/2015", "examesRequisitados": "IC-IML", "idDelegacia": "10314", "numero": "1496", "dataElaboracao": "20/02/2015", "tipoLocal": "Resid\u00eancia", "lat": -23.5712392, "horaComunicacao": "12:53", "tipoBoletim": "Principal", "circunscricao": "78\u00ba D.P. JARDINS", "dependencia": "14\u00ba D.P. PINHEIROS"}