{"horaElaboracao": "20:39", "turnoOcorrencia": "DE MADRUGADA", "partesEnvolvidas": [], "idBO": "2015-20249-8139", "naturezas": [{"especie": "\u00d3bito", "descricao": "Morte suspeita"}], "flagrante": "N\u00e3o", "lon": -46.4038341, "dataComunicacao": "04/07/2015", "solucao": "ENCAMINHAMENTO DP \u00c1REA DO FATO", "local": "AVENIDA DOS METALURGICOS, 1797 - CIDADE TIRADENTES - CEP: 08471000 - S.PAULO - SP", "categoria": "SUICIDIO_DUVIDOSO", "dataOcorrencia": "04/07/2015", "examesRequisitados": "IML", "idDelegacia": "20249", "numero": "8139", "dataElaboracao": "04/07/2015", "tipoLocal": "Sa\u00fade", "lat": -23.5974657, "horaComunicacao": "20:37", "tipoBoletim": "Principal", "circunscricao": "54\u00ba D.P. CID. TIRADENTES", "dependencia": "49\u00ba D.P. SAO MATEUS"}