{"horaElaboracao": "10:55", "turnoOcorrencia": "PELA MANH\u00c3", "partesEnvolvidas": [{"naturalidade": "TATUI -SP", "estadoCivil": "Solteiro", "naturezasEnvolvidas": "Morte suspeita", "tipoEnvolvimento": "V\u00edtima", "nome": "JULIANO PEDROSO DA SILVA", "instrucao": "1 Grau incompleto", "profissao": "DESEMPREGADO(A)", "nacionalidade": "BRASILEIRA", "sexo": "Masculino", "idade": "29", "rg": "40413774-SP", "dataNascimento": "25/04/1986", "cutis": "Branca"}], "idBO": "2015-120609-6024", "naturezas": [{"especie": "\u00d3bito", "descricao": "Morte suspeita"}], "flagrante": "N\u00e3o", "lon": -47.8553144, "dataComunicacao": "18/12/2015", "solucao": "BO PARA INVESTIGA\u00c7\u00c3O", "local": "RUA DOUTOR GERALDO EN\u00c9AS DE CAMPOS, 60 - RURAL - CEP: 18279250 - TATUI - SP", "categoria": "MORTE_SUBITA_NATURAL", "dataOcorrencia": "18/12/2015", "examesRequisitados": "IC-IML", "idDelegacia": "120609", "numero": "6024", "dataElaboracao": "18/12/2015", "tipoLocal": "Resid\u00eancia", "lat": -23.3373231, "horaComunicacao": "10:43", "tipoBoletim": "Principal", "circunscricao": "02\u00ba D.P. TATUI", "dependencia": "DEL.POL.PLANT\u00c3O TATUI"}