{"horaElaboracao": "20:45", "turnoOcorrencia": "A NOITE", "partesEnvolvidas": [{"naturalidade": "ATALAIA", "estadoCivil": "Solteiro", "naturezasEnvolvidas": "Morte suspeita", "tipoEnvolvimento": "V\u00edtima", "nome": "JOSE CICERO CORREIA DE LIMA", "instrucao": "1 Grau incompleto", "profissao": "AJUDANTE", "nacionalidade": "BRASILEIRA", "sexo": "Masculino", "idade": "44", "rg": "1597994-AL", "dataNascimento": "24/04/1971", "cutis": "Parda"}], "idBO": "2015-20224-8708", "naturezas": [{"especie": "\u00d3bito", "descricao": "Morte suspeita"}], "flagrante": "N\u00e3o", "lon": -46.5094813, "dataComunicacao": "25/09/2015", "solucao": "AGUARDANDO LAUDOS", "local": "RUA BASILIO BASILY, 63 - CANGAIBA - CEP: 03728200 - S.PAULO - SP", "categoria": "MORTE_SUBITA_NATURAL", "dataOcorrencia": "25/09/2015", "examesRequisitados": "IML", "idDelegacia": "20224", "numero": "8708", "dataElaboracao": "25/09/2015", "tipoLocal": "Resid\u00eancia", "lat": -23.5040568, "horaComunicacao": "20:25", "tipoBoletim": "Principal", "circunscricao": "24\u00ba D.P. PONTE RASA", "dependencia": "24\u00ba D.P. PONTE RASA"}