{"horaElaboracao": "17:42", "turnoOcorrencia": "A TARDE", "partesEnvolvidas": [{"naturalidade": "LUPERCIO -SP", "estadoCivil": "Casado", "naturezasEnvolvidas": "Morte suspeita", "tipoEnvolvimento": "V\u00edtima", "nome": "JOSE ANTONIO FERREIRA GOMES", "instrucao": "1 Grau completo", "nacionalidade": "BRASILEIRA", "profissao": "PEDREIRO", "idade": "57", "rg": "9661067-SP", "dataNascimento": "03/08/1957", "cutis": "Parda"}], "idBO": "2015-10346-2600", "naturezas": [{"especie": "\u00d3bito", "descricao": "Morte suspeita"}], "flagrante": "N\u00e3o", "lon": -46.7547747, "dataComunicacao": "14/07/2015", "solucao": "APRECIA\u00c7\u00c3O DO DELEGADO TITULAR", "local": "ACESSO AVESTRUZ, 8 - - S.PAULO - SP", "categoria": "CADAVER_SEM_LESOES", "dataOcorrencia": "14/07/2015", "examesRequisitados": "SVO", "idDelegacia": "10346", "numero": "2600", "dataElaboracao": "14/07/2015", "tipoLocal": "Resid\u00eancia", "lat": -23.4193864, "horaComunicacao": "17:39", "tipoBoletim": "Principal", "circunscricao": "46\u00ba D.P. PERUS", "dependencia": "46\u00ba D.P. PERUS"}