{"horaElaboracao": "11:44", "turnoOcorrencia": "A TARDE", "partesEnvolvidas": [{"naturalidade": "GRANITO/PE", "estadoCivil": "Convivente", "naturezasEnvolvidas": "Morte suspeita", "tipoEnvolvimento": "V\u00edtima", "nome": "JOSE REGINALDO DA SILVA", "profissao": "SERVENTE", "nacionalidade": "BRASILEIRA", "sexo": "Masculino", "idade": "42", "rg": "4388137-PE", "dataNascimento": "19/03/1972", "cutis": "Branca"}], "idBO": "2015-70518-166", "naturezas": [{"especie": "\u00d3bito", "descricao": "Morte suspeita"}], "flagrante": "N\u00e3o", "lon": -47.6632521, "dataComunicacao": "29/01/2015", "solucao": "ENCAMINHAMENTO DP \u00c1REA DO FATO", "local": "RUA MATIAS DE ALBUQUERQUE, 406 - PAULISTA - PIRACICABA - SP", "categoria": "MORTE_SUBITA_NATURAL", "dataOcorrencia": "28/01/2015", "examesRequisitados": "IC-IML", "idDelegacia": "70518", "numero": "166", "dataElaboracao": "29/01/2015", "tipoLocal": "Resid\u00eancia", "lat": -22.734061, "horaComunicacao": "11:42", "tipoBoletim": "Principal", "circunscricao": "07\u00ba D.P. PIRACICABA", "dependencia": "02\u00ba D.P. PIRACICABA"}