{"categoria": "HOMICIDIO_DOLOSO", "dependencia": "89\u00ba D.P. JARDIM TABOAO", "naturezas": [{"especie": "T\u00edtulo I - Pessoa (arts. 121 a 154)", "descricao": "Homic\u00eddio simples (art. 121)"}], "tipoLocal": "Via p\u00fablica", "partesEnvolvidas": [{"tipoEnvolvimento": "V\u00edtima", "nome": "DESCONHECIDO", "cutis": "Parda", "sexo": "Masculino", "idade": "30", "naturezasEnvolvidas": "Homic\u00eddio simples (art. 121)"}], "dataOcorrencia": "16/08/2015", "lon": -46.74797640000001, "idDelegacia": "10356", "horaElaboracao": "04:42", "flagrante": "N\u00e3o", "numero": "6633", "dataComunicacao": "16/08/2015", "dataElaboracao": "16/08/2015", "tipoBoletim": "Principal", "turnoOcorrencia": "DE MADRUGADA", "idBO": "2015-10356-6633", "solucao": "ENCAMINHAMENTO JECRIM", "lat": -23.6190512, "horaComunicacao": "04:31", "local": "RUA TABOAS, 1561 - JD. DAS PALMAS - S.PAULO - SP", "circunscricao": "37\u00ba D.P. CAMPO LIMPO"}