{"horaElaboracao": "01:18", "turnoOcorrencia": "PELA MANH\u00c3", "partesEnvolvidas": [{"naturalidade": "AVARE -SP", "estadoCivil": "Casado", "naturezasEnvolvidas": "Morte suspeita", "tipoEnvolvimento": "V\u00edtima", "nome": "JOSE FERNANDO DE MOURA", "instrucao": "1 Grau completo", "profissao": "COLETOR", "sexo": "Masculino", "idade": "57", "rg": "10191413-SP", "dataNascimento": "19/11/1957", "cutis": "Branca"}], "idBO": "2015-100908-2672", "naturezas": [{"especie": "\u00d3bito", "descricao": "Morte suspeita"}], "flagrante": "N\u00e3o", "lon": -48.1797851, "dataComunicacao": "12/10/2015", "solucao": "ENCAMINHAMENTO DP \u00c1REA DO FATO", "local": "AVENIDA JOSE BONIFACIO, 794 - ELVIO LUPO - CEP: 14801150 - ARARAQUARA - SP", "categoria": "MORTE_SUBITA_NATURAL", "dataOcorrencia": "11/10/2015", "examesRequisitados": "IML", "idDelegacia": "100908", "numero": "2672", "dataElaboracao": "12/10/2015", "tipoLocal": "Sa\u00fade", "lat": -21.7902047, "horaComunicacao": "01:13", "tipoBoletim": "Principal", "circunscricao": "02\u00ba D.P. ARARAQUARA", "dependencia": "DEL.SEC.ARARAQUARA PLANT\u00c3O"}