{"categoria": "MORTE_SUBITA_NATURAL", "dependencia": "DEL.POL.PLANT\u00c3O TATUI", "naturezas": [{"especie": "\u00d3bito", "descricao": "Morte suspeita"}], "tipoLocal": "Resid\u00eancia", "partesEnvolvidas": [{"naturalidade": "BOITUVA -SP", "estadoCivil": "Convivente", "naturezasEnvolvidas": "Morte suspeita", "tipoEnvolvimento": "V\u00edtima", "nome": "REGINALDO DA SILVA MOTA", "profissao": "LAVRADOR(A)", "sexo": "Masculino", "idade": "35", "rg": "34337856-SP", "dataNascimento": "03/05/1980", "cutis": "Branca"}], "dataOcorrencia": "02/07/2015", "lon": -47.8639782, "idDelegacia": "120609", "horaElaboracao": "02:27", "flagrante": "N\u00e3o", "numero": "3174", "dataComunicacao": "03/07/2015", "dataElaboracao": "03/07/2015", "tipoBoletim": "Principal", "turnoOcorrencia": "A NOITE", "idBO": "2015-120609-3174", "solucao": "BO PARA INVESTIGA\u00c7\u00c3O", "lat": -23.3281368, "horaComunicacao": "02:11", "local": "RUA ISALTINA CAMPOS VIEIRA, 305 - JD. ANG\u00c9LICA - TATUI - SP", "circunscricao": "02\u00ba D.P. TATUI"}