{"horaElaboracao": "16:50", "turnoOcorrencia": "PELA MANH\u00c3", "partesEnvolvidas": [{"naturalidade": "JARDIN\u00d3POLIS-SP", "estadoCivil": "Casado", "naturezasEnvolvidas": "Morte suspeita", "tipoEnvolvimento": "V\u00edtima", "nome": "ISABEL CRISTINA ANDR\u00c9", "instrucao": "1 Grau completo", "nacionalidade": "BRASILEIRA", "sexo": "Feminino", "idade": "59", "rg": "013485065-SP", "dataNascimento": "25/06/1955", "cutis": "Branca"}], "idBO": "2015-30403-940", "naturezas": [{"especie": "\u00d3bito", "descricao": "Morte suspeita"}], "flagrante": "N\u00e3o", "lon": -46.5813662, "dataComunicacao": "15/02/2015", "solucao": "BO PARA REGISTRO", "local": "RUA RECANTO VERDE, 54 - RES REC VERDE - CEP: 06701257 - COTIA - SP", "categoria": "MORTE_SUBITA_NATURAL", "dataOcorrencia": "15/02/2015", "examesRequisitados": "IML", "idDelegacia": "30403", "numero": "940", "dataElaboracao": "15/02/2015", "tipoLocal": "Resid\u00eancia", "lat": -23.4333899, "horaComunicacao": "16:40", "tipoBoletim": "Principal", "circunscricao": "DEL.POL.COTIA", "dependencia": "DEL.POL.COTIA"}