{"horaElaboracao": "20:26", "turnoOcorrencia": "A TARDE", "partesEnvolvidas": [{"naturalidade": "S.PAULO -SP", "naturezasEnvolvidas": "Morte suspeita", "tipoEnvolvimento": "V\u00edtima", "nome": "ANDERSON JANDER DOS SANTOS FERREIRA", "nacionalidade": "BRASILEIRA", "sexo": "Masculino", "idade": "21", "rg": "36727241-SP", "dataNascimento": "08/03/1994", "cutis": "Branca"}], "idBO": "2015-30614-1424", "naturezas": [{"especie": "\u00d3bito", "descricao": "Morte suspeita"}], "flagrante": "N\u00e3o", "lon": -46.7774249, "dataComunicacao": "09/03/2015", "solucao": "APRECIA\u00c7\u00c3O DO DELEGADO TITULAR", "local": "ESTRADA S\u00c3O FRANCISCO, 2400 - J TR\u00caS MARIAS - CEP: 06765465 - TABOAO DA SERRA - SP", "categoria": "MORTE_SUBITA_NATURAL", "dataOcorrencia": "09/03/2015", "examesRequisitados": "IML", "idDelegacia": "30614", "numero": "1424", "dataElaboracao": "09/03/2015", "tipoLocal": "Sa\u00fade", "lat": -23.6164992, "horaComunicacao": "20:17", "tipoBoletim": "Principal", "circunscricao": "01\u00ba D.P. TABO\u00c3O DA SERRA", "dependencia": "01\u00ba D.P. TABO\u00c3O DA SERRA"}