{"horaElaboracao": "11:25", "turnoOcorrencia": "A NOITE", "partesEnvolvidas": [{"naturalidade": "SAO PAULO-SP", "naturezasEnvolvidas": "Morte suspeita", "tipoEnvolvimento": "V\u00edtima", "nome": "ALICE VILLA NOVA PASCUINELLI", "nacionalidade": "BRASILEIRA", "sexo": "Feminino", "idade": "0", "dataNascimento": "08/06/2015", "cutis": "Branca"}], "idBO": "2015-10342-5062", "naturezas": [{"especie": "\u00d3bito", "descricao": "Morte suspeita"}], "flagrante": "N\u00e3o", "lon": -46.6470807, "dataComunicacao": "13/06/2015", "solucao": "ENCAMINHAMENTO DP \u00c1REA DO FATO", "local": "RUA DOS INGLESES, 258 - BELA VISTA - CEP: 01329000 - S.PAULO - SP", "categoria": "MORTE_SUBITA_NATURAL", "dataOcorrencia": "12/06/2015", "examesRequisitados": "IML", "idDelegacia": "10342", "numero": "5062", "dataElaboracao": "13/06/2015", "tipoLocal": "Sa\u00fade", "lat": -23.5600755, "horaComunicacao": "11:21", "tipoBoletim": "Principal", "circunscricao": "05\u00ba D.P. ACLIMACAO", "dependencia": "78\u00ba D.P. JARDINS"}