{"horaElaboracao": "09:39", "turnoOcorrencia": "PELA MANH\u00c3", "partesEnvolvidas": [{"naturalidade": "TERESINA -PI", "estadoCivil": "Casado", "naturezasEnvolvidas": "Morte suspeita", "tipoEnvolvimento": "V\u00edtima", "nome": "MARIA MARLENE DA SILVA CARDOSO", "instrucao": "2 Grau completo", "profissao": "APOSENTADO(A)", "nacionalidade": "BRASILEIRA", "sexo": "Feminino", "idade": "70", "rg": "6027538-SP", "dataNascimento": "25/11/1944", "cutis": "Parda"}], "idBO": "2015-10329-488", "naturezas": [{"especie": "\u00d3bito", "descricao": "Morte suspeita"}], "flagrante": "N\u00e3o", "lon": -46.5117106, "dataComunicacao": "11/02/2015", "solucao": "BO PARA INVESTIGA\u00c7\u00c3O", "local": "RUA FORTUNA DE MINAS - CIDADE LIDER - S.PAULO - SP", "categoria": "MORTE_ACIDENTAL", "dataOcorrencia": "11/02/2015", "examesRequisitados": "IC-IML", "idDelegacia": "10329", "numero": "488", "dataElaboracao": "11/02/2015", "tipoLocal": "Resid\u00eancia", "lat": -23.5570031, "horaComunicacao": "09:23", "tipoBoletim": "Principal", "circunscricao": "66\u00ba D.P. JDIM ARICANDUVA", "dependencia": "66\u00ba D.P. JDIM ARICANDUVA"}