{"horaElaboracao": "11:14", "turnoOcorrencia": "DE MADRUGADA", "partesEnvolvidas": [], "idBO": "2015-10336-3247", "naturezas": [{"especie": "\u00d3bito", "descricao": "Morte suspeita"}], "flagrante": "N\u00e3o", "lon": -46.56876510000001, "dataComunicacao": "03/04/2015", "solucao": "ENCAMINHAMENTO DP \u00c1REA DO FATO", "local": "RUA PISTOIA, 100 - VILA MARIA - CEP: 02189000 - S.PAULO - SP", "categoria": "SUICIDIO_DUVIDOSO", "dataOcorrencia": "03/04/2015", "examesRequisitados": "SVO", "idDelegacia": "10336", "numero": "3247", "dataElaboracao": "03/04/2015", "tipoLocal": "Sa\u00fade", "lat": -23.5079008, "horaComunicacao": "11:03", "tipoBoletim": "Principal", "circunscricao": "90\u00ba D.P. PQ. NOVO MUNDO", "dependencia": "73\u00ba D.P. JACANA"}