{"horaElaboracao": "11:57", "turnoOcorrencia": "PELA MANH\u00c3", "partesEnvolvidas": [{"naturalidade": "MOGI DAS CRUZES -SP", "estadoCivil": "Solteiro", "naturezasEnvolvidas": "Morte suspeita", "tipoEnvolvimento": "V\u00edtima", "nome": "FELIPE HENRIQUE DOS SANTOS", "instrucao": "2 Grau completo", "profissao": "AJUDANTE", "nacionalidade": "BRASILEIRA", "sexo": "Masculino", "idade": "20", "rg": "36972903-SP", "dataNascimento": "18/05/1995", "cutis": "Branca"}], "idBO": "2015-40204-2920", "naturezas": [{"especie": "\u00d3bito", "descricao": "Morte suspeita"}], "flagrante": "N\u00e3o", "lon": -46.6425996, "dataComunicacao": "26/09/2015", "solucao": "APRECIA\u00c7\u00c3O DO DELEGADO TITULAR", "local": "PRAIA DO GUARATUBA, FAIXA DE AREIA - GUARATUBA - CEP: 11250000 - BERTIOGA - SP", "categoria": "MORTE_SUBITA_NATURAL", "dataOcorrencia": "26/09/2015", "examesRequisitados": "IML", "idDelegacia": "40204", "numero": "2920", "dataElaboracao": "26/09/2015", "tipoLocal": "Lazer e recrea\u00e7\u00e3o", "lat": -23.6324182, "horaComunicacao": "11:51", "tipoBoletim": "Principal", "circunscricao": "DEL.POL.BERTIOGA", "dependencia": "DEL.POL.BERTIOGA"}